s,lambda_kappa_0,lambda_kappa_0_5,lambda_kappa_1,epsilon,epsilon_plus_alpha_s,s_dagger_kappa_0,s_dagger_kappa_0_5,s_dagger_kappa_1,lambda_max_kappa_0,lambda_max_kappa_0_5,lambda_max_kappa_1
0.0000000000,0.0000000000,0.0000000000,0.0000000000,0.1000000000,0.1000000000,0.4477477442,0.4639363624,0.4826524102,0.3135135345,0.2163818257,0.1040855389
0.0020000000,0.0031181534,0.0020052731,0.0008915642,0.1000000000,0.1007000000,0.4477477442,0.4639363624,0.4826524102,0.3135135345,0.2163818257,0.1040855389
0.0040000000,0.0062173341,0.0039998300,0.0017790253,0.1000000000,0.1014000000,0.4477477442,0.4639363624,0.4826524102,0.3135135345,0.2163818257,0.1040855389
0.0060000000,0.0092976011,0.0059836924,0.0026623868,0.1000000000,0.1021000000,0.4477477442,0.4639363624,0.4826524102,0.3135135345,0.2163818257,0.1040855389
0.0080000000,0.0123590135,0.0079568816,0.0035416525,0.1000000000,0.1028000000,0.4477477442,0.4639363624,0.4826524102,0.3135135345,0.2163818257,0.1040855389
0.0100000000,0.0154016298,0.0099194190,0.0044168260,0.1000000000,0.1035000000,0.4477477442,0.4639363624,0.4826524102,0.3135135345,0.2163818257,0.1040855389
0.0120000000,0.0184255085,0.0118713259,0.0052879110,0.1000000000,0.1042000000,0.4477477442,0.4639363624,0.4826524102,0.3135135345,0.2163818257,0.1040855389
0.0140000000,0.0214307078,0.0138126238,0.0061549110,0.1000000000,0.1049000000,0.4477477442,0.4639363624,0.4826524102,0.3135135345,0.2163818257,0.1040855389
0.0160000000,0.0244172856,0.0157433336,0.0070178299,0.1000000000,0.1056000000,0.4477477442,0.4639363624,0.4826524102,0.3135135345,0.2163818257,0.1040855389
0.0180000000,0.0273852996,0.0176634767,0.0078766711,0.1000000000,0.1063000000,0.4477477442,0.4639363624,0.4826524102,0.3135135345,0.2163818257,0.1040855389
0.0200000000,0.0303348073,0.0195730741,0.0087314383,0.1000000000,0.1070000000,0.4477477442,0.4639363624,0.4826524102,0.3135135345,0.2163818257,0.1040855389
0.0220000000,0.0332658659,0.0214721468,0.0095821351,0.1000000000,0.1077000000,0.4477477442,0.4639363624,0.4826524102,0.3135135345,0.2163818257,0.1040855389
0.0240000000,0.0361785324,0.0233607159,0.0104287653,0.1000000000,0.1084000000,0.4477477442,0.4639363624,0.4826524102,0.3135135345,0.2163818257,0.1040855389
0.0260000000,0.0390728635,0.0252388023,0.0112713323,0.1000000000,0.1091000000,0.4477477442,0.4639363624,0.4826524102,0.3135135345,0.2163818257,0.1040855389
0.0280000000,0.0419489158,0.0271064269,0.0121098398,0.1000000000,0.1098000000,0.4477477442,0.4639363624,0.4826524102,0.3135135345,0.2163818257,0.1040855389
0.0300000000,0.0448067456,0.0289636105,0.0129442915,0.1000000000,0.1105000000,0.4477477442,0.4639363624,0.4826524102,0.3135135345,0.2163818257,0.1040855389
0.0320000000,0.0476464088,0.0308103739,0.0137746908,0.1000000000,0.1112000000,0.4477477442,0.4639363624,0.4826524102,0.3135135345,0.2163818257,0.1040855389
0.0340000000,0.0504679614,0.0326467377,0.0146010415,0.1000000000,0.1119000000,0.4477477442,0.4639363624,0.4826524102,0.3135135345,0.2163818257,0.1040855389
0.0360000000,0.0532714590,0.0344727227,0.0154233472,0.1000000000,0.1126000000,0.4477477442,0.4639363624,0.4826524102,0.3135135345,0.2163818257,0.1040855389
0.0380000000,0.0560569569,0.0362883494,0.0162416113,0.1000000000,0.1133000000,0.4477477442,0.4639363624,0.4826524102,0.3135135345,0.2163818257,0.1040855389
0.0400000000,0.0588245102,0.0380936385,0.0170558376,0.1000000000,0.1140000000,0.4477477442,0.4639363624,0.4826524102,0.3135135345,0.2163818257,0.1040855389
0.0420000000,0.0615741739,0.0398886103,0.0178660295,0.1000000000,0.1147000000,0.4477477442,0.4639363624,0.4826524102,0.3135135345,0.2163818257,0.1040855389
0.0440000000,0.0643060027,0.0416732854,0.0186721907,0.1000000000,0.1154000000,0.4477477442,0.4639363624,0.4826524102,0.3135135345,0.2163818257,0.1040855389
0.0460000000,0.0670200511,0.0434476841,0.0194743248,0.1000000000,0.1161000000,0.4477477442,0.4639363624,0.4826524102,0.3135135345,0.2163818257,0.1040855389
0.0480000000,0.0697163733,0.0452118268,0.0202724354,0.1000000000,0.1168000000,0.4477477442,0.4639363624,0.4826524102,0.3135135345,0.2163818257,0.1040855389
0.0500000000,0.0723950233,0.0469657337,0.0210665259,0.1000000000,0.1175000000,0.4477477442,0.4639363624,0.4826524102,0.3135135345,0.2163818257,0.1040855389
0.0520000000,0.0750560550,0.0487094251,0.0218565999,0.1000000000,0.1182000000,0.4477477442,0.4639363624,0.4826524102,0.3135135345,0.2163818257,0.1040855389
0.0540000000,0.0776995220,0.0504429212,0.0226426612,0.1000000000,0.1189000000,0.4477477442,0.4639363624,0.4826524102,0.3135135345,0.2163818257,0.1040855389
0.0560000000,0.0803254775,0.0521662420,0.0234247130,0.1000000000,0.1196000000,0.4477477442,0.4639363624,0.4826524102,0.3135135345,0.2163818257,0.1040855389
0.0580000000,0.0829339749,0.0538794077,0.0242027591,0.1000000000,0.1203000000,0.4477477442,0.4639363624,0.4826524102,0.3135135345,0.2163818257,0.1040855389
0.0600000000,0.0855250671,0.0555824382,0.0249768030,0.1000000000,0.1210000000,0.4477477442,0.4639363624,0.4826524102,0.3135135345,0.2163818257,0.1040855389
0.0620000000,0.0880988067,0.0572753536,0.0257468483,0.1000000000,0.1217000000,0.4477477442,0.4639363624,0.4826524102,0.3135135345,0.2163818257,0.1040855389
0.0640000000,0.0906552463,0.0589581736,0.0265128983,0.1000000000,0.1224000000,0.4477477442,0.4639363624,0.4826524102,0.3135135345,0.2163818257,0.1040855389
0.0660000000,0.0931944382,0.0606309183,0.0272749568,0.1000000000,0.1231000000,0.4477477442,0.4639363624,0.4826524102,0.3135135345,0.2163818257,0.1040855389
0.0680000000,0.0957164345,0.0622936074,0.0280330272,0.1000000000,0.1238000000,0.4477477442,0.4639363624,0.4826524102,0.3135135345,0.2163818257,0.1040855389
0.0700000000,0.0982212871,0.0639462606,0.0287871131,0.1000000000,0.1245000000,0.4477477442,0.4639363624,0.4826524102,0.3135135345,0.2163818257,0.1040855389
0.0720000000,0.1007090477,0.0655888977,0.0295372179,0.1000000000,0.1252000000,0.4477477442,0.4639363624,0.4826524102,0.3135135345,0.2163818257,0.1040855389
0.0740000000,0.1031797677,0.0672215382,0.0302833453,0.1000000000,0.1259000000,0.4477477442,0.4639363624,0.4826524102,0.3135135345,0.2163818257,0.1040855389
0.0760000000,0.1056334984,0.0688442019,0.0310254986,0.1000000000,0.1266000000,0.4477477442,0.4639363624,0.4826524102,0.3135135345,0.2163818257,0.1040855389
0.0780000000,0.1080702909,0.0704569083,0.0317636815,0.1000000000,0.1273000000,0.4477477442,0.4639363624,0.4826524102,0.3135135345,0.2163818257,0.1040855389
0.0800000000,0.1104901961,0.0720596768,0.0324978974,0.1000000000,0.1280000000,0.4477477442,0.4639363624,0.4826524102,0.3135135345,0.2163818257,0.1040855389
0.0820000000,0.1128932645,0.0736525268,0.0332281498,0.1000000000,0.1287000000,0.4477477442,0.4639363624,0.4826524102,0.3135135345,0.2163818257,0.1040855389
0.0840000000,0.1152795467,0.0752354779,0.0339544423,0.1000000000,0.1294000000,0.4477477442,0.4639363624,0.4826524102,0.3135135345,0.2163818257,0.1040855389
0.0860000000,0.1176490928,0.0768085494,0.0346767783,0.1000000000,0.1301000000,0.4477477442,0.4639363624,0.4826524102,0.3135135345,0.2163818257,0.1040855389
0.0880000000,0.1200019530,0.0783717604,0.0353951613,0.1000000000,0.1308000000,0.4477477442,0.4639363624,0.4826524102,0.3135135345,0.2163818257,0.1040855389
0.0900000000,0.1223381770,0.0799251304,0.0361095948,0.1000000000,0.1315000000,0.4477477442,0.4639363624,0.4826524102,0.3135135345,0.2163818257,0.1040855389
0.0920000000,0.1246578146,0.0814686784,0.0368200823,0.1000000000,0.1322000000,0.4477477442,0.4639363624,0.4826524102,0.3135135345,0.2163818257,0.1040855389
0.0940000000,0.1269609152,0.0830024237,0.0375266272,0.1000000000,0.1329000000,0.4477477442,0.4639363624,0.4826524102,0.3135135345,0.2163818257,0.1040855389
0.0960000000,0.1292475280,0.0845263852,0.0382292331,0.1000000000,0.1336000000,0.4477477442,0.4639363624,0.4826524102,0.3135135345,0.2163818257,0.1040855389
0.0980000000,0.1315177021,0.0860405822,0.0389279034,0.1000000000,0.1343000000,0.4477477442,0.4639363624,0.4826524102,0.3135135345,0.2163818257,0.1040855389
0.1000000000,0.1337714863,0.0875450335,0.0396226415,0.1000000000,0.1350000000,0.4477477442,0.4639363624,0.4826524102,0.3135135345,0.2163818257,0.1040855389
0.1020000000,0.1360089295,0.0890397581,0.0403134510,0.1000000000,0.1357000000,0.4477477442,0.4639363624,0.4826524102,0.3135135345,0.2163818257,0.1040855389
0.1040000000,0.1382300799,0.0905247749,0.0410003352,0.1000000000,0.1364000000,0.4477477442,0.4639363624,0.4826524102,0.3135135345,0.2163818257,0.1040855389
0.1060000000,0.1404349860,0.0920001027,0.0416832977,0.1000000000,0.1371000000,0.4477477442,0.4639363624,0.4826524102,0.3135135345,0.2163818257,0.1040855389
0.1080000000,0.1426236958,0.0934657605,0.0423623419,0.1000000000,0.1378000000,0.4477477442,0.4639363624,0.4826524102,0.3135135345,0.2163818257,0.1040855389
0.1100000000,0.1447962572,0.0949217668,0.0430374712,0.1000000000,0.1385000000,0.4477477442,0.4639363624,0.4826524102,0.3135135345,0.2163818257,0.1040855389
0.1120000000,0.1469527179,0.0963681404,0.0437086891,0.1000000000,0.1392000000,0.4477477442,0.4639363624,0.4826524102,0.3135135345,0.2163818257,0.1040855389
0.1140000000,0.1490931255,0.0978049000,0.0443759990,0.1000000000,0.1399000000,0.4477477442,0.4639363624,0.4826524102,0.3135135345,0.2163818257,0.1040855389
0.1160000000,0.1512175274,0.0992320642,0.0450394043,0.1000000000,0.1406000000,0.4477477442,0.4639363624,0.4826524102,0.3135135345,0.2163818257,0.1040855389
0.1180000000,0.1533259706,0.1006496515,0.0456989085,0.1000000000,0.1413000000,0.4477477442,0.4639363624,0.4826524102,0.3135135345,0.2163818257,0.1040855389
0.1200000000,0.1554185022,0.1020576805,0.0463545151,0.1000000000,0.1420000000,0.4477477442,0.4639363624,0.4826524102,0.3135135345,0.2163818257,0.1040855389
0.1220000000,0.1574951689,0.1034561696,0.0470062273,0.1000000000,0.1427000000,0.4477477442,0.4639363624,0.4826524102,0.3135135345,0.2163818257,0.1040855389
0.1240000000,0.1595560174,0.1048451372,0.0476540486,0.1000000000,0.1434000000,0.4477477442,0.4639363624,0.4826524102,0.3135135345,0.2163818257,0.1040855389
0.1260000000,0.1616010941,0.1062246017,0.0482979825,0.1000000000,0.1441000000,0.4477477442,0.4639363624,0.4826524102,0.3135135345,0.2163818257,0.1040855389
0.1280000000,0.1636304452,0.1075945814,0.0489380324,0.1000000000,0.1448000000,0.4477477442,0.4639363624,0.4826524102,0.3135135345,0.2163818257,0.1040855389
0.1300000000,0.1656441168,0.1089550946,0.0495742016,0.1000000000,0.1455000000,0.4477477442,0.4639363624,0.4826524102,0.3135135345,0.2163818257,0.1040855389
0.1320000000,0.1676421547,0.1103061595,0.0502064936,0.1000000000,0.1462000000,0.4477477442,0.4639363624,0.4826524102,0.3135135345,0.2163818257,0.1040855389
0.1340000000,0.1696246047,0.1116477943,0.0508349118,0.1000000000,0.1469000000,0.4477477442,0.4639363624,0.4826524102,0.3135135345,0.2163818257,0.1040855389
0.1360000000,0.1715915124,0.1129800171,0.0514594595,0.1000000000,0.1476000000,0.4477477442,0.4639363624,0.4826524102,0.3135135345,0.2163818257,0.1040855389
0.1380000000,0.1735429229,0.1143028460,0.0520801401,0.1000000000,0.1483000000,0.4477477442,0.4639363624,0.4826524102,0.3135135345,0.2163818257,0.1040855389
0.1400000000,0.1754788816,0.1156162992,0.0526969571,0.1000000000,0.1490000000,0.4477477442,0.4639363624,0.4826524102,0.3135135345,0.2163818257,0.1040855389
0.1420000000,0.1773994334,0.1169203944,0.0533099137,0.1000000000,0.1497000000,0.4477477442,0.4639363624,0.4826524102,0.3135135345,0.2163818257,0.1040855389
0.1440000000,0.1793046232,0.1182151498,0.0539190135,0.1000000000,0.1504000000,0.4477477442,0.4639363624,0.4826524102,0.3135135345,0.2163818257,0.1040855389
0.1460000000,0.1811944955,0.1195005832,0.0545242597,0.1000000000,0.1511000000,0.4477477442,0.4639363624,0.4826524102,0.3135135345,0.2163818257,0.1040855389
0.1480000000,0.1830690949,0.1207767124,0.0551256558,0.1000000000,0.1518000000,0.4477477442,0.4639363624,0.4826524102,0.3135135345,0.2163818257,0.1040855389
0.1500000000,0.1849284657,0.1220435553,0.0557232050,0.1000000000,0.1525000000,0.4477477442,0.4639363624,0.4826524102,0.3135135345,0.2163818257,0.1040855389
0.1520000000,0.1867726520,0.1233011297,0.0563169108,0.1000000000,0.1532000000,0.4477477442,0.4639363624,0.4826524102,0.3135135345,0.2163818257,0.1040855389
0.1540000000,0.1886016978,0.1245494532,0.0569067765,0.1000000000,0.1539000000,0.4477477442,0.4639363624,0.4826524102,0.3135135345,0.2163818257,0.1040855389
0.1560000000,0.1904156468,0.1257885436,0.0574928055,0.1000000000,0.1546000000,0.4477477442,0.4639363624,0.4826524102,0.3135135345,0.2163818257,0.1040855389
0.1580000000,0.1922145427,0.1270184184,0.0580750010,0.1000000000,0.1553000000,0.4477477442,0.4639363624,0.4826524102,0.3135135345,0.2163818257,0.1040855389
0.1600000000,0.1939984289,0.1282390953,0.0586533666,0.1000000000,0.1560000000,0.4477477442,0.4639363624,0.4826524102,0.3135135345,0.2163818257,0.1040855389
0.1620000000,0.1957673488,0.1294505918,0.0592279054,0.1000000000,0.1567000000,0.4477477442,0.4639363624,0.4826524102,0.3135135345,0.2163818257,0.1040855389
0.1640000000,0.1975213454,0.1306529254,0.0597986209,0.1000000000,0.1574000000,0.4477477442,0.4639363624,0.4826524102,0.3135135345,0.2163818257,0.1040855389
0.1660000000,0.1992604617,0.1318461135,0.0603655164,0.1000000000,0.1581000000,0.4477477442,0.4639363624,0.4826524102,0.3135135345,0.2163818257,0.1040855389
0.1680000000,0.2009847406,0.1330301736,0.0609285952,0.1000000000,0.1588000000,0.4477477442,0.4639363624,0.4826524102,0.3135135345,0.2163818257,0.1040855389
0.1700000000,0.2026942246,0.1342051230,0.0614878606,0.1000000000,0.1595000000,0.4477477442,0.4639363624,0.4826524102,0.3135135345,0.2163818257,0.1040855389
0.1720000000,0.2043889561,0.1353709791,0.0620433159,0.1000000000,0.1602000000,0.4477477442,0.4639363624,0.4826524102,0.3135135345,0.2163818257,0.1040855389
0.1740000000,0.2060689776,0.1365277591,0.0625949645,0.1000000000,0.1609000000,0.4477477442,0.4639363624,0.4826524102,0.3135135345,0.2163818257,0.1040855389
0.1760000000,0.2077343312,0.1376754802,0.0631428098,0.1000000000,0.1616000000,0.4477477442,0.4639363624,0.4826524102,0.3135135345,0.2163818257,0.1040855389
0.1780000000,0.2093850587,0.1388141596,0.0636868549,0.1000000000,0.1623000000,0.4477477442,0.4639363624,0.4826524102,0.3135135345,0.2163818257,0.1040855389
0.1800000000,0.2110212021,0.1399438146,0.0642271032,0.1000000000,0.1630000000,0.4477477442,0.4639363624,0.4826524102,0.3135135345,0.2163818257,0.1040855389
0.1820000000,0.2126428030,0.1410644621,0.0647635580,0.1000000000,0.1637000000,0.4477477442,0.4639363624,0.4826524102,0.3135135345,0.2163818257,0.1040855389
0.1840000000,0.2142499029,0.1421761193,0.0652962227,0.1000000000,0.1644000000,0.4477477442,0.4639363624,0.4826524102,0.3135135345,0.2163818257,0.1040855389
0.1860000000,0.2158425432,0.1432788031,0.0658251004,0.1000000000,0.1651000000,0.4477477442,0.4639363624,0.4826524102,0.3135135345,0.2163818257,0.1040855389
0.1880000000,0.2174207650,0.1443725306,0.0663501946,0.1000000000,0.1658000000,0.4477477442,0.4639363624,0.4826524102,0.3135135345,0.2163818257,0.1040855389
0.1900000000,0.2189846094,0.1454573186,0.0668715084,0.1000000000,0.1665000000,0.4477477442,0.4639363624,0.4826524102,0.3135135345,0.2163818257,0.1040855389
0.1920000000,0.2205341173,0.1465331841,0.0673890452,0.1000000000,0.1672000000,0.4477477442,0.4639363624,0.4826524102,0.3135135345,0.2163818257,0.1040855389
0.1940000000,0.2220693293,0.1476001438,0.0679028082,0.1000000000,0.1679000000,0.4477477442,0.4639363624,0.4826524102,0.3135135345,0.2163818257,0.1040855389
0.1960000000,0.2235902861,0.1486582147,0.0684128008,0.1000000000,0.1686000000,0.4477477442,0.4639363624,0.4826524102,0.3135135345,0.2163818257,0.1040855389
0.1980000000,0.2250970280,0.1497074134,0.0689190262,0.1000000000,0.1693000000,0.4477477442,0.4639363624,0.4826524102,0.3135135345,0.2163818257,0.1040855389
0.2000000000,0.2265895954,0.1507477567,0.0694214876,0.1000000000,0.1700000000,0.4477477442,0.4639363624,0.4826524102,0.3135135345,0.2163818257,0.1040855389
0.2020000000,0.2280680283,0.1517792613,0.0699201884,0.1000000000,0.1707000000,0.4477477442,0.4639363624,0.4826524102,0.3135135345,0.2163818257,0.1040855389
0.2040000000,0.2295323666,0.1528019437,0.0704151317,0.1000000000,0.1714000000,0.4477477442,0.4639363624,0.4826524102,0.3135135345,0.2163818257,0.1040855389
0.2060000000,0.2309826503,0.1538158206,0.0709063210,0.1000000000,0.1721000000,0.4477477442,0.4639363624,0.4826524102,0.3135135345,0.2163818257,0.1040855389
0.2080000000,0.2324189189,0.1548209086,0.0713937593,0.1000000000,0.1728000000,0.4477477442,0.4639363624,0.4826524102,0.3135135345,0.2163818257,0.1040855389
0.2100000000,0.2338412120,0.1558172241,0.0718774500,0.1000000000,0.1735000000,0.4477477442,0.4639363624,0.4826524102,0.3135135345,0.2163818257,0.1040855389
0.2120000000,0.2352495689,0.1568047836,0.0723573963,0.1000000000,0.1742000000,0.4477477442,0.4639363624,0.4826524102,0.3135135345,0.2163818257,0.1040855389
0.2140000000,0.2366440289,0.1577836035,0.0728336014,0.1000000000,0.1749000000,0.4477477442,0.4639363624,0.4826524102,0.3135135345,0.2163818257,0.1040855389
0.2160000000,0.2380246309,0.1587537002,0.0733060686,0.1000000000,0.1756000000,0.4477477442,0.4639363624,0.4826524102,0.3135135345,0.2163818257,0.1040855389
0.2180000000,0.2393914140,0.1597150902,0.0737748011,0.1000000000,0.1763000000,0.4477477442,0.4639363624,0.4826524102,0.3135135345,0.2163818257,0.1040855389
0.2200000000,0.2407444169,0.1606677896,0.0742398022,0.1000000000,0.1770000000,0.4477477442,0.4639363624,0.4826524102,0.3135135345,0.2163818257,0.1040855389
0.2220000000,0.2420836782,0.1616118147,0.0747010751,0.1000000000,0.1777000000,0.4477477442,0.4639363624,0.4826524102,0.3135135345,0.2163818257,0.1040855389
0.2240000000,0.2434092364,0.1625471818,0.0751586230,0.1000000000,0.1784000000,0.4477477442,0.4639363624,0.4826524102,0.3135135345,0.2163818257,0.1040855389
0.2260000000,0.2447211299,0.1634739070,0.0756124491,0.1000000000,0.1791000000,0.4477477442,0.4639363624,0.4826524102,0.3135135345,0.2163818257,0.1040855389
0.2280000000,0.2460193968,0.1643920065,0.0760625566,0.1000000000,0.1798000000,0.4477477442,0.4639363624,0.4826524102,0.3135135345,0.2163818257,0.1040855389
0.2300000000,0.2473040752,0.1653014964,0.0765089488,0.1000000000,0.1805000000,0.4477477442,0.4639363624,0.4826524102,0.3135135345,0.2163818257,0.1040855389
0.2320000000,0.2485752031,0.1662023927,0.0769516288,0.1000000000,0.1812000000,0.4477477442,0.4639363624,0.4826524102,0.3135135345,0.2163818257,0.1040855389
0.2340000000,0.2498328182,0.1670947115,0.0773905999,0.1000000000,0.1819000000,0.4477477442,0.4639363624,0.4826524102,0.3135135345,0.2163818257,0.1040855389
0.2360000000,0.2510769581,0.1679784688,0.0778258653,0.1000000000,0.1826000000,0.4477477442,0.4639363624,0.4826524102,0.3135135345,0.2163818257,0.1040855389
0.2380000000,0.2523076603,0.1688536804,0.0782574282,0.1000000000,0.1833000000,0.4477477442,0.4639363624,0.4826524102,0.3135135345,0.2163818257,0.1040855389
0.2400000000,0.2535249622,0.1697203623,0.0786852917,0.1000000000,0.1840000000,0.4477477442,0.4639363624,0.4826524102,0.3135135345,0.2163818257,0.1040855389
0.2420000000,0.2547289010,0.1705785305,0.0791094591,0.1000000000,0.1847000000,0.4477477442,0.4639363624,0.4826524102,0.3135135345,0.2163818257,0.1040855389
0.2440000000,0.2559195138,0.1714282005,0.0795299335,0.1000000000,0.1854000000,0.4477477442,0.4639363624,0.4826524102,0.3135135345,0.2163818257,0.1040855389
0.2460000000,0.2570968375,0.1722693884,0.0799467181,0.1000000000,0.1861000000,0.4477477442,0.4639363624,0.4826524102,0.3135135345,0.2163818257,0.1040855389
0.2480000000,0.2582609089,0.1731021098,0.0803598162,0.1000000000,0.1868000000,0.4477477442,0.4639363624,0.4826524102,0.3135135345,0.2163818257,0.1040855389
0.2500000000,0.2594117647,0.1739263804,0.0807692308,0.1000000000,0.1875000000,0.4477477442,0.4639363624,0.4826524102,0.3135135345,0.2163818257,0.1040855389
0.2520000000,0.2605494415,0.1747422159,0.0811749651,0.1000000000,0.1882000000,0.4477477442,0.4639363624,0.4826524102,0.3135135345,0.2163818257,0.1040855389
0.2540000000,0.2616739755,0.1755496319,0.0815770224,0.1000000000,0.1889000000,0.4477477442,0.4639363624,0.4826524102,0.3135135345,0.2163818257,0.1040855389
0.2560000000,0.2627854032,0.1763486440,0.0819754058,0.1000000000,0.1896000000,0.4477477442,0.4639363624,0.4826524102,0.3135135345,0.2163818257,0.1040855389
0.2580000000,0.2638837606,0.1771392678,0.0823701184,0.1000000000,0.1903000000,0.4477477442,0.4639363624,0.4826524102,0.3135135345,0.2163818257,0.1040855389
0.2600000000,0.2649690838,0.1779215187,0.0827611635,0.1000000000,0.1910000000,0.4477477442,0.4639363624,0.4826524102,0.3135135345,0.2163818257,0.1040855389
0.2620000000,0.2660414085,0.1786954124,0.0831485440,0.1000000000,0.1917000000,0.4477477442,0.4639363624,0.4826524102,0.3135135345,0.2163818257,0.1040855389
0.2640000000,0.2671007706,0.1794609641,0.0835322633,0.1000000000,0.1924000000,0.4477477442,0.4639363624,0.4826524102,0.3135135345,0.2163818257,0.1040855389
0.2660000000,0.2681472056,0.1802181893,0.0839123245,0.1000000000,0.1931000000,0.4477477442,0.4639363624,0.4826524102,0.3135135345,0.2163818257,0.1040855389
0.2680000000,0.2691807490,0.1809671033,0.0842887307,0.1000000000,0.1938000000,0.4477477442,0.4639363624,0.4826524102,0.3135135345,0.2163818257,0.1040855389
0.2700000000,0.2702014362,0.1817077216,0.0846614850,0.1000000000,0.1945000000,0.4477477442,0.4639363624,0.4826524102,0.3135135345,0.2163818257,0.1040855389
0.2720000000,0.2712093023,0.1824400593,0.0850305905,0.1000000000,0.1952000000,0.4477477442,0.4639363624,0.4826524102,0.3135135345,0.2163818257,0.1040855389
0.2740000000,0.2722043826,0.1831641317,0.0853960505,0.1000000000,0.1959000000,0.4477477442,0.4639363624,0.4826524102,0.3135135345,0.2163818257,0.1040855389
0.2760000000,0.2731867118,0.1838799540,0.0857578681,0.1000000000,0.1966000000,0.4477477442,0.4639363624,0.4826524102,0.3135135345,0.2163818257,0.1040855389
0.2780000000,0.2741563249,0.1845875415,0.0861160463,0.1000000000,0.1973000000,0.4477477442,0.4639363624,0.4826524102,0.3135135345,0.2163818257,0.1040855389
0.2800000000,0.2751132566,0.1852869092,0.0864705882,0.1000000000,0.1980000000,0.4477477442,0.4639363624,0.4826524102,0.3135135345,0.2163818257,0.1040855389
0.2820000000,0.2760575414,0.1859780722,0.0868214971,0.1000000000,0.1987000000,0.4477477442,0.4639363624,0.4826524102,0.3135135345,0.2163818257,0.1040855389
0.2840000000,0.2769892138,0.1866610456,0.0871687760,0.1000000000,0.1994000000,0.4477477442,0.4639363624,0.4826524102,0.3135135345,0.2163818257,0.1040855389
0.2860000000,0.2779083082,0.1873358444,0.0875124281,0.1000000000,0.2001000000,0.4477477442,0.4639363624,0.4826524102,0.3135135345,0.2163818257,0.1040855389
0.2880000000,0.2788148587,0.1880024837,0.0878524563,0.1000000000,0.2008000000,0.4477477442,0.4639363624,0.4826524102,0.3135135345,0.2163818257,0.1040855389
0.2900000000,0.2797088994,0.1886609783,0.0881888640,0.1000000000,0.2015000000,0.4477477442,0.4639363624,0.4826524102,0.3135135345,0.2163818257,0.1040855389
0.2920000000,0.2805904642,0.1893113432,0.0885216540,0.1000000000,0.2022000000,0.4477477442,0.4639363624,0.4826524102,0.3135135345,0.2163818257,0.1040855389
0.2940000000,0.2814595871,0.1899535933,0.0888508296,0.1000000000,0.2029000000,0.4477477442,0.4639363624,0.4826524102,0.3135135345,0.2163818257,0.1040855389
0.2960000000,0.2823163017,0.1905877434,0.0891763939,0.1000000000,0.2036000000,0.4477477442,0.4639363624,0.4826524102,0.3135135345,0.2163818257,0.1040855389
0.2980000000,0.2831606416,0.1912138083,0.0894983498,0.1000000000,0.2043000000,0.4477477442,0.4639363624,0.4826524102,0.3135135345,0.2163818257,0.1040855389
0.3000000000,0.2839926403,0.1918318028,0.0898167006,0.1000000000,0.2050000000,0.4477477442,0.4639363624,0.4826524102,0.3135135345,0.2163818257,0.1040855389
0.3020000000,0.2848123311,0.1924417416,0.0901314493,0.1000000000,0.2057000000,0.4477477442,0.4639363624,0.4826524102,0.3135135345,0.2163818257,0.1040855389
0.3040000000,0.2856197473,0.1930436395,0.0904425989,0.1000000000,0.2064000000,0.4477477442,0.4639363624,0.4826524102,0.3135135345,0.2163818257,0.1040855389
0.3060000000,0.2864149219,0.1936375110,0.0907501526,0.1000000000,0.2071000000,0.4477477442,0.4639363624,0.4826524102,0.3135135345,0.2163818257,0.1040855389
0.3080000000,0.2871978880,0.1942233708,0.0910541134,0.1000000000,0.2078000000,0.4477477442,0.4639363624,0.4826524102,0.3135135345,0.2163818257,0.1040855389
0.3100000000,0.2879686785,0.1948012336,0.0913544844,0.1000000000,0.2085000000,0.4477477442,0.4639363624,0.4826524102,0.3135135345,0.2163818257,0.1040855389
0.3120000000,0.2887273260,0.1953711138,0.0916512687,0.1000000000,0.2092000000,0.4477477442,0.4639363624,0.4826524102,0.3135135345,0.2163818257,0.1040855389
0.3140000000,0.2894738632,0.1959330260,0.0919444693,0.1000000000,0.2099000000,0.4477477442,0.4639363624,0.4826524102,0.3135135345,0.2163818257,0.1040855389
0.3160000000,0.2902083227,0.1964869846,0.0922340892,0.1000000000,0.2106000000,0.4477477442,0.4639363624,0.4826524102,0.3135135345,0.2163818257,0.1040855389
0.3180000000,0.2909307368,0.1970330042,0.0925201316,0.1000000000,0.2113000000,0.4477477442,0.4639363624,0.4826524102,0.3135135345,0.2163818257,0.1040855389
0.3200000000,0.2916411379,0.1975710992,0.0928025995,0.1000000000,0.2120000000,0.4477477442,0.4639363624,0.4826524102,0.3135135345,0.2163818257,0.1040855389
0.3220000000,0.2923395580,0.1981012838,0.0930814959,0.1000000000,0.2127000000,0.4477477442,0.4639363624,0.4826524102,0.3135135345,0.2163818257,0.1040855389
0.3240000000,0.2930260293,0.1986235725,0.0933568239,0.1000000000,0.2134000000,0.4477477442,0.4639363624,0.4826524102,0.3135135345,0.2163818257,0.1040855389
0.3260000000,0.2937005838,0.1991379796,0.0936285865,0.1000000000,0.2141000000,0.4477477442,0.4639363624,0.4826524102,0.3135135345,0.2163818257,0.1040855389
0.3280000000,0.2943632531,0.1996445194,0.0938967868,0.1000000000,0.2148000000,0.4477477442,0.4639363624,0.4826524102,0.3135135345,0.2163818257,0.1040855389
0.3300000000,0.2950140692,0.2001432061,0.0941614277,0.1000000000,0.2155000000,0.4477477442,0.4639363624,0.4826524102,0.3135135345,0.2163818257,0.1040855389
0.3320000000,0.2956530634,0.2006340539,0.0944225124,0.1000000000,0.2162000000,0.4477477442,0.4639363624,0.4826524102,0.3135135345,0.2163818257,0.1040855389
0.3340000000,0.2962802675,0.2011170770,0.0946800438,0.1000000000,0.2169000000,0.4477477442,0.4639363624,0.4826524102,0.3135135345,0.2163818257,0.1040855389
0.3360000000,0.2968957126,0.2015922895,0.0949340250,0.1000000000,0.2176000000,0.4477477442,0.4639363624,0.4826524102,0.3135135345,0.2163818257,0.1040855389
0.3380000000,0.2974994302,0.2020597055,0.0951844589,0.1000000000,0.2183000000,0.4477477442,0.4639363624,0.4826524102,0.3135135345,0.2163818257,0.1040855389
0.3400000000,0.2980914513,0.2025193391,0.0954313487,0.1000000000,0.2190000000,0.4477477442,0.4639363624,0.4826524102,0.3135135345,0.2163818257,0.1040855389
0.3420000000,0.2986718070,0.2029712044,0.0956746973,0.1000000000,0.2197000000,0.4477477442,0.4639363624,0.4826524102,0.3135135345,0.2163818257,0.1040855389
0.3440000000,0.2992405283,0.2034153153,0.0959145078,0.1000000000,0.2204000000,0.4477477442,0.4639363624,0.4826524102,0.3135135345,0.2163818257,0.1040855389
0.3460000000,0.2997976459,0.2038516859,0.0961507831,0.1000000000,0.2211000000,0.4477477442,0.4639363624,0.4826524102,0.3135135345,0.2163818257,0.1040855389
0.3480000000,0.3003431906,0.2042803300,0.0963835262,0.1000000000,0.2218000000,0.4477477442,0.4639363624,0.4826524102,0.3135135345,0.2163818257,0.1040855389
0.3500000000,0.3008771930,0.2047012616,0.0966127401,0.1000000000,0.2225000000,0.4477477442,0.4639363624,0.4826524102,0.3135135345,0.2163818257,0.1040855389
0.3520000000,0.3013996836,0.2051144945,0.0968384279,0.1000000000,0.2232000000,0.4477477442,0.4639363624,0.4826524102,0.3135135345,0.2163818257,0.1040855389
0.3540000000,0.3019106928,0.2055200426,0.0970605926,0.1000000000,0.2239000000,0.4477477442,0.4639363624,0.4826524102,0.3135135345,0.2163818257,0.1040855389
0.3560000000,0.3024102509,0.2059179197,0.0972792370,0.1000000000,0.2246000000,0.4477477442,0.4639363624,0.4826524102,0.3135135345,0.2163818257,0.1040855389
0.3580000000,0.3028983881,0.2063081395,0.0974943643,0.1000000000,0.2253000000,0.4477477442,0.4639363624,0.4826524102,0.3135135345,0.2163818257,0.1040855389
0.3600000000,0.3033751344,0.2066907158,0.0977059774,0.1000000000,0.2260000000,0.4477477442,0.4639363624,0.4826524102,0.3135135345,0.2163818257,0.1040855389
0.3620000000,0.3038405198,0.2070656623,0.0979140792,0.1000000000,0.2267000000,0.4477477442,0.4639363624,0.4826524102,0.3135135345,0.2163818257,0.1040855389
0.3640000000,0.3042945742,0.2074329926,0.0981186728,0.1000000000,0.2274000000,0.4477477442,0.4639363624,0.4826524102,0.3135135345,0.2163818257,0.1040855389
0.3660000000,0.3047373274,0.2077927205,0.0983197611,0.1000000000,0.2281000000,0.4477477442,0.4639363624,0.4826524102,0.3135135345,0.2163818257,0.1040855389
0.3680000000,0.3051688089,0.2081448595,0.0985173471,0.1000000000,0.2288000000,0.4477477442,0.4639363624,0.4826524102,0.3135135345,0.2163818257,0.1040855389
0.3700000000,0.3055890484,0.2084894231,0.0987114338,0.1000000000,0.2295000000,0.4477477442,0.4639363624,0.4826524102,0.3135135345,0.2163818257,0.1040855389
0.3720000000,0.3059980753,0.2088264250,0.0989020240,0.1000000000,0.2302000000,0.4477477442,0.4639363624,0.4826524102,0.3135135345,0.2163818257,0.1040855389
0.3740000000,0.3063959190,0.2091558787,0.0990891209,0.1000000000,0.2309000000,0.4477477442,0.4639363624,0.4826524102,0.3135135345,0.2163818257,0.1040855389
0.3760000000,0.3067826087,0.2094777975,0.0992727273,0.1000000000,0.2316000000,0.4477477442,0.4639363624,0.4826524102,0.3135135345,0.2163818257,0.1040855389
0.3780000000,0.3071581735,0.2097921950,0.0994528462,0.1000000000,0.2323000000,0.4477477442,0.4639363624,0.4826524102,0.3135135345,0.2163818257,0.1040855389
0.3800000000,0.3075226425,0.2100990846,0.0996294805,0.1000000000,0.2330000000,0.4477477442,0.4639363624,0.4826524102,0.3135135345,0.2163818257,0.1040855389
0.3820000000,0.3078760446,0.2103984797,0.0998026332,0.1000000000,0.2337000000,0.4477477442,0.4639363624,0.4826524102,0.3135135345,0.2163818257,0.1040855389
0.3840000000,0.3082184087,0.2106903936,0.0999723072,0.1000000000,0.2344000000,0.4477477442,0.4639363624,0.4826524102,0.3135135345,0.2163818257,0.1040855389
0.3860000000,0.3085497635,0.2109748396,0.1001385055,0.1000000000,0.2351000000,0.4477477442,0.4639363624,0.4826524102,0.3135135345,0.2163818257,0.1040855389
0.3880000000,0.3088701377,0.2112518311,0.1003012310,0.1000000000,0.2358000000,0.4477477442,0.4639363624,0.4826524102,0.3135135345,0.2163818257,0.1040855389
0.3900000000,0.3091795597,0.2115213812,0.1004604866,0.1000000000,0.2365000000,0.4477477442,0.4639363624,0.4826524102,0.3135135345,0.2163818257,0.1040855389
0.3920000000,0.3094780581,0.2117835032,0.1006162753,0.1000000000,0.2372000000,0.4477477442,0.4639363624,0.4826524102,0.3135135345,0.2163818257,0.1040855389
0.3940000000,0.3097656611,0.2120382103,0.1007686000,0.1000000000,0.2379000000,0.4477477442,0.4639363624,0.4826524102,0.3135135345,0.2163818257,0.1040855389
0.3960000000,0.3100423971,0.2122855157,0.1009174636,0.1000000000,0.2386000000,0.4477477442,0.4639363624,0.4826524102,0.3135135345,0.2163818257,0.1040855389
0.3980000000,0.3103082941,0.2125254325,0.1010628691,0.1000000000,0.2393000000,0.4477477442,0.4639363624,0.4826524102,0.3135135345,0.2163818257,0.1040855389
0.4000000000,0.3105633803,0.2127579737,0.1012048193,0.1000000000,0.2400000000,0.4477477442,0.4639363624,0.4826524102,0.3135135345,0.2163818257,0.1040855389
0.4020000000,0.3108076835,0.2129831525,0.1013433171,0.1000000000,0.2407000000,0.4477477442,0.4639363624,0.4826524102,0.3135135345,0.2163818257,0.1040855389
0.4040000000,0.3110412317,0.2132009820,0.1014783656,0.1000000000,0.2414000000,0.4477477442,0.4639363624,0.4826524102,0.3135135345,0.2163818257,0.1040855389
0.4060000000,0.3112640525,0.2134114750,0.1016099675,0.1000000000,0.2421000000,0.4477477442,0.4639363624,0.4826524102,0.3135135345,0.2163818257,0.1040855389
0.4080000000,0.3114761738,0.2136146446,0.1017381258,0.1000000000,0.2428000000,0.4477477442,0.4639363624,0.4826524102,0.3135135345,0.2163818257,0.1040855389
0.4100000000,0.3116776229,0.2138105037,0.1018628434,0.1000000000,0.2435000000,0.4477477442,0.4639363624,0.4826524102,0.3135135345,0.2163818257,0.1040855389
0.4120000000,0.3118684275,0.2139990652,0.1019841232,0.1000000000,0.2442000000,0.4477477442,0.4639363624,0.4826524102,0.3135135345,0.2163818257,0.1040855389
0.4140000000,0.3120486149,0.2141803421,0.1021019680,0.1000000000,0.2449000000,0.4477477442,0.4639363624,0.4826524102,0.3135135345,0.2163818257,0.1040855389
0.4160000000,0.3122182123,0.2143543472,0.1022163808,0.1000000000,0.2456000000,0.4477477442,0.4639363624,0.4826524102,0.3135135345,0.2163818257,0.1040855389
0.4180000000,0.3123772471,0.2145210932,0.1023273645,0.1000000000,0.2463000000,0.4477477442,0.4639363624,0.4826524102,0.3135135345,0.2163818257,0.1040855389
0.4200000000,0.3125257462,0.2146805931,0.1024349219,0.1000000000,0.2470000000,0.4477477442,0.4639363624,0.4826524102,0.3135135345,0.2163818257,0.1040855389
0.4220000000,0.3126637367,0.2148328596,0.1025390559,0.1000000000,0.2477000000,0.4477477442,0.4639363624,0.4826524102,0.3135135345,0.2163818257,0.1040855389
0.4240000000,0.3127912456,0.2149779053,0.1026397695,0.1000000000,0.2484000000,0.4477477442,0.4639363624,0.4826524102,0.3135135345,0.2163818257,0.1040855389
0.4260000000,0.3129082995,0.2151157430,0.1027370653,0.1000000000,0.2491000000,0.4477477442,0.4639363624,0.4826524102,0.3135135345,0.2163818257,0.1040855389
0.4280000000,0.3130149254,0.2152463854,0.1028309465,0.1000000000,0.2498000000,0.4477477442,0.4639363624,0.4826524102,0.3135135345,0.2163818257,0.1040855389
0.4300000000,0.3131111497,0.2153698452,0.1029214157,0.1000000000,0.2505000000,0.4477477442,0.4639363624,0.4826524102,0.3135135345,0.2163818257,0.1040855389
0.4320000000,0.3131969992,0.2154861349,0.1030084759,0.1000000000,0.2512000000,0.4477477442,0.4639363624,0.4826524102,0.3135135345,0.2163818257,0.1040855389
0.4340000000,0.3132725001,0.2155952671,0.1030921300,0.1000000000,0.2519000000,0.4477477442,0.4639363624,0.4826524102,0.3135135345,0.2163818257,0.1040855389
0.4360000000,0.3133376790,0.2156972543,0.1031723807,0.1000000000,0.2526000000,0.4477477442,0.4639363624,0.4826524102,0.3135135345,0.2163818257,0.1040855389
0.4380000000,0.3133925621,0.2157921092,0.1032492310,0.1000000000,0.2533000000,0.4477477442,0.4639363624,0.4826524102,0.3135135345,0.2163818257,0.1040855389
0.4400000000,0.3134371755,0.2158798442,0.1033226837,0.1000000000,0.2540000000,0.4477477442,0.4639363624,0.4826524102,0.3135135345,0.2163818257,0.1040855389
0.4420000000,0.3134715454,0.2159604718,0.1033927416,0.1000000000,0.2547000000,0.4477477442,0.4639363624,0.4826524102,0.3135135345,0.2163818257,0.1040855389
0.4440000000,0.3134956978,0.2160340044,0.1034594077,0.1000000000,0.2554000000,0.4477477442,0.4639363624,0.4826524102,0.3135135345,0.2163818257,0.1040855389
0.4460000000,0.3135096587,0.2161004544,0.1035226846,0.1000000000,0.2561000000,0.4477477442,0.4639363624,0.4826524102,0.3135135345,0.2163818257,0.1040855389
0.4480000000,0.3135134538,0.2161598342,0.1035825754,0.1000000000,0.2568000000,0.4477477442,0.4639363624,0.4826524102,0.3135135345,0.2163818257,0.1040855389
0.4500000000,0.3135071090,0.2162121562,0.1036390828,0.1000000000,0.2575000000,0.4477477442,0.4639363624,0.4826524102,0.3135135345,0.2163818257,0.1040855389
0.4520000000,0.3134906499,0.2162574327,0.1036922096,0.1000000000,0.2582000000,0.4477477442,0.4639363624,0.4826524102,0.3135135345,0.2163818257,0.1040855389
0.4540000000,0.3134641020,0.2162956759,0.1037419586,0.1000000000,0.2589000000,0.4477477442,0.4639363624,0.4826524102,0.3135135345,0.2163818257,0.1040855389
0.4560000000,0.3134274909,0.2163268982,0.1037883328,0.1000000000,0.2596000000,0.4477477442,0.4639363624,0.4826524102,0.3135135345,0.2163818257,0.1040855389
0.4580000000,0.3133808420,0.2163511118,0.1038313349,0.1000000000,0.2603000000,0.4477477442,0.4639363624,0.4826524102,0.3135135345,0.2163818257,0.1040855389
0.4600000000,0.3133241805,0.2163683289,0.1038709677,0.1000000000,0.2610000000,0.4477477442,0.4639363624,0.4826524102,0.3135135345,0.2163818257,0.1040855389
0.4620000000,0.3132575319,0.2163785616,0.1039072341,0.1000000000,0.2617000000,0.4477477442,0.4639363624,0.4826524102,0.3135135345,0.2163818257,0.1040855389
0.4640000000,0.3131809211,0.2163818222,0.1039401369,0.1000000000,0.2624000000,0.4477477442,0.4639363624,0.4826524102,0.3135135345,0.2163818257,0.1040855389
0.4660000000,0.3130943732,0.2163781227,0.1039696789,0.1000000000,0.2631000000,0.4477477442,0.4639363624,0.4826524102,0.3135135345,0.2163818257,0.1040855389
0.4680000000,0.3129979133,0.2163674753,0.1039958628,0.1000000000,0.2638000000,0.4477477442,0.4639363624,0.4826524102,0.3135135345,0.2163818257,0.1040855389
0.4700000000,0.3128915663,0.2163498920,0.1040186916,0.1000000000,0.2645000000,0.4477477442,0.4639363624,0.4826524102,0.3135135345,0.2163818257,0.1040855389
0.4720000000,0.3127753569,0.2163253849,0.1040381679,0.1000000000,0.2652000000,0.4477477442,0.4639363624,0.4826524102,0.3135135345,0.2163818257,0.1040855389
0.4740000000,0.3126493099,0.2162939659,0.1040542947,0.1000000000,0.2659000000,0.4477477442,0.4639363624,0.4826524102,0.3135135345,0.2163818257,0.1040855389
0.4760000000,0.3125134499,0.2162556471,0.1040670746,0.1000000000,0.2666000000,0.4477477442,0.4639363624,0.4826524102,0.3135135345,0.2163818257,0.1040855389
0.4780000000,0.3123678016,0.2162104404,0.1040765105,0.1000000000,0.2673000000,0.4477477442,0.4639363624,0.4826524102,0.3135135345,0.2163818257,0.1040855389
0.4800000000,0.3122123894,0.2161583578,0.1040826052,0.1000000000,0.2680000000,0.4477477442,0.4639363624,0.4826524102,0.3135135345,0.2163818257,0.1040855389
0.4820000000,0.3120472377,0.2160994111,0.1040853615,0.1000000000,0.2687000000,0.4477477442,0.4639363624,0.4826524102,0.3135135345,0.2163818257,0.1040855389
0.4840000000,0.3118723708,0.2160336122,0.1040847821,0.1000000000,0.2694000000,0.4477477442,0.4639363624,0.4826524102,0.3135135345,0.2163818257,0.1040855389
0.4860000000,0.3116878130,0.2159609730,0.1040808698,0.1000000000,0.2701000000,0.4477477442,0.4639363624,0.4826524102,0.3135135345,0.2163818257,0.1040855389
0.4880000000,0.3114935884,0.2158815053,0.1040736274,0.1000000000,0.2708000000,0.4477477442,0.4639363624,0.4826524102,0.3135135345,0.2163818257,0.1040855389
0.4900000000,0.3112897212,0.2157952209,0.1040630577,0.1000000000,0.2715000000,0.4477477442,0.4639363624,0.4826524102,0.3135135345,0.2163818257,0.1040855389
0.4920000000,0.3110762353,0.2157021315,0.1040491634,0.1000000000,0.2722000000,0.4477477442,0.4639363624,0.4826524102,0.3135135345,0.2163818257,0.1040855389
0.4940000000,0.3108531547,0.2156022490,0.1040319474,0.1000000000,0.2729000000,0.4477477442,0.4639363624,0.4826524102,0.3135135345,0.2163818257,0.1040855389
0.4960000000,0.3106205031,0.2154955849,0.1040114123,0.1000000000,0.2736000000,0.4477477442,0.4639363624,0.4826524102,0.3135135345,0.2163818257,0.1040855389
0.4980000000,0.3103783044,0.2153821510,0.1039875609,0.1000000000,0.2743000000,0.4477477442,0.4639363624,0.4826524102,0.3135135345,0.2163818257,0.1040855389
0.5000000000,0.3101265823,0.2152619590,0.1039603960,0.1000000000,0.2750000000,0.4477477442,0.4639363624,0.4826524102,0.3135135345,0.2163818257,0.1040855389
0.5020000000,0.3098653603,0.2151350204,0.1039299204,0.1000000000,0.2757000000,0.4477477442,0.4639363624,0.4826524102,0.3135135345,0.2163818257,0.1040855389
0.5040000000,0.3095946620,0.2150013470,0.1038961368,0.1000000000,0.2764000000,0.4477477442,0.4639363624,0.4826524102,0.3135135345,0.2163818257,0.1040855389
0.5060000000,0.3093145108,0.2148609502,0.1038590479,0.1000000000,0.2771000000,0.4477477442,0.4639363624,0.4826524102,0.3135135345,0.2163818257,0.1040855389
0.5080000000,0.3090249302,0.2147138416,0.1038186565,0.1000000000,0.2778000000,0.4477477442,0.4639363624,0.4826524102,0.3135135345,0.2163818257,0.1040855389
0.5100000000,0.3087259434,0.2145600327,0.1037749654,0.1000000000,0.2785000000,0.4477477442,0.4639363624,0.4826524102,0.3135135345,0.2163818257,0.1040855389
0.5120000000,0.3084175736,0.2143995351,0.1037279772,0.1000000000,0.2792000000,0.4477477442,0.4639363624,0.4826524102,0.3135135345,0.2163818257,0.1040855389
0.5140000000,0.3080998439,0.2142323602,0.1036776948,0.1000000000,0.2799000000,0.4477477442,0.4639363624,0.4826524102,0.3135135345,0.2163818257,0.1040855389
0.5160000000,0.3077727776,0.2140585194,0.1036241208,0.1000000000,0.2806000000,0.4477477442,0.4639363624,0.4826524102,0.3135135345,0.2163818257,0.1040855389
0.5180000000,0.3074363974,0.2138780242,0.1035672579,0.1000000000,0.2813000000,0.4477477442,0.4639363624,0.4826524102,0.3135135345,0.2163818257,0.1040855389
0.5200000000,0.3070907265,0.2136908860,0.1035071090,0.1000000000,0.2820000000,0.4477477442,0.4639363624,0.4826524102,0.3135135345,0.2163818257,0.1040855389
0.5220000000,0.3067357875,0.2134971162,0.1034436767,0.1000000000,0.2827000000,0.4477477442,0.4639363624,0.4826524102,0.3135135345,0.2163818257,0.1040855389
0.5240000000,0.3063716033,0.2132967260,0.1033769638,0.1000000000,0.2834000000,0.4477477442,0.4639363624,0.4826524102,0.3135135345,0.2163818257,0.1040855389
0.5260000000,0.3059981966,0.2130897268,0.1033069729,0.1000000000,0.2841000000,0.4477477442,0.4639363624,0.4826524102,0.3135135345,0.2163818257,0.1040855389
0.5280000000,0.3056155900,0.2128761299,0.1032337068,0.1000000000,0.2848000000,0.4477477442,0.4639363624,0.4826524102,0.3135135345,0.2163818257,0.1040855389
0.5300000000,0.3052238060,0.2126559465,0.1031571682,0.1000000000,0.2855000000,0.4477477442,0.4639363624,0.4826524102,0.3135135345,0.2163818257,0.1040855389
0.5320000000,0.3048228670,0.2124291880,0.1030773598,0.1000000000,0.2862000000,0.4477477442,0.4639363624,0.4826524102,0.3135135345,0.2163818257,0.1040855389
0.5340000000,0.3044127956,0.2121958654,0.1029942844,0.1000000000,0.2869000000,0.4477477442,0.4639363624,0.4826524102,0.3135135345,0.2163818257,0.1040855389
0.5360000000,0.3039936140,0.2119559900,0.1029079445,0.1000000000,0.2876000000,0.4477477442,0.4639363624,0.4826524102,0.3135135345,0.2163818257,0.1040855389
0.5380000000,0.3035653445,0.2117095730,0.1028183430,0.1000000000,0.2883000000,0.4477477442,0.4639363624,0.4826524102,0.3135135345,0.2163818257,0.1040855389
0.5400000000,0.3031280093,0.2114566255,0.1027254825,0.1000000000,0.2890000000,0.4477477442,0.4639363624,0.4826524102,0.3135135345,0.2163818257,0.1040855389
0.5420000000,0.3026816304,0.2111971586,0.1026293657,0.1000000000,0.2897000000,0.4477477442,0.4639363624,0.4826524102,0.3135135345,0.2163818257,0.1040855389
0.5440000000,0.3022262299,0.2109311834,0.1025299953,0.1000000000,0.2904000000,0.4477477442,0.4639363624,0.4826524102,0.3135135345,0.2163818257,0.1040855389
0.5460000000,0.3017618298,0.2106587110,0.1024273740,0.1000000000,0.2911000000,0.4477477442,0.4639363624,0.4826524102,0.3135135345,0.2163818257,0.1040855389
0.5480000000,0.3012884520,0.2103797523,0.1023215044,0.1000000000,0.2918000000,0.4477477442,0.4639363624,0.4826524102,0.3135135345,0.2163818257,0.1040855389
0.5500000000,0.3008061182,0.2100943184,0.1022123894,0.1000000000,0.2925000000,0.4477477442,0.4639363624,0.4826524102,0.3135135345,0.2163818257,0.1040855389
0.5520000000,0.3003148503,0.2098024204,0.1021000315,0.1000000000,0.2932000000,0.4477477442,0.4639363624,0.4826524102,0.3135135345,0.2163818257,0.1040855389
0.5540000000,0.2998146699,0.2095040691,0.1019844334,0.1000000000,0.2939000000,0.4477477442,0.4639363624,0.4826524102,0.3135135345,0.2163818257,0.1040855389
0.5560000000,0.2993055986,0.2091992754,0.1018655977,0.1000000000,0.2946000000,0.4477477442,0.4639363624,0.4826524102,0.3135135345,0.2163818257,0.1040855389
0.5580000000,0.2987876580,0.2088880504,0.1017435273,0.1000000000,0.2953000000,0.4477477442,0.4639363624,0.4826524102,0.3135135345,0.2163818257,0.1040855389
0.5600000000,0.2982608696,0.2085704049,0.1016182247,0.1000000000,0.2960000000,0.4477477442,0.4639363624,0.4826524102,0.3135135345,0.2163818257,0.1040855389
0.5620000000,0.2977252547,0.2082463497,0.1014896925,0.1000000000,0.2967000000,0.4477477442,0.4639363624,0.4826524102,0.3135135345,0.2163818257,0.1040855389
0.5640000000,0.2971808346,0.2079158957,0.1013579336,0.1000000000,0.2974000000,0.4477477442,0.4639363624,0.4826524102,0.3135135345,0.2163818257,0.1040855389
0.5660000000,0.2966276307,0.2075790537,0.1012229504,0.1000000000,0.2981000000,0.4477477442,0.4639363624,0.4826524102,0.3135135345,0.2163818257,0.1040855389
0.5680000000,0.2960656642,0.2072358346,0.1010847458,0.1000000000,0.2988000000,0.4477477442,0.4639363624,0.4826524102,0.3135135345,0.2163818257,0.1040855389
0.5700000000,0.2954949561,0.2068862489,0.1009433222,0.1000000000,0.2995000000,0.4477477442,0.4639363624,0.4826524102,0.3135135345,0.2163818257,0.1040855389
0.5720000000,0.2949155276,0.2065303076,0.1007986825,0.1000000000,0.3002000000,0.4477477442,0.4639363624,0.4826524102,0.3135135345,0.2163818257,0.1040855389
0.5740000000,0.2943273996,0.2061680213,0.1006508291,0.1000000000,0.3009000000,0.4477477442,0.4639363624,0.4826524102,0.3135135345,0.2163818257,0.1040855389
0.5760000000,0.2937305930,0.2057994008,0.1004997649,0.1000000000,0.3016000000,0.4477477442,0.4639363624,0.4826524102,0.3135135345,0.2163818257,0.1040855389
0.5780000000,0.2931251288,0.2054244566,0.1003454923,0.1000000000,0.3023000000,0.4477477442,0.4639363624,0.4826524102,0.3135135345,0.2163818257,0.1040855389
0.5800000000,0.2925110276,0.2050431994,0.1001880141,0.1000000000,0.3030000000,0.4477477442,0.4639363624,0.4826524102,0.3135135345,0.2163818257,0.1040855389
0.5820000000,0.2918883103,0.2046556399,0.1000273329,0.1000000000,0.3037000000,0.4477477442,0.4639363624,0.4826524102,0.3135135345,0.2163818257,0.1040855389
0.5840000000,0.2912569975,0.2042617887,0.0998634513,0.1000000000,0.3044000000,0.4477477442,0.4639363624,0.4826524102,0.3135135345,0.2163818257,0.1040855389
0.5860000000,0.2906171097,0.2038616562,0.0996963720,0.1000000000,0.3051000000,0.4477477442,0.4639363624,0.4826524102,0.3135135345,0.2163818257,0.1040855389
0.5880000000,0.2899686676,0.2034552532,0.0995260975,0.1000000000,0.3058000000,0.4477477442,0.4639363624,0.4826524102,0.3135135345,0.2163818257,0.1040855389
0.5900000000,0.2893116915,0.2030425900,0.0993526305,0.1000000000,0.3065000000,0.4477477442,0.4639363624,0.4826524102,0.3135135345,0.2163818257,0.1040855389
0.5920000000,0.2886462019,0.2026236773,0.0991759737,0.1000000000,0.3072000000,0.4477477442,0.4639363624,0.4826524102,0.3135135345,0.2163818257,0.1040855389
0.5940000000,0.2879722191,0.2021985254,0.0989961296,0.1000000000,0.3079000000,0.4477477442,0.4639363624,0.4826524102,0.3135135345,0.2163818257,0.1040855389
0.5960000000,0.2872897633,0.2017671449,0.0988131009,0.1000000000,0.3086000000,0.4477477442,0.4639363624,0.4826524102,0.3135135345,0.2163818257,0.1040855389
0.5980000000,0.2865988548,0.2013295462,0.0986268902,0.1000000000,0.3093000000,0.4477477442,0.4639363624,0.4826524102,0.3135135345,0.2163818257,0.1040855389
0.6000000000,0.2858995138,0.2008857396,0.0984375000,0.1000000000,0.3100000000,0.4477477442,0.4639363624,0.4826524102,0.3135135345,0.2163818257,0.1040855389
0.6020000000,0.2851917602,0.2004357356,0.0982449330,0.1000000000,0.3107000000,0.4477477442,0.4639363624,0.4826524102,0.3135135345,0.2163818257,0.1040855389
0.6040000000,0.2844756141,0.1999795445,0.0980491918,0.1000000000,0.3114000000,0.4477477442,0.4639363624,0.4826524102,0.3135135345,0.2163818257,0.1040855389
0.6060000000,0.2837510954,0.1995171767,0.0978502791,0.1000000000,0.3121000000,0.4477477442,0.4639363624,0.4826524102,0.3135135345,0.2163818257,0.1040855389
0.6080000000,0.2830182241,0.1990486425,0.0976481973,0.1000000000,0.3128000000,0.4477477442,0.4639363624,0.4826524102,0.3135135345,0.2163818257,0.1040855389
0.6100000000,0.2822770199,0.1985739522,0.0974429491,0.1000000000,0.3135000000,0.4477477442,0.4639363624,0.4826524102,0.3135135345,0.2163818257,0.1040855389
0.6120000000,0.2815275027,0.1980931161,0.0972345371,0.1000000000,0.3142000000,0.4477477442,0.4639363624,0.4826524102,0.3135135345,0.2163818257,0.1040855389
0.6140000000,0.2807696920,0.1976061443,0.0970229639,0.1000000000,0.3149000000,0.4477477442,0.4639363624,0.4826524102,0.3135135345,0.2163818257,0.1040855389
0.6160000000,0.2800036076,0.1971130472,0.0968082320,0.1000000000,0.3156000000,0.4477477442,0.4639363624,0.4826524102,0.3135135345,0.2163818257,0.1040855389
0.6180000000,0.2792292689,0.1966138349,0.0965903441,0.1000000000,0.3163000000,0.4477477442,0.4639363624,0.4826524102,0.3135135345,0.2163818257,0.1040855389
0.6200000000,0.2784466956,0.1961085176,0.0963693027,0.1000000000,0.3170000000,0.4477477442,0.4639363624,0.4826524102,0.3135135345,0.2163818257,0.1040855389
0.6220000000,0.2776559071,0.1955971055,0.0961451104,0.1000000000,0.3177000000,0.4477477442,0.4639363624,0.4826524102,0.3135135345,0.2163818257,0.1040855389
0.6240000000,0.2768569227,0.1950796086,0.0959177698,0.1000000000,0.3184000000,0.4477477442,0.4639363624,0.4826524102,0.3135135345,0.2163818257,0.1040855389
0.6260000000,0.2760497618,0.1945560372,0.0956872835,0.1000000000,0.3191000000,0.4477477442,0.4639363624,0.4826524102,0.3135135345,0.2163818257,0.1040855389
0.6280000000,0.2752344436,0.1940264014,0.0954536540,0.1000000000,0.3198000000,0.4477477442,0.4639363624,0.4826524102,0.3135135345,0.2163818257,0.1040855389
0.6300000000,0.2744109874,0.1934907111,0.0952168839,0.1000000000,0.3205000000,0.4477477442,0.4639363624,0.4826524102,0.3135135345,0.2163818257,0.1040855389
0.6320000000,0.2735794123,0.1929489764,0.0949769757,0.1000000000,0.3212000000,0.4477477442,0.4639363624,0.4826524102,0.3135135345,0.2163818257,0.1040855389
0.6340000000,0.2727397374,0.1924012073,0.0947339321,0.1000000000,0.3219000000,0.4477477442,0.4639363624,0.4826524102,0.3135135345,0.2163818257,0.1040855389
0.6360000000,0.2718919817,0.1918474139,0.0944877556,0.1000000000,0.3226000000,0.4477477442,0.4639363624,0.4826524102,0.3135135345,0.2163818257,0.1040855389
0.6380000000,0.2710361642,0.1912876062,0.0942384487,0.1000000000,0.3233000000,0.4477477442,0.4639363624,0.4826524102,0.3135135345,0.2163818257,0.1040855389
0.6400000000,0.2701723038,0.1907217940,0.0939860140,0.1000000000,0.3240000000,0.4477477442,0.4639363624,0.4826524102,0.3135135345,0.2163818257,0.1040855389
0.6420000000,0.2693004193,0.1901499873,0.0937304540,0.1000000000,0.3247000000,0.4477477442,0.4639363624,0.4826524102,0.3135135345,0.2163818257,0.1040855389
0.6440000000,0.2684205295,0.1895721961,0.0934717714,0.1000000000,0.3254000000,0.4477477442,0.4639363624,0.4826524102,0.3135135345,0.2163818257,0.1040855389
0.6460000000,0.2675326532,0.1889884302,0.0932099686,0.1000000000,0.3261000000,0.4477477442,0.4639363624,0.4826524102,0.3135135345,0.2163818257,0.1040855389
0.6480000000,0.2666368090,0.1883986994,0.0929450481,0.1000000000,0.3268000000,0.4477477442,0.4639363624,0.4826524102,0.3135135345,0.2163818257,0.1040855389
0.6500000000,0.2657330155,0.1878030138,0.0926770126,0.1000000000,0.3275000000,0.4477477442,0.4639363624,0.4826524102,0.3135135345,0.2163818257,0.1040855389
0.6520000000,0.2648212913,0.1872013829,0.0924058646,0.1000000000,0.3282000000,0.4477477442,0.4639363624,0.4826524102,0.3135135345,0.2163818257,0.1040855389
0.6540000000,0.2639016550,0.1865938168,0.0921316065,0.1000000000,0.3289000000,0.4477477442,0.4639363624,0.4826524102,0.3135135345,0.2163818257,0.1040855389
0.6560000000,0.2629741248,0.1859803251,0.0918542410,0.1000000000,0.3296000000,0.4477477442,0.4639363624,0.4826524102,0.3135135345,0.2163818257,0.1040855389
0.6580000000,0.2620387193,0.1853609177,0.0915737705,0.1000000000,0.3303000000,0.4477477442,0.4639363624,0.4826524102,0.3135135345,0.2163818257,0.1040855389
0.6600000000,0.2610954567,0.1847356041,0.0912901976,0.1000000000,0.3310000000,0.4477477442,0.4639363624,0.4826524102,0.3135135345,0.2163818257,0.1040855389
0.6620000000,0.2601443553,0.1841043943,0.0910035248,0.1000000000,0.3317000000,0.4477477442,0.4639363624,0.4826524102,0.3135135345,0.2163818257,0.1040855389
0.6640000000,0.2591854334,0.1834672979,0.0907137546,0.1000000000,0.3324000000,0.4477477442,0.4639363624,0.4826524102,0.3135135345,0.2163818257,0.1040855389
0.6660000000,0.2582187090,0.1828243244,0.0904208896,0.1000000000,0.3331000000,0.4477477442,0.4639363624,0.4826524102,0.3135135345,0.2163818257,0.1040855389
0.6680000000,0.2572442004,0.1821754837,0.0901249323,0.1000000000,0.3338000000,0.4477477442,0.4639363624,0.4826524102,0.3135135345,0.2163818257,0.1040855389
0.6700000000,0.2562619254,0.1815207854,0.0898258851,0.1000000000,0.3345000000,0.4477477442,0.4639363624,0.4826524102,0.3135135345,0.2163818257,0.1040855389
0.6720000000,0.2552719022,0.1808602390,0.0895237506,0.1000000000,0.3352000000,0.4477477442,0.4639363624,0.4826524102,0.3135135345,0.2163818257,0.1040855389
0.6740000000,0.2542741486,0.1801938541,0.0892185313,0.1000000000,0.3359000000,0.4477477442,0.4639363624,0.4826524102,0.3135135345,0.2163818257,0.1040855389
0.6760000000,0.2532686825,0.1795216403,0.0889102296,0.1000000000,0.3366000000,0.4477477442,0.4639363624,0.4826524102,0.3135135345,0.2163818257,0.1040855389
0.6780000000,0.2522555218,0.1788436072,0.0885988482,0.1000000000,0.3373000000,0.4477477442,0.4639363624,0.4826524102,0.3135135345,0.2163818257,0.1040855389
0.6800000000,0.2512346843,0.1781597643,0.0882843895,0.1000000000,0.3380000000,0.4477477442,0.4639363624,0.4826524102,0.3135135345,0.2163818257,0.1040855389
0.6820000000,0.2502061875,0.1774701211,0.0879668560,0.1000000000,0.3387000000,0.4477477442,0.4639363624,0.4826524102,0.3135135345,0.2163818257,0.1040855389
0.6840000000,0.2491700492,0.1767746871,0.0876462501,0.1000000000,0.3394000000,0.4477477442,0.4639363624,0.4826524102,0.3135135345,0.2163818257,0.1040855389
0.6860000000,0.2481262871,0.1760734718,0.0873225744,0.1000000000,0.3401000000,0.4477477442,0.4639363624,0.4826524102,0.3135135345,0.2163818257,0.1040855389
0.6880000000,0.2470749186,0.1753664845,0.0869958314,0.1000000000,0.3408000000,0.4477477442,0.4639363624,0.4826524102,0.3135135345,0.2163818257,0.1040855389
0.6900000000,0.2460159612,0.1746537348,0.0866660235,0.1000000000,0.3415000000,0.4477477442,0.4639363624,0.4826524102,0.3135135345,0.2163818257,0.1040855389
0.6920000000,0.2449494324,0.1739352320,0.0863331533,0.1000000000,0.3422000000,0.4477477442,0.4639363624,0.4826524102,0.3135135345,0.2163818257,0.1040855389
0.6940000000,0.2438753496,0.1732109856,0.0859972232,0.1000000000,0.3429000000,0.4477477442,0.4639363624,0.4826524102,0.3135135345,0.2163818257,0.1040855389
0.6960000000,0.2427937301,0.1724810048,0.0856582357,0.1000000000,0.3436000000,0.4477477442,0.4639363624,0.4826524102,0.3135135345,0.2163818257,0.1040855389
0.6980000000,0.2417045912,0.1717452990,0.0853161932,0.1000000000,0.3443000000,0.4477477442,0.4639363624,0.4826524102,0.3135135345,0.2163818257,0.1040855389
0.7000000000,0.2406079501,0.1710038776,0.0849710983,0.1000000000,0.3450000000,0.4477477442,0.4639363624,0.4826524102,0.3135135345,0.2163818257,0.1040855389
0.7020000000,0.2395038240,0.1702567499,0.0846229533,0.1000000000,0.3457000000,0.4477477442,0.4639363624,0.4826524102,0.3135135345,0.2163818257,0.1040855389
0.7040000000,0.2383922301,0.1695039251,0.0842717609,0.1000000000,0.3464000000,0.4477477442,0.4639363624,0.4826524102,0.3135135345,0.2163818257,0.1040855389
0.7060000000,0.2372731854,0.1687454125,0.0839175234,0.1000000000,0.3471000000,0.4477477442,0.4639363624,0.4826524102,0.3135135345,0.2163818257,0.1040855389
0.7080000000,0.2361467069,0.1679812213,0.0835602433,0.1000000000,0.3478000000,0.4477477442,0.4639363624,0.4826524102,0.3135135345,0.2163818257,0.1040855389
0.7100000000,0.2350128116,0.1672113608,0.0831999230,0.1000000000,0.3485000000,0.4477477442,0.4639363624,0.4826524102,0.3135135345,0.2163818257,0.1040855389
0.7120000000,0.2338715164,0.1664358402,0.0828365651,0.1000000000,0.3492000000,0.4477477442,0.4639363624,0.4826524102,0.3135135345,0.2163818257,0.1040855389
0.7140000000,0.2327228381,0.1656546686,0.0824701719,0.1000000000,0.3499000000,0.4477477442,0.4639363624,0.4826524102,0.3135135345,0.2163818257,0.1040855389
0.7160000000,0.2315667937,0.1648678552,0.0821007460,0.1000000000,0.3506000000,0.4477477442,0.4639363624,0.4826524102,0.3135135345,0.2163818257,0.1040855389
0.7180000000,0.2304033999,0.1640754092,0.0817282897,0.1000000000,0.3513000000,0.4477477442,0.4639363624,0.4826524102,0.3135135345,0.2163818257,0.1040855389
0.7200000000,0.2292326733,0.1632773397,0.0813528055,0.1000000000,0.3520000000,0.4477477442,0.4639363624,0.4826524102,0.3135135345,0.2163818257,0.1040855389
0.7220000000,0.2280546306,0.1624736558,0.0809742959,0.1000000000,0.3527000000,0.4477477442,0.4639363624,0.4826524102,0.3135135345,0.2163818257,0.1040855389
0.7240000000,0.2268692885,0.1616643666,0.0805927633,0.1000000000,0.3534000000,0.4477477442,0.4639363624,0.4826524102,0.3135135345,0.2163818257,0.1040855389
0.7260000000,0.2256766635,0.1608494810,0.0802082101,0.1000000000,0.3541000000,0.4477477442,0.4639363624,0.4826524102,0.3135135345,0.2163818257,0.1040855389
0.7280000000,0.2244767722,0.1600290083,0.0798206388,0.1000000000,0.3548000000,0.4477477442,0.4639363624,0.4826524102,0.3135135345,0.2163818257,0.1040855389
0.7300000000,0.2232696309,0.1592029574,0.0794300518,0.1000000000,0.3555000000,0.4477477442,0.4639363624,0.4826524102,0.3135135345,0.2163818257,0.1040855389
0.7320000000,0.2220552561,0.1583713373,0.0790364515,0.1000000000,0.3562000000,0.4477477442,0.4639363624,0.4826524102,0.3135135345,0.2163818257,0.1040855389
0.7340000000,0.2208336642,0.1575341570,0.0786398404,0.1000000000,0.3569000000,0.4477477442,0.4639363624,0.4826524102,0.3135135345,0.2163818257,0.1040855389
0.7360000000,0.2196048714,0.1566914255,0.0782402209,0.1000000000,0.3576000000,0.4477477442,0.4639363624,0.4826524102,0.3135135345,0.2163818257,0.1040855389
0.7380000000,0.2183688941,0.1558431516,0.0778375954,0.1000000000,0.3583000000,0.4477477442,0.4639363624,0.4826524102,0.3135135345,0.2163818257,0.1040855389
0.7400000000,0.2171257485,0.1549893445,0.0774319663,0.1000000000,0.3590000000,0.4477477442,0.4639363624,0.4826524102,0.3135135345,0.2163818257,0.1040855389
0.7420000000,0.2158754507,0.1541300129,0.0770233360,0.1000000000,0.3597000000,0.4477477442,0.4639363624,0.4826524102,0.3135135345,0.2163818257,0.1040855389
0.7440000000,0.2146180168,0.1532651657,0.0766117070,0.1000000000,0.3604000000,0.4477477442,0.4639363624,0.4826524102,0.3135135345,0.2163818257,0.1040855389
0.7460000000,0.2133534629,0.1523948119,0.0761970817,0.1000000000,0.3611000000,0.4477477442,0.4639363624,0.4826524102,0.3135135345,0.2163818257,0.1040855389
0.7480000000,0.2120818051,0.1515189602,0.0757794624,0.1000000000,0.3618000000,0.4477477442,0.4639363624,0.4826524102,0.3135135345,0.2163818257,0.1040855389
0.7500000000,0.2108030593,0.1506376196,0.0753588517,0.1000000000,0.3625000000,0.4477477442,0.4639363624,0.4826524102,0.3135135345,0.2163818257,0.1040855389
0.7520000000,0.2095172414,0.1497507987,0.0749352518,0.1000000000,0.3632000000,0.4477477442,0.4639363624,0.4826524102,0.3135135345,0.2163818257,0.1040855389
0.7540000000,0.2082243673,0.1488585065,0.0745086652,0.1000000000,0.3639000000,0.4477477442,0.4639363624,0.4826524102,0.3135135345,0.2163818257,0.1040855389
0.7560000000,0.2069244529,0.1479607517,0.0740790943,0.1000000000,0.3646000000,0.4477477442,0.4639363624,0.4826524102,0.3135135345,0.2163818257,0.1040855389
0.7580000000,0.2056175138,0.1470575430,0.0736465415,0.1000000000,0.3653000000,0.4477477442,0.4639363624,0.4826524102,0.3135135345,0.2163818257,0.1040855389
0.7600000000,0.2043035660,0.1461488893,0.0732110092,0.1000000000,0.3660000000,0.4477477442,0.4639363624,0.4826524102,0.3135135345,0.2163818257,0.1040855389
0.7620000000,0.2029826250,0.1452347991,0.0727724997,0.1000000000,0.3667000000,0.4477477442,0.4639363624,0.4826524102,0.3135135345,0.2163818257,0.1040855389
0.7640000000,0.2016547065,0.1443152813,0.0723310155,0.1000000000,0.3674000000,0.4477477442,0.4639363624,0.4826524102,0.3135135345,0.2163818257,0.1040855389
0.7660000000,0.2003198261,0.1433903445,0.0718865590,0.1000000000,0.3681000000,0.4477477442,0.4639363624,0.4826524102,0.3135135345,0.2163818257,0.1040855389
0.7680000000,0.1989779993,0.1424599973,0.0714391324,0.1000000000,0.3688000000,0.4477477442,0.4639363624,0.4826524102,0.3135135345,0.2163818257,0.1040855389
0.7700000000,0.1976292416,0.1415242484,0.0709887383,0.1000000000,0.3695000000,0.4477477442,0.4639363624,0.4826524102,0.3135135345,0.2163818257,0.1040855389
0.7720000000,0.1962735686,0.1405831065,0.0705353790,0.1000000000,0.3702000000,0.4477477442,0.4639363624,0.4826524102,0.3135135345,0.2163818257,0.1040855389
0.7740000000,0.1949109956,0.1396365802,0.0700790568,0.1000000000,0.3709000000,0.4477477442,0.4639363624,0.4826524102,0.3135135345,0.2163818257,0.1040855389
0.7760000000,0.1935415379,0.1386846780,0.0696197742,0.1000000000,0.3716000000,0.4477477442,0.4639363624,0.4826524102,0.3135135345,0.2163818257,0.1040855389
0.7780000000,0.1921652109,0.1377274085,0.0691575335,0.1000000000,0.3723000000,0.4477477442,0.4639363624,0.4826524102,0.3135135345,0.2163818257,0.1040855389
0.7800000000,0.1907820300,0.1367647803,0.0686923370,0.1000000000,0.3730000000,0.4477477442,0.4639363624,0.4826524102,0.3135135345,0.2163818257,0.1040855389
0.7820000000,0.1893920102,0.1357968019,0.0682241872,0.1000000000,0.3737000000,0.4477477442,0.4639363624,0.4826524102,0.3135135345,0.2163818257,0.1040855389
0.7840000000,0.1879951667,0.1348234818,0.0677530864,0.1000000000,0.3744000000,0.4477477442,0.4639363624,0.4826524102,0.3135135345,0.2163818257,0.1040855389
0.7860000000,0.1865915149,0.1338448286,0.0672790370,0.1000000000,0.3751000000,0.4477477442,0.4639363624,0.4826524102,0.3135135345,0.2163818257,0.1040855389
0.7880000000,0.1851810696,0.1328608507,0.0668020413,0.1000000000,0.3758000000,0.4477477442,0.4639363624,0.4826524102,0.3135135345,0.2163818257,0.1040855389
0.7900000000,0.1837638460,0.1318715565,0.0663221017,0.1000000000,0.3765000000,0.4477477442,0.4639363624,0.4826524102,0.3135135345,0.2163818257,0.1040855389
0.7920000000,0.1823398590,0.1308769546,0.0658392205,0.1000000000,0.3772000000,0.4477477442,0.4639363624,0.4826524102,0.3135135345,0.2163818257,0.1040855389
0.7940000000,0.1809091237,0.1298770534,0.0653534001,0.1000000000,0.3779000000,0.4477477442,0.4639363624,0.4826524102,0.3135135345,0.2163818257,0.1040855389
0.7960000000,0.1794716550,0.1288718612,0.0648646428,0.1000000000,0.3786000000,0.4477477442,0.4639363624,0.4826524102,0.3135135345,0.2163818257,0.1040855389
0.7980000000,0.1780274677,0.1278613865,0.0643729510,0.1000000000,0.3793000000,0.4477477442,0.4639363624,0.4826524102,0.3135135345,0.2163818257,0.1040855389
0.8000000000,0.1765765766,0.1268456376,0.0638783270,0.1000000000,0.3800000000,0.4477477442,0.4639363624,0.4826524102,0.3135135345,0.2163818257,0.1040855389
0.8020000000,0.1751189965,0.1258246229,0.0633807732,0.1000000000,0.3807000000,0.4477477442,0.4639363624,0.4826524102,0.3135135345,0.2163818257,0.1040855389
0.8040000000,0.1736547423,0.1247983507,0.0628802919,0.1000000000,0.3814000000,0.4477477442,0.4639363624,0.4826524102,0.3135135345,0.2163818257,0.1040855389
0.8060000000,0.1721838285,0.1237668294,0.0623768854,0.1000000000,0.3821000000,0.4477477442,0.4639363624,0.4826524102,0.3135135345,0.2163818257,0.1040855389
0.8080000000,0.1707062698,0.1227300673,0.0618705561,0.1000000000,0.3828000000,0.4477477442,0.4639363624,0.4826524102,0.3135135345,0.2163818257,0.1040855389
0.8100000000,0.1692220809,0.1216880726,0.0613613062,0.1000000000,0.3835000000,0.4477477442,0.4639363624,0.4826524102,0.3135135345,0.2163818257,0.1040855389
0.8120000000,0.1677312763,0.1206408537,0.0608491383,0.1000000000,0.3842000000,0.4477477442,0.4639363624,0.4826524102,0.3135135345,0.2163818257,0.1040855389
0.8140000000,0.1662338706,0.1195884187,0.0603340544,0.1000000000,0.3849000000,0.4477477442,0.4639363624,0.4826524102,0.3135135345,0.2163818257,0.1040855389
0.8160000000,0.1647298782,0.1185307759,0.0598160571,0.1000000000,0.3856000000,0.4477477442,0.4639363624,0.4826524102,0.3135135345,0.2163818257,0.1040855389
0.8180000000,0.1632193136,0.1174679336,0.0592951485,0.1000000000,0.3863000000,0.4477477442,0.4639363624,0.4826524102,0.3135135345,0.2163818257,0.1040855389
0.8200000000,0.1617021911,0.1163998999,0.0587713311,0.1000000000,0.3870000000,0.4477477442,0.4639363624,0.4826524102,0.3135135345,0.2163818257,0.1040855389
0.8220000000,0.1601785251,0.1153266830,0.0582446070,0.1000000000,0.3877000000,0.4477477442,0.4639363624,0.4826524102,0.3135135345,0.2163818257,0.1040855389
0.8240000000,0.1586483301,0.1142482910,0.0577149788,0.1000000000,0.3884000000,0.4477477442,0.4639363624,0.4826524102,0.3135135345,0.2163818257,0.1040855389
0.8260000000,0.1571116201,0.1131647323,0.0571824486,0.1000000000,0.3891000000,0.4477477442,0.4639363624,0.4826524102,0.3135135345,0.2163818257,0.1040855389
0.8280000000,0.1555684095,0.1120760147,0.0566470187,0.1000000000,0.3898000000,0.4477477442,0.4639363624,0.4826524102,0.3135135345,0.2163818257,0.1040855389
0.8300000000,0.1540187124,0.1109821466,0.0561086915,0.1000000000,0.3905000000,0.4477477442,0.4639363624,0.4826524102,0.3135135345,0.2163818257,0.1040855389
0.8320000000,0.1524625430,0.1098831359,0.0555674693,0.1000000000,0.3912000000,0.4477477442,0.4639363624,0.4826524102,0.3135135345,0.2163818257,0.1040855389
0.8340000000,0.1508999155,0.1087789908,0.0550233544,0.1000000000,0.3919000000,0.4477477442,0.4639363624,0.4826524102,0.3135135345,0.2163818257,0.1040855389
0.8360000000,0.1493308438,0.1076697193,0.0544763491,0.1000000000,0.3926000000,0.4477477442,0.4639363624,0.4826524102,0.3135135345,0.2163818257,0.1040855389
0.8380000000,0.1477553420,0.1065553295,0.0539264556,0.1000000000,0.3933000000,0.4477477442,0.4639363624,0.4826524102,0.3135135345,0.2163818257,0.1040855389
0.8400000000,0.1461734241,0.1054358293,0.0533736762,0.1000000000,0.3940000000,0.4477477442,0.4639363624,0.4826524102,0.3135135345,0.2163818257,0.1040855389
0.8420000000,0.1445851040,0.1043112269,0.0528180134,0.1000000000,0.3947000000,0.4477477442,0.4639363624,0.4826524102,0.3135135345,0.2163818257,0.1040855389
0.8440000000,0.1429903957,0.1031815302,0.0522594693,0.1000000000,0.3954000000,0.4477477442,0.4639363624,0.4826524102,0.3135135345,0.2163818257,0.1040855389
0.8460000000,0.1413893130,0.1020467472,0.0516980462,0.1000000000,0.3961000000,0.4477477442,0.4639363624,0.4826524102,0.3135135345,0.2163818257,0.1040855389
0.8480000000,0.1397818697,0.1009068858,0.0511337464,0.1000000000,0.3968000000,0.4477477442,0.4639363624,0.4826524102,0.3135135345,0.2163818257,0.1040855389
0.8500000000,0.1381680796,0.0997619540,0.0505665722,0.1000000000,0.3975000000,0.4477477442,0.4639363624,0.4826524102,0.3135135345,0.2163818257,0.1040855389
0.8520000000,0.1365479565,0.0986119598,0.0499965259,0.1000000000,0.3982000000,0.4477477442,0.4639363624,0.4826524102,0.3135135345,0.2163818257,0.1040855389
0.8540000000,0.1349215141,0.0974569110,0.0494236098,0.1000000000,0.3989000000,0.4477477442,0.4639363624,0.4826524102,0.3135135345,0.2163818257,0.1040855389
0.8560000000,0.1332887660,0.0962968156,0.0488478261,0.1000000000,0.3996000000,0.4477477442,0.4639363624,0.4826524102,0.3135135345,0.2163818257,0.1040855389
0.8580000000,0.1316497258,0.0951316814,0.0482691771,0.1000000000,0.4003000000,0.4477477442,0.4639363624,0.4826524102,0.3135135345,0.2163818257,0.1040855389
0.8600000000,0.1300044072,0.0939615162,0.0476876650,0.1000000000,0.4010000000,0.4477477442,0.4639363624,0.4826524102,0.3135135345,0.2163818257,0.1040855389
0.8620000000,0.1283528237,0.0927863280,0.0471032922,0.1000000000,0.4017000000,0.4477477442,0.4639363624,0.4826524102,0.3135135345,0.2163818257,0.1040855389
0.8640000000,0.1266949889,0.0916061246,0.0465160609,0.1000000000,0.4024000000,0.4477477442,0.4639363624,0.4826524102,0.3135135345,0.2163818257,0.1040855389
0.8660000000,0.1250309160,0.0904209138,0.0459259734,0.1000000000,0.4031000000,0.4477477442,0.4639363624,0.4826524102,0.3135135345,0.2163818257,0.1040855389
0.8680000000,0.1233606188,0.0892307033,0.0453330319,0.1000000000,0.4038000000,0.4477477442,0.4639363624,0.4826524102,0.3135135345,0.2163818257,0.1040855389
0.8700000000,0.1216841104,0.0880355010,0.0447372387,0.1000000000,0.4045000000,0.4477477442,0.4639363624,0.4826524102,0.3135135345,0.2163818257,0.1040855389
0.8720000000,0.1200014042,0.0868353147,0.0441385960,0.1000000000,0.4052000000,0.4477477442,0.4639363624,0.4826524102,0.3135135345,0.2163818257,0.1040855389
0.8740000000,0.1183125137,0.0856301520,0.0435371061,0.1000000000,0.4059000000,0.4477477442,0.4639363624,0.4826524102,0.3135135345,0.2163818257,0.1040855389
0.8760000000,0.1166174520,0.0844200207,0.0429327712,0.1000000000,0.4066000000,0.4477477442,0.4639363624,0.4826524102,0.3135135345,0.2163818257,0.1040855389
0.8780000000,0.1149162324,0.0832049286,0.0423255936,0.1000000000,0.4073000000,0.4477477442,0.4639363624,0.4826524102,0.3135135345,0.2163818257,0.1040855389
0.8800000000,0.1132088681,0.0819848833,0.0417155756,0.1000000000,0.4080000000,0.4477477442,0.4639363624,0.4826524102,0.3135135345,0.2163818257,0.1040855389
0.8820000000,0.1114953723,0.0807598926,0.0411027194,0.1000000000,0.4087000000,0.4477477442,0.4639363624,0.4826524102,0.3135135345,0.2163818257,0.1040855389
0.8840000000,0.1097757581,0.0795299641,0.0404870271,0.1000000000,0.4094000000,0.4477477442,0.4639363624,0.4826524102,0.3135135345,0.2163818257,0.1040855389
0.8860000000,0.1080500386,0.0782951054,0.0398685012,0.1000000000,0.4101000000,0.4477477442,0.4639363624,0.4826524102,0.3135135345,0.2163818257,0.1040855389
0.8880000000,0.1063182268,0.0770553242,0.0392471437,0.1000000000,0.4108000000,0.4477477442,0.4639363624,0.4826524102,0.3135135345,0.2163818257,0.1040855389
0.8900000000,0.1045803357,0.0758106281,0.0386229570,0.1000000000,0.4115000000,0.4477477442,0.4639363624,0.4826524102,0.3135135345,0.2163818257,0.1040855389
0.8920000000,0.1028363784,0.0745610248,0.0379959432,0.1000000000,0.4122000000,0.4477477442,0.4639363624,0.4826524102,0.3135135345,0.2163818257,0.1040855389
0.8940000000,0.1010863678,0.0733065217,0.0373661046,0.1000000000,0.4129000000,0.4477477442,0.4639363624,0.4826524102,0.3135135345,0.2163818257,0.1040855389
0.8960000000,0.0993303167,0.0720471266,0.0367334435,0.1000000000,0.4136000000,0.4477477442,0.4639363624,0.4826524102,0.3135135345,0.2163818257,0.1040855389
0.8980000000,0.0975682381,0.0707828469,0.0360979619,0.1000000000,0.4143000000,0.4477477442,0.4639363624,0.4826524102,0.3135135345,0.2163818257,0.1040855389
0.9000000000,0.0958001448,0.0695136902,0.0354596623,0.1000000000,0.4150000000,0.4477477442,0.4639363624,0.4826524102,0.3135135345,0.2163818257,0.1040855389
0.9020000000,0.0940260496,0.0682396641,0.0348185467,0.1000000000,0.4157000000,0.4477477442,0.4639363624,0.4826524102,0.3135135345,0.2163818257,0.1040855389
0.9040000000,0.0922459652,0.0669607760,0.0341746175,0.1000000000,0.4164000000,0.4477477442,0.4639363624,0.4826524102,0.3135135345,0.2163818257,0.1040855389
0.9060000000,0.0904599043,0.0656770334,0.0335278767,0.1000000000,0.4171000000,0.4477477442,0.4639363624,0.4826524102,0.3135135345,0.2163818257,0.1040855389
0.9080000000,0.0886678797,0.0643884439,0.0328783267,0.1000000000,0.4178000000,0.4477477442,0.4639363624,0.4826524102,0.3135135345,0.2163818257,0.1040855389
0.9100000000,0.0868699040,0.0630950149,0.0322259696,0.1000000000,0.4185000000,0.4477477442,0.4639363624,0.4826524102,0.3135135345,0.2163818257,0.1040855389
0.9120000000,0.0850659898,0.0617967538,0.0315708077,0.1000000000,0.4192000000,0.4477477442,0.4639363624,0.4826524102,0.3135135345,0.2163818257,0.1040855389
0.9140000000,0.0832561498,0.0604936681,0.0309128432,0.1000000000,0.4199000000,0.4477477442,0.4639363624,0.4826524102,0.3135135345,0.2163818257,0.1040855389
0.9160000000,0.0814403963,0.0591857652,0.0302520782,0.1000000000,0.4206000000,0.4477477442,0.4639363624,0.4826524102,0.3135135345,0.2163818257,0.1040855389
0.9180000000,0.0796187420,0.0578730525,0.0295885150,0.1000000000,0.4213000000,0.4477477442,0.4639363624,0.4826524102,0.3135135345,0.2163818257,0.1040855389
0.9200000000,0.0777911993,0.0565555375,0.0289221557,0.1000000000,0.4220000000,0.4477477442,0.4639363624,0.4826524102,0.3135135345,0.2163818257,0.1040855389
0.9220000000,0.0759577807,0.0552332274,0.0282530026,0.1000000000,0.4227000000,0.4477477442,0.4639363624,0.4826524102,0.3135135345,0.2163818257,0.1040855389
0.9240000000,0.0741184985,0.0539061297,0.0275810578,0.1000000000,0.4234000000,0.4477477442,0.4639363624,0.4826524102,0.3135135345,0.2163818257,0.1040855389
0.9260000000,0.0722733652,0.0525742516,0.0269063236,0.1000000000,0.4241000000,0.4477477442,0.4639363624,0.4826524102,0.3135135345,0.2163818257,0.1040855389
0.9280000000,0.0704223930,0.0512376006,0.0262288022,0.1000000000,0.4248000000,0.4477477442,0.4639363624,0.4826524102,0.3135135345,0.2163818257,0.1040855389
0.9300000000,0.0685655943,0.0498961839,0.0255484956,0.1000000000,0.4255000000,0.4477477442,0.4639363624,0.4826524102,0.3135135345,0.2163818257,0.1040855389
0.9320000000,0.0667029814,0.0485500089,0.0248654062,0.1000000000,0.4262000000,0.4477477442,0.4639363624,0.4826524102,0.3135135345,0.2163818257,0.1040855389
0.9340000000,0.0648345663,0.0471990828,0.0241795360,0.1000000000,0.4269000000,0.4477477442,0.4639363624,0.4826524102,0.3135135345,0.2163818257,0.1040855389
0.9360000000,0.0629603615,0.0458434129,0.0234908874,0.1000000000,0.4276000000,0.4477477442,0.4639363624,0.4826524102,0.3135135345,0.2163818257,0.1040855389
0.9380000000,0.0610803790,0.0444830065,0.0227994623,0.1000000000,0.4283000000,0.4477477442,0.4639363624,0.4826524102,0.3135135345,0.2163818257,0.1040855389
0.9400000000,0.0591946309,0.0431178707,0.0221052632,0.1000000000,0.4290000000,0.4477477442,0.4639363624,0.4826524102,0.3135135345,0.2163818257,0.1040855389
0.9420000000,0.0573031293,0.0417480129,0.0214082920,0.1000000000,0.4297000000,0.4477477442,0.4639363624,0.4826524102,0.3135135345,0.2163818257,0.1040855389
0.9440000000,0.0554058864,0.0403734402,0.0207085510,0.1000000000,0.4304000000,0.4477477442,0.4639363624,0.4826524102,0.3135135345,0.2163818257,0.1040855389
0.9460000000,0.0535029141,0.0389941599,0.0200060423,0.1000000000,0.4311000000,0.4477477442,0.4639363624,0.4826524102,0.3135135345,0.2163818257,0.1040855389
0.9480000000,0.0515942244,0.0376101791,0.0193007681,0.1000000000,0.4318000000,0.4477477442,0.4639363624,0.4826524102,0.3135135345,0.2163818257,0.1040855389
0.9500000000,0.0496798292,0.0362215049,0.0185927307,0.1000000000,0.4325000000,0.4477477442,0.4639363624,0.4826524102,0.3135135345,0.2163818257,0.1040855389
0.9520000000,0.0477597406,0.0348281447,0.0178819320,0.1000000000,0.4332000000,0.4477477442,0.4639363624,0.4826524102,0.3135135345,0.2163818257,0.1040855389
0.9540000000,0.0458339704,0.0334301054,0.0171683744,0.1000000000,0.4339000000,0.4477477442,0.4639363624,0.4826524102,0.3135135345,0.2163818257,0.1040855389
0.9560000000,0.0439025305,0.0320273942,0.0164520599,0.1000000000,0.4346000000,0.4477477442,0.4639363624,0.4826524102,0.3135135345,0.2163818257,0.1040855389
0.9580000000,0.0419654326,0.0306200182,0.0157329907,0.1000000000,0.4353000000,0.4477477442,0.4639363624,0.4826524102,0.3135135345,0.2163818257,0.1040855389
0.9600000000,0.0400226886,0.0292079845,0.0150111690,0.1000000000,0.4360000000,0.4477477442,0.4639363624,0.4826524102,0.3135135345,0.2163818257,0.1040855389
0.9620000000,0.0380743102,0.0277913003,0.0142865969,0.1000000000,0.4367000000,0.4477477442,0.4639363624,0.4826524102,0.3135135345,0.2163818257,0.1040855389
0.9640000000,0.0361203093,0.0263699725,0.0135592766,0.1000000000,0.4374000000,0.4477477442,0.4639363624,0.4826524102,0.3135135345,0.2163818257,0.1040855389
0.9660000000,0.0341606974,0.0249440082,0.0128292102,0.1000000000,0.4381000000,0.4477477442,0.4639363624,0.4826524102,0.3135135345,0.2163818257,0.1040855389
0.9680000000,0.0321954862,0.0235134145,0.0120963999,0.1000000000,0.4388000000,0.4477477442,0.4639363624,0.4826524102,0.3135135345,0.2163818257,0.1040855389
0.9700000000,0.0302246873,0.0220781984,0.0113608477,0.1000000000,0.4395000000,0.4477477442,0.4639363624,0.4826524102,0.3135135345,0.2163818257,0.1040855389
0.9720000000,0.0282483125,0.0206383668,0.0106225559,0.1000000000,0.4402000000,0.4477477442,0.4639363624,0.4826524102,0.3135135345,0.2163818257,0.1040855389
0.9740000000,0.0262663731,0.0191939269,0.0098815266,0.1000000000,0.4409000000,0.4477477442,0.4639363624,0.4826524102,0.3135135345,0.2163818257,0.1040855389
0.9760000000,0.0242788809,0.0177448855,0.0091377619,0.1000000000,0.4416000000,0.4477477442,0.4639363624,0.4826524102,0.3135135345,0.2163818257,0.1040855389
0.9780000000,0.0222858472,0.0162912497,0.0083912640,0.1000000000,0.4423000000,0.4477477442,0.4639363624,0.4826524102,0.3135135345,0.2163818257,0.1040855389
0.9800000000,0.0202872835,0.0148330263,0.0076420349,0.1000000000,0.4430000000,0.4477477442,0.4639363624,0.4826524102,0.3135135345,0.2163818257,0.1040855389
0.9820000000,0.0182832013,0.0133702224,0.0068900768,0.1000000000,0.4437000000,0.4477477442,0.4639363624,0.4826524102,0.3135135345,0.2163818257,0.1040855389
0.9840000000,0.0162736120,0.0119028449,0.0061353919,0.1000000000,0.4444000000,0.4477477442,0.4639363624,0.4826524102,0.3135135345,0.2163818257,0.1040855389
0.9860000000,0.0142585269,0.0104309006,0.0053779823,0.1000000000,0.4451000000,0.4477477442,0.4639363624,0.4826524102,0.3135135345,0.2163818257,0.1040855389
0.9880000000,0.0122379575,0.0089543965,0.0046178500,0.1000000000,0.4458000000,0.4477477442,0.4639363624,0.4826524102,0.3135135345,0.2163818257,0.1040855389
0.9900000000,0.0102119150,0.0074733395,0.0038549972,0.1000000000,0.4465000000,0.4477477442,0.4639363624,0.4826524102,0.3135135345,0.2163818257,0.1040855389
0.9920000000,0.0081804106,0.0059877363,0.0030894261,0.1000000000,0.4472000000,0.4477477442,0.4639363624,0.4826524102,0.3135135345,0.2163818257,0.1040855389
0.9940000000,0.0061434558,0.0044975940,0.0023211387,0.1000000000,0.4479000000,0.4477477442,0.4639363624,0.4826524102,0.3135135345,0.2163818257,0.1040855389
0.9960000000,0.0041010616,0.0030029193,0.0015501371,0.1000000000,0.4486000000,0.4477477442,0.4639363624,0.4826524102,0.3135135345,0.2163818257,0.1040855389
0.9980000000,0.0020532393,0.0015037190,0.0007764235,0.1000000000,0.4493000000,0.4477477442,0.4639363624,0.4826524102,0.3135135345,0.2163818257,0.1040855389
1.0000000000,0.0000000000,0.0000000000,0.0000000000,0.1000000000,0.4500000000,0.4477477442,0.4639363624,0.4826524102,0.3135135345,0.2163818257,0.1040855389
