s,lambda_ces_kappa_low,lambda_ces_kappa_high,lambda_sine_kappa_low,lambda_sine_kappa_high,kappa_low,kappa_high,ces_peak_s_low,ces_peak_s_high,sine_peak_s_low,sine_peak_s_high,ces_peak_lambda_low,ces_peak_lambda_high,sine_peak_lambda_low,sine_peak_lambda_high
0.0000000000,0.0000000000,0.0000000000,0.0000000000,0.0000000000,0.2000000000,0.8000000000,0.4539607667,0.4748166593,0.4626563555,0.4795829662,0.2762353999,0.1511000444,0.2757915818,0.1510274257
0.0020000000,0.0026731006,0.0013371472,0.0021036418,0.0010522907,0.2000000000,0.8000000000,0.4539607667,0.4748166593,0.4626563555,0.4795829662,0.2762353999,0.1511000444,0.2757915818,0.1510274257
0.0040000000,0.0053307281,0.0026677437,0.0042034476,0.0021036003,0.2000000000,0.8000000000,0.4539607667,0.4748166593,0.4626563555,0.4795829662,0.2762353999,0.1511000444,0.2757915818,0.1510274257
0.0060000000,0.0079729237,0.0039917982,0.0062993449,0.0031538887,0.2000000000,0.8000000000,0.4539607667,0.4748166593,0.4626563555,0.4795829662,0.2762353999,0.1511000444,0.2757915818,0.1510274257
0.0080000000,0.0105997286,0.0053093195,0.0083912611,0.0042031157,0.2000000000,0.8000000000,0.4539607667,0.4748166593,0.4626563555,0.4795829662,0.2762353999,0.1511000444,0.2757915818,0.1510274257
0.0100000000,0.0132111841,0.0066203163,0.0104791242,0.0052512414,0.2000000000,0.8000000000,0.4539607667,0.4748166593,0.4626563555,0.4795829662,0.2762353999,0.1511000444,0.2757915818,0.1510274257
0.0120000000,0.0158073309,0.0079247974,0.0125628625,0.0062982258,0.2000000000,0.8000000000,0.4539607667,0.4748166593,0.4626563555,0.4795829662,0.2762353999,0.1511000444,0.2757915818,0.1510274257
0.0140000000,0.0183882099,0.0092227713,0.0146424042,0.0073440289,0.2000000000,0.8000000000,0.4539607667,0.4748166593,0.4626563555,0.4795829662,0.2762353999,0.1511000444,0.2757915818,0.1510274257
0.0160000000,0.0209538618,0.0105142469,0.0167176781,0.0083886110,0.2000000000,0.8000000000,0.4539607667,0.4748166593,0.4626563555,0.4795829662,0.2762353999,0.1511000444,0.2757915818,0.1510274257
0.0180000000,0.0235043269,0.0117992329,0.0187886132,0.0094319324,0.2000000000,0.8000000000,0.4539607667,0.4748166593,0.4626563555,0.4795829662,0.2762353999,0.1511000444,0.2757915818,0.1510274257
0.0200000000,0.0260396457,0.0130777378,0.0208551388,0.0104739534,0.2000000000,0.8000000000,0.4539607667,0.4748166593,0.4626563555,0.4795829662,0.2762353999,0.1511000444,0.2757915818,0.1510274257
0.0220000000,0.0285598584,0.0143497703,0.0229171844,0.0115146345,0.2000000000,0.8000000000,0.4539607667,0.4748166593,0.4626563555,0.4795829662,0.2762353999,0.1511000444,0.2757915818,0.1510274257
0.0240000000,0.0310650051,0.0156153390,0.0249746798,0.0125539362,0.2000000000,0.8000000000,0.4539607667,0.4748166593,0.4626563555,0.4795829662,0.2762353999,0.1511000444,0.2757915818,0.1510274257
0.0260000000,0.0335551256,0.0168744526,0.0270275550,0.0135918191,0.2000000000,0.8000000000,0.4539607667,0.4748166593,0.4626563555,0.4795829662,0.2762353999,0.1511000444,0.2757915818,0.1510274257
0.0280000000,0.0360302597,0.0181271197,0.0290757406,0.0146282440,0.2000000000,0.8000000000,0.4539607667,0.4748166593,0.4626563555,0.4795829662,0.2762353999,0.1511000444,0.2757915818,0.1510274257
0.0300000000,0.0384904472,0.0193733488,0.0311191672,0.0156631717,0.2000000000,0.8000000000,0.4539607667,0.4748166593,0.4626563555,0.4795829662,0.2762353999,0.1511000444,0.2757915818,0.1510274257
0.0320000000,0.0409357275,0.0206131486,0.0331577658,0.0166965630,0.2000000000,0.8000000000,0.4539607667,0.4748166593,0.4626563555,0.4795829662,0.2762353999,0.1511000444,0.2757915818,0.1510274257
0.0340000000,0.0433661399,0.0218465274,0.0351914675,0.0177283789,0.2000000000,0.8000000000,0.4539607667,0.4748166593,0.4626563555,0.4795829662,0.2762353999,0.1511000444,0.2757915818,0.1510274257
0.0360000000,0.0457817238,0.0230734940,0.0372202040,0.0187585806,0.2000000000,0.8000000000,0.4539607667,0.4748166593,0.4626563555,0.4795829662,0.2762353999,0.1511000444,0.2757915818,0.1510274257
0.0380000000,0.0481825181,0.0242940568,0.0392439071,0.0197871292,0.2000000000,0.8000000000,0.4539607667,0.4748166593,0.4626563555,0.4795829662,0.2762353999,0.1511000444,0.2757915818,0.1510274257
0.0400000000,0.0505685619,0.0255082244,0.0412625090,0.0208139860,0.2000000000,0.8000000000,0.4539607667,0.4748166593,0.4626563555,0.4795829662,0.2762353999,0.1511000444,0.2757915818,0.1510274257
0.0420000000,0.0529398939,0.0267160051,0.0432759420,0.0218391123,0.2000000000,0.8000000000,0.4539607667,0.4748166593,0.4626563555,0.4795829662,0.2762353999,0.1511000444,0.2757915818,0.1510274257
0.0440000000,0.0552965529,0.0279174076,0.0452841390,0.0228624697,0.2000000000,0.8000000000,0.4539607667,0.4748166593,0.4626563555,0.4795829662,0.2762353999,0.1511000444,0.2757915818,0.1510274257
0.0460000000,0.0576385773,0.0291124402,0.0472870330,0.0238840198,0.2000000000,0.8000000000,0.4539607667,0.4748166593,0.4626563555,0.4795829662,0.2762353999,0.1511000444,0.2757915818,0.1510274257
0.0480000000,0.0599660057,0.0303011115,0.0492845573,0.0249037242,0.2000000000,0.8000000000,0.4539607667,0.4748166593,0.4626563555,0.4795829662,0.2762353999,0.1511000444,0.2757915818,0.1510274257
0.0500000000,0.0622788762,0.0314834298,0.0512766457,0.0259215447,0.2000000000,0.8000000000,0.4539607667,0.4748166593,0.4626563555,0.4795829662,0.2762353999,0.1511000444,0.2757915818,0.1510274257
0.0520000000,0.0645772270,0.0326594035,0.0532632320,0.0269374432,0.2000000000,0.8000000000,0.4539607667,0.4748166593,0.4626563555,0.4795829662,0.2762353999,0.1511000444,0.2757915818,0.1510274257
0.0540000000,0.0668610961,0.0338290411,0.0552442505,0.0279513818,0.2000000000,0.8000000000,0.4539607667,0.4748166593,0.4626563555,0.4795829662,0.2762353999,0.1511000444,0.2757915818,0.1510274257
0.0560000000,0.0691305214,0.0349923510,0.0572196359,0.0289633225,0.2000000000,0.8000000000,0.4539607667,0.4748166593,0.4626563555,0.4795829662,0.2762353999,0.1511000444,0.2757915818,0.1510274257
0.0580000000,0.0713855407,0.0361493415,0.0591893230,0.0299732275,0.2000000000,0.8000000000,0.4539607667,0.4748166593,0.4626563555,0.4795829662,0.2762353999,0.1511000444,0.2757915818,0.1510274257
0.0600000000,0.0736261915,0.0373000210,0.0611532471,0.0309810593,0.2000000000,0.8000000000,0.4539607667,0.4748166593,0.4626563555,0.4795829662,0.2762353999,0.1511000444,0.2757915818,0.1510274257
0.0620000000,0.0758525113,0.0384443978,0.0631113437,0.0319867801,0.2000000000,0.8000000000,0.4539607667,0.4748166593,0.4626563555,0.4795829662,0.2762353999,0.1511000444,0.2757915818,0.1510274257
0.0640000000,0.0780645375,0.0395824803,0.0650635486,0.0329903528,0.2000000000,0.8000000000,0.4539607667,0.4748166593,0.4626563555,0.4795829662,0.2762353999,0.1511000444,0.2757915818,0.1510274257
0.0660000000,0.0802623073,0.0407142767,0.0670097980,0.0339917398,0.2000000000,0.8000000000,0.4539607667,0.4748166593,0.4626563555,0.4795829662,0.2762353999,0.1511000444,0.2757915818,0.1510274257
0.0680000000,0.0824458578,0.0418397954,0.0689500285,0.0349909039,0.2000000000,0.8000000000,0.4539607667,0.4748166593,0.4626563555,0.4795829662,0.2762353999,0.1511000444,0.2757915818,0.1510274257
0.0700000000,0.0846152259,0.0429590447,0.0708841769,0.0359878082,0.2000000000,0.8000000000,0.4539607667,0.4748166593,0.4626563555,0.4795829662,0.2762353999,0.1511000444,0.2757915818,0.1510274257
0.0720000000,0.0867704485,0.0440720328,0.0728121802,0.0369824157,0.2000000000,0.8000000000,0.4539607667,0.4748166593,0.4626563555,0.4795829662,0.2762353999,0.1511000444,0.2757915818,0.1510274257
0.0740000000,0.0889115624,0.0451787680,0.0747339760,0.0379746894,0.2000000000,0.8000000000,0.4539607667,0.4748166593,0.4626563555,0.4795829662,0.2762353999,0.1511000444,0.2757915818,0.1510274257
0.0760000000,0.0910386040,0.0462792585,0.0766495021,0.0389645927,0.2000000000,0.8000000000,0.4539607667,0.4748166593,0.4626563555,0.4795829662,0.2762353999,0.1511000444,0.2757915818,0.1510274257
0.0780000000,0.0931516099,0.0473735126,0.0785586966,0.0399520890,0.2000000000,0.8000000000,0.4539607667,0.4748166593,0.4626563555,0.4795829662,0.2762353999,0.1511000444,0.2757915818,0.1510274257
0.0800000000,0.0952506163,0.0484615385,0.0804614980,0.0409371418,0.2000000000,0.8000000000,0.4539607667,0.4748166593,0.4626563555,0.4795829662,0.2762353999,0.1511000444,0.2757915818,0.1510274257
0.0820000000,0.0973356595,0.0495433443,0.0823578451,0.0419197147,0.2000000000,0.8000000000,0.4539607667,0.4748166593,0.4626563555,0.4795829662,0.2762353999,0.1511000444,0.2757915818,0.1510274257
0.0840000000,0.0994067755,0.0506189382,0.0842476771,0.0428997716,0.2000000000,0.8000000000,0.4539607667,0.4748166593,0.4626563555,0.4795829662,0.2762353999,0.1511000444,0.2757915818,0.1510274257
0.0860000000,0.1014640003,0.0516883285,0.0861309333,0.0438772763,0.2000000000,0.8000000000,0.4539607667,0.4748166593,0.4626563555,0.4795829662,0.2762353999,0.1511000444,0.2757915818,0.1510274257
0.0880000000,0.1035073698,0.0527515232,0.0880075537,0.0448521929,0.2000000000,0.8000000000,0.4539607667,0.4748166593,0.4626563555,0.4795829662,0.2762353999,0.1511000444,0.2757915818,0.1510274257
0.0900000000,0.1055369196,0.0538085306,0.0898774784,0.0458244856,0.2000000000,0.8000000000,0.4539607667,0.4748166593,0.4626563555,0.4795829662,0.2762353999,0.1511000444,0.2757915818,0.1510274257
0.0920000000,0.1075526854,0.0548593587,0.0917406479,0.0467941186,0.2000000000,0.8000000000,0.4539607667,0.4748166593,0.4626563555,0.4795829662,0.2762353999,0.1511000444,0.2757915818,0.1510274257
0.0940000000,0.1095547025,0.0559040157,0.0935970031,0.0477610564,0.2000000000,0.8000000000,0.4539607667,0.4748166593,0.4626563555,0.4795829662,0.2762353999,0.1511000444,0.2757915818,0.1510274257
0.0960000000,0.1115430064,0.0569425096,0.0954464850,0.0487252636,0.2000000000,0.8000000000,0.4539607667,0.4748166593,0.4626563555,0.4795829662,0.2762353999,0.1511000444,0.2757915818,0.1510274257
0.0980000000,0.1135176322,0.0579748485,0.0972890354,0.0496867049,0.2000000000,0.8000000000,0.4539607667,0.4748166593,0.4626563555,0.4795829662,0.2762353999,0.1511000444,0.2757915818,0.1510274257
0.1000000000,0.1154786151,0.0590010406,0.0991245960,0.0506453451,0.2000000000,0.8000000000,0.4539607667,0.4748166593,0.4626563555,0.4795829662,0.2762353999,0.1511000444,0.2757915818,0.1510274257
0.1020000000,0.1174259900,0.0600210938,0.1009531090,0.0516011492,0.2000000000,0.8000000000,0.4539607667,0.4748166593,0.4626563555,0.4795829662,0.2762353999,0.1511000444,0.2757915818,0.1510274257
0.1040000000,0.1193597918,0.0610350162,0.1027745172,0.0525540823,0.2000000000,0.8000000000,0.4539607667,0.4748166593,0.4626563555,0.4795829662,0.2762353999,0.1511000444,0.2757915818,0.1510274257
0.1060000000,0.1212800553,0.0620428159,0.1045887634,0.0535041098,0.2000000000,0.8000000000,0.4539607667,0.4748166593,0.4626563555,0.4795829662,0.2762353999,0.1511000444,0.2757915818,0.1510274257
0.1080000000,0.1231868150,0.0630445008,0.1063957909,0.0544511969,0.2000000000,0.8000000000,0.4539607667,0.4748166593,0.4626563555,0.4795829662,0.2762353999,0.1511000444,0.2757915818,0.1510274257
0.1100000000,0.1250801055,0.0640400789,0.1081955434,0.0553953094,0.2000000000,0.8000000000,0.4539607667,0.4748166593,0.4626563555,0.4795829662,0.2762353999,0.1511000444,0.2757915818,0.1510274257
0.1120000000,0.1269599611,0.0650295583,0.1099879648,0.0563364127,0.2000000000,0.8000000000,0.4539607667,0.4748166593,0.4626563555,0.4795829662,0.2762353999,0.1511000444,0.2757915818,0.1510274257
0.1140000000,0.1288264162,0.0660129469,0.1117729996,0.0572744729,0.2000000000,0.8000000000,0.4539607667,0.4748166593,0.4626563555,0.4795829662,0.2762353999,0.1511000444,0.2757915818,0.1510274257
0.1160000000,0.1306795048,0.0669902526,0.1135505925,0.0582094559,0.2000000000,0.8000000000,0.4539607667,0.4748166593,0.4626563555,0.4795829662,0.2762353999,0.1511000444,0.2757915818,0.1510274257
0.1180000000,0.1325192611,0.0679614834,0.1153206885,0.0591413278,0.2000000000,0.8000000000,0.4539607667,0.4748166593,0.4626563555,0.4795829662,0.2762353999,0.1511000444,0.2757915818,0.1510274257
0.1200000000,0.1343457189,0.0689266473,0.1170832331,0.0600700550,0.2000000000,0.8000000000,0.4539607667,0.4748166593,0.4626563555,0.4795829662,0.2762353999,0.1511000444,0.2757915818,0.1510274257
0.1220000000,0.1361589121,0.0698857522,0.1188381722,0.0609956038,0.2000000000,0.8000000000,0.4539607667,0.4748166593,0.4626563555,0.4795829662,0.2762353999,0.1511000444,0.2757915818,0.1510274257
0.1240000000,0.1379588743,0.0708388058,0.1205854519,0.0619179408,0.2000000000,0.8000000000,0.4539607667,0.4748166593,0.4626563555,0.4795829662,0.2762353999,0.1511000444,0.2757915818,0.1510274257
0.1260000000,0.1397456391,0.0717858163,0.1223250187,0.0628370329,0.2000000000,0.8000000000,0.4539607667,0.4748166593,0.4626563555,0.4795829662,0.2762353999,0.1511000444,0.2757915818,0.1510274257
0.1280000000,0.1415192401,0.0727267913,0.1240568196,0.0637528468,0.2000000000,0.8000000000,0.4539607667,0.4748166593,0.4626563555,0.4795829662,0.2762353999,0.1511000444,0.2757915818,0.1510274257
0.1300000000,0.1432797104,0.0736617389,0.1257808019,0.0646653497,0.2000000000,0.8000000000,0.4539607667,0.4748166593,0.4626563555,0.4795829662,0.2762353999,0.1511000444,0.2757915818,0.1510274257
0.1320000000,0.1450270835,0.0745906667,0.1274969132,0.0655745088,0.2000000000,0.8000000000,0.4539607667,0.4748166593,0.4626563555,0.4795829662,0.2762353999,0.1511000444,0.2757915818,0.1510274257
0.1340000000,0.1467613924,0.0755135827,0.1292051015,0.0664802914,0.2000000000,0.8000000000,0.4539607667,0.4748166593,0.4626563555,0.4795829662,0.2762353999,0.1511000444,0.2757915818,0.1510274257
0.1360000000,0.1484826701,0.0764304948,0.1309053153,0.0673826650,0.2000000000,0.8000000000,0.4539607667,0.4748166593,0.4626563555,0.4795829662,0.2762353999,0.1511000444,0.2757915818,0.1510274257
0.1380000000,0.1501909495,0.0773414106,0.1325975034,0.0682815974,0.2000000000,0.8000000000,0.4539607667,0.4748166593,0.4626563555,0.4795829662,0.2762353999,0.1511000444,0.2757915818,0.1510274257
0.1400000000,0.1518862635,0.0782463379,0.1342816148,0.0691770563,0.2000000000,0.8000000000,0.4539607667,0.4748166593,0.4626563555,0.4795829662,0.2762353999,0.1511000444,0.2757915818,0.1510274257
0.1420000000,0.1535686447,0.0791452847,0.1359575991,0.0700690099,0.2000000000,0.8000000000,0.4539607667,0.4748166593,0.4626563555,0.4795829662,0.2762353999,0.1511000444,0.2757915818,0.1510274257
0.1440000000,0.1552381257,0.0800382586,0.1376254063,0.0709574263,0.2000000000,0.8000000000,0.4539607667,0.4748166593,0.4626563555,0.4795829662,0.2762353999,0.1511000444,0.2757915818,0.1510274257
0.1460000000,0.1568947389,0.0809252673,0.1392849866,0.0718422737,0.2000000000,0.8000000000,0.4539607667,0.4748166593,0.4626563555,0.4795829662,0.2762353999,0.1511000444,0.2757915818,0.1510274257
0.1480000000,0.1585385168,0.0818063187,0.1409362907,0.0727235208,0.2000000000,0.8000000000,0.4539607667,0.4748166593,0.4626563555,0.4795829662,0.2762353999,0.1511000444,0.2757915818,0.1510274257
0.1500000000,0.1601694915,0.0826814205,0.1425792696,0.0736011361,0.2000000000,0.8000000000,0.4539607667,0.4748166593,0.4626563555,0.4795829662,0.2762353999,0.1511000444,0.2757915818,0.1510274257
0.1520000000,0.1617876953,0.0835505803,0.1442138748,0.0744750885,0.2000000000,0.8000000000,0.4539607667,0.4748166593,0.4626563555,0.4795829662,0.2762353999,0.1511000444,0.2757915818,0.1510274257
0.1540000000,0.1633931600,0.0844138059,0.1458400581,0.0753453471,0.2000000000,0.8000000000,0.4539607667,0.4748166593,0.4626563555,0.4795829662,0.2762353999,0.1511000444,0.2757915818,0.1510274257
0.1560000000,0.1649859177,0.0852711049,0.1474577717,0.0762118810,0.2000000000,0.8000000000,0.4539607667,0.4748166593,0.4626563555,0.4795829662,0.2762353999,0.1511000444,0.2757915818,0.1510274257
0.1580000000,0.1665660002,0.0861224850,0.1490669682,0.0770746594,0.2000000000,0.8000000000,0.4539607667,0.4748166593,0.4626563555,0.4795829662,0.2762353999,0.1511000444,0.2757915818,0.1510274257
0.1600000000,0.1681334392,0.0869679540,0.1506676006,0.0779336521,0.2000000000,0.8000000000,0.4539607667,0.4748166593,0.4626563555,0.4795829662,0.2762353999,0.1511000444,0.2757915818,0.1510274257
0.1620000000,0.1696882663,0.0878075194,0.1522596222,0.0787888286,0.2000000000,0.8000000000,0.4539607667,0.4748166593,0.4626563555,0.4795829662,0.2762353999,0.1511000444,0.2757915818,0.1510274257
0.1640000000,0.1712305130,0.0886411888,0.1538429869,0.0796401588,0.2000000000,0.8000000000,0.4539607667,0.4748166593,0.4626563555,0.4795829662,0.2762353999,0.1511000444,0.2757915818,0.1510274257
0.1660000000,0.1727602108,0.0894689699,0.1554176486,0.0804876127,0.2000000000,0.8000000000,0.4539607667,0.4748166593,0.4626563555,0.4795829662,0.2762353999,0.1511000444,0.2757915818,0.1510274257
0.1680000000,0.1742773908,0.0902908703,0.1569835621,0.0813311605,0.2000000000,0.8000000000,0.4539607667,0.4748166593,0.4626563555,0.4795829662,0.2762353999,0.1511000444,0.2757915818,0.1510274257
0.1700000000,0.1757820842,0.0911068976,0.1585406822,0.0821707728,0.2000000000,0.8000000000,0.4539607667,0.4748166593,0.4626563555,0.4795829662,0.2762353999,0.1511000444,0.2757915818,0.1510274257
0.1720000000,0.1772743223,0.0919170594,0.1600889642,0.0830064199,0.2000000000,0.8000000000,0.4539607667,0.4748166593,0.4626563555,0.4795829662,0.2762353999,0.1511000444,0.2757915818,0.1510274257
0.1740000000,0.1787541359,0.0927213632,0.1616283639,0.0838380726,0.2000000000,0.8000000000,0.4539607667,0.4748166593,0.4626563555,0.4795829662,0.2762353999,0.1511000444,0.2757915818,0.1510274257
0.1760000000,0.1802215559,0.0935198166,0.1631588374,0.0846657020,0.2000000000,0.8000000000,0.4539607667,0.4748166593,0.4626563555,0.4795829662,0.2762353999,0.1511000444,0.2757915818,0.1510274257
0.1780000000,0.1816766132,0.0943124271,0.1646803412,0.0854892790,0.2000000000,0.8000000000,0.4539607667,0.4748166593,0.4626563555,0.4795829662,0.2762353999,0.1511000444,0.2757915818,0.1510274257
0.1800000000,0.1831193383,0.0950992023,0.1661928322,0.0863087750,0.2000000000,0.8000000000,0.4539607667,0.4748166593,0.4626563555,0.4795829662,0.2762353999,0.1511000444,0.2757915818,0.1510274257
0.1820000000,0.1845497619,0.0958801497,0.1676962678,0.0871241614,0.2000000000,0.8000000000,0.4539607667,0.4748166593,0.4626563555,0.4795829662,0.2762353999,0.1511000444,0.2757915818,0.1510274257
0.1840000000,0.1859679144,0.0966552767,0.1691906056,0.0879354100,0.2000000000,0.8000000000,0.4539607667,0.4748166593,0.4626563555,0.4795829662,0.2762353999,0.1511000444,0.2757915818,0.1510274257
0.1860000000,0.1873738263,0.0974245909,0.1706758037,0.0887424924,0.2000000000,0.8000000000,0.4539607667,0.4748166593,0.4626563555,0.4795829662,0.2762353999,0.1511000444,0.2757915818,0.1510274257
0.1880000000,0.1887675277,0.0981880998,0.1721518207,0.0895453808,0.2000000000,0.8000000000,0.4539607667,0.4748166593,0.4626563555,0.4795829662,0.2762353999,0.1511000444,0.2757915818,0.1510274257
0.1900000000,0.1901490488,0.0989458108,0.1736186154,0.0903440474,0.2000000000,0.8000000000,0.4539607667,0.4748166593,0.4626563555,0.4795829662,0.2762353999,0.1511000444,0.2757915818,0.1510274257
0.1920000000,0.1915184198,0.0996977314,0.1750761473,0.0911384645,0.2000000000,0.8000000000,0.4539607667,0.4748166593,0.4626563555,0.4795829662,0.2762353999,0.1511000444,0.2757915818,0.1510274257
0.1940000000,0.1928756706,0.1004438689,0.1765243760,0.0919286047,0.2000000000,0.8000000000,0.4539607667,0.4748166593,0.4626563555,0.4795829662,0.2762353999,0.1511000444,0.2757915818,0.1510274257
0.1960000000,0.1942208311,0.1011842309,0.1779632616,0.0927144409,0.2000000000,0.8000000000,0.4539607667,0.4748166593,0.4626563555,0.4795829662,0.2762353999,0.1511000444,0.2757915818,0.1510274257
0.1980000000,0.1955539310,0.1019188248,0.1793927647,0.0934959459,0.2000000000,0.8000000000,0.4539607667,0.4748166593,0.4626563555,0.4795829662,0.2762353999,0.1511000444,0.2757915818,0.1510274257
0.2000000000,0.1968750000,0.1026476578,0.1808128462,0.0942730929,0.2000000000,0.8000000000,0.4539607667,0.4748166593,0.4626563555,0.4795829662,0.2762353999,0.1511000444,0.2757915818,0.1510274257
0.2020000000,0.1981840678,0.1033707376,0.1822234674,0.0950458553,0.2000000000,0.8000000000,0.4539607667,0.4748166593,0.4626563555,0.4795829662,0.2762353999,0.1511000444,0.2757915818,0.1510274257
0.2040000000,0.1994811637,0.1040880713,0.1836245902,0.0958142066,0.2000000000,0.8000000000,0.4539607667,0.4748166593,0.4626563555,0.4795829662,0.2762353999,0.1511000444,0.2757915818,0.1510274257
0.2060000000,0.2007663173,0.1047996664,0.1850161766,0.0965781206,0.2000000000,0.8000000000,0.4539607667,0.4748166593,0.4626563555,0.4795829662,0.2762353999,0.1511000444,0.2757915818,0.1510274257
0.2080000000,0.2020395577,0.1055055303,0.1863981893,0.0973375710,0.2000000000,0.8000000000,0.4539607667,0.4748166593,0.4626563555,0.4795829662,0.2762353999,0.1511000444,0.2757915818,0.1510274257
0.2100000000,0.2033009142,0.1062056702,0.1877705912,0.0980925322,0.2000000000,0.8000000000,0.4539607667,0.4748166593,0.4626563555,0.4795829662,0.2762353999,0.1511000444,0.2757915818,0.1510274257
0.2120000000,0.2045504159,0.1069000934,0.1891333458,0.0988429784,0.2000000000,0.8000000000,0.4539607667,0.4748166593,0.4626563555,0.4795829662,0.2762353999,0.1511000444,0.2757915818,0.1510274257
0.2140000000,0.2057880918,0.1075888074,0.1904864167,0.0995888840,0.2000000000,0.8000000000,0.4539607667,0.4748166593,0.4626563555,0.4795829662,0.2762353999,0.1511000444,0.2757915818,0.1510274257
0.2160000000,0.2070139708,0.1082718194,0.1918297683,0.1003302239,0.2000000000,0.8000000000,0.4539607667,0.4748166593,0.4626563555,0.4795829662,0.2762353999,0.1511000444,0.2757915818,0.1510274257
0.2180000000,0.2082280817,0.1089491367,0.1931633652,0.1010669729,0.2000000000,0.8000000000,0.4539607667,0.4748166593,0.4626563555,0.4795829662,0.2762353999,0.1511000444,0.2757915818,0.1510274257
0.2200000000,0.2094304533,0.1096207666,0.1944871724,0.1017991060,0.2000000000,0.8000000000,0.4539607667,0.4748166593,0.4626563555,0.4795829662,0.2762353999,0.1511000444,0.2757915818,0.1510274257
0.2220000000,0.2106211142,0.1102867163,0.1958011553,0.1025265988,0.2000000000,0.8000000000,0.4539607667,0.4748166593,0.4626563555,0.4795829662,0.2762353999,0.1511000444,0.2757915818,0.1510274257
0.2240000000,0.2118000928,0.1109469930,0.1971052800,0.1032494265,0.2000000000,0.8000000000,0.4539607667,0.4748166593,0.4626563555,0.4795829662,0.2762353999,0.1511000444,0.2757915818,0.1510274257
0.2260000000,0.2129674178,0.1116016041,0.1983995125,0.1039675650,0.2000000000,0.8000000000,0.4539607667,0.4748166593,0.4626563555,0.4795829662,0.2762353999,0.1511000444,0.2757915818,0.1510274257
0.2280000000,0.2141231173,0.1122505567,0.1996838197,0.1046809901,0.2000000000,0.8000000000,0.4539607667,0.4748166593,0.4626563555,0.4795829662,0.2762353999,0.1511000444,0.2757915818,0.1510274257
0.2300000000,0.2152672198,0.1128938581,0.2009581686,0.1053896780,0.2000000000,0.8000000000,0.4539607667,0.4748166593,0.4626563555,0.4795829662,0.2762353999,0.1511000444,0.2757915818,0.1510274257
0.2320000000,0.2163997532,0.1135315155,0.2022225268,0.1060936050,0.2000000000,0.8000000000,0.4539607667,0.4748166593,0.4626563555,0.4795829662,0.2762353999,0.1511000444,0.2757915818,0.1510274257
0.2340000000,0.2175207458,0.1141635360,0.2034768623,0.1067927475,0.2000000000,0.8000000000,0.4539607667,0.4748166593,0.4626563555,0.4795829662,0.2762353999,0.1511000444,0.2757915818,0.1510274257
0.2360000000,0.2186302256,0.1147899268,0.2047211434,0.1074870824,0.2000000000,0.8000000000,0.4539607667,0.4748166593,0.4626563555,0.4795829662,0.2762353999,0.1511000444,0.2757915818,0.1510274257
0.2380000000,0.2197282203,0.1154106952,0.2059553390,0.1081765865,0.2000000000,0.8000000000,0.4539607667,0.4748166593,0.4626563555,0.4795829662,0.2762353999,0.1511000444,0.2757915818,0.1510274257
0.2400000000,0.2208147579,0.1160258481,0.2071794181,0.1088612371,0.2000000000,0.8000000000,0.4539607667,0.4748166593,0.4626563555,0.4795829662,0.2762353999,0.1511000444,0.2757915818,0.1510274257
0.2420000000,0.2218898660,0.1166353929,0.2083933505,0.1095410113,0.2000000000,0.8000000000,0.4539607667,0.4748166593,0.4626563555,0.4795829662,0.2762353999,0.1511000444,0.2757915818,0.1510274257
0.2440000000,0.2229535723,0.1172393366,0.2095971063,0.1102158868,0.2000000000,0.8000000000,0.4539607667,0.4748166593,0.4626563555,0.4795829662,0.2762353999,0.1511000444,0.2757915818,0.1510274257
0.2460000000,0.2240059042,0.1178376863,0.2107906558,0.1108858414,0.2000000000,0.8000000000,0.4539607667,0.4748166593,0.4626563555,0.4795829662,0.2762353999,0.1511000444,0.2757915818,0.1510274257
0.2480000000,0.2250468894,0.1184304492,0.2119739700,0.1115508530,0.2000000000,0.8000000000,0.4539607667,0.4748166593,0.4626563555,0.4795829662,0.2762353999,0.1511000444,0.2757915818,0.1510274257
0.2500000000,0.2260765550,0.1190176322,0.2131470202,0.1122108998,0.2000000000,0.8000000000,0.4539607667,0.4748166593,0.4626563555,0.4795829662,0.2762353999,0.1511000444,0.2757915818,0.1510274257
0.2520000000,0.2270949285,0.1195992426,0.2143097781,0.1128659602,0.2000000000,0.8000000000,0.4539607667,0.4748166593,0.4626563555,0.4795829662,0.2762353999,0.1511000444,0.2757915818,0.1510274257
0.2540000000,0.2281020369,0.1201752874,0.2154622159,0.1135160127,0.2000000000,0.8000000000,0.4539607667,0.4748166593,0.4626563555,0.4795829662,0.2762353999,0.1511000444,0.2757915818,0.1510274257
0.2560000000,0.2290979074,0.1207457736,0.2166043062,0.1141610363,0.2000000000,0.8000000000,0.4539607667,0.4748166593,0.4626563555,0.4795829662,0.2762353999,0.1511000444,0.2757915818,0.1510274257
0.2580000000,0.2300825671,0.1213107083,0.2177360220,0.1148010099,0.2000000000,0.8000000000,0.4539607667,0.4748166593,0.4626563555,0.4795829662,0.2762353999,0.1511000444,0.2757915818,0.1510274257
0.2600000000,0.2310560427,0.1218700985,0.2188573367,0.1154359127,0.2000000000,0.8000000000,0.4539607667,0.4748166593,0.4626563555,0.4795829662,0.2762353999,0.1511000444,0.2757915818,0.1510274257
0.2620000000,0.2320183612,0.1224239513,0.2199682241,0.1160657243,0.2000000000,0.8000000000,0.4539607667,0.4748166593,0.4626563555,0.4795829662,0.2762353999,0.1511000444,0.2757915818,0.1510274257
0.2640000000,0.2329695493,0.1229722736,0.2210686586,0.1166904243,0.2000000000,0.8000000000,0.4539607667,0.4748166593,0.4626563555,0.4795829662,0.2762353999,0.1511000444,0.2757915818,0.1510274257
0.2660000000,0.2339096337,0.1235150724,0.2221586149,0.1173099926,0.2000000000,0.8000000000,0.4539607667,0.4748166593,0.4626563555,0.4795829662,0.2762353999,0.1511000444,0.2757915818,0.1510274257
0.2680000000,0.2348386410,0.1240523548,0.2232380680,0.1179244092,0.2000000000,0.8000000000,0.4539607667,0.4748166593,0.4626563555,0.4795829662,0.2762353999,0.1511000444,0.2757915818,0.1510274257
0.2700000000,0.2357565977,0.1245841276,0.2243069935,0.1185336545,0.2000000000,0.8000000000,0.4539607667,0.4748166593,0.4626563555,0.4795829662,0.2762353999,0.1511000444,0.2757915818,0.1510274257
0.2720000000,0.2366635301,0.1251103979,0.2253653674,0.1191377091,0.2000000000,0.8000000000,0.4539607667,0.4748166593,0.4626563555,0.4795829662,0.2762353999,0.1511000444,0.2757915818,0.1510274257
0.2740000000,0.2375594647,0.1256311727,0.2264131661,0.1197365536,0.2000000000,0.8000000000,0.4539607667,0.4748166593,0.4626563555,0.4795829662,0.2762353999,0.1511000444,0.2757915818,0.1510274257
0.2760000000,0.2384444276,0.1261464588,0.2274503665,0.1203301690,0.2000000000,0.8000000000,0.4539607667,0.4748166593,0.4626563555,0.4795829662,0.2762353999,0.1511000444,0.2757915818,0.1510274257
0.2780000000,0.2393184451,0.1266562631,0.2284769457,0.1209185366,0.2000000000,0.8000000000,0.4539607667,0.4748166593,0.4626563555,0.4795829662,0.2762353999,0.1511000444,0.2757915818,0.1510274257
0.2800000000,0.2401815431,0.1271605927,0.2294928815,0.1215016377,0.2000000000,0.8000000000,0.4539607667,0.4748166593,0.4626563555,0.4795829662,0.2762353999,0.1511000444,0.2757915818,0.1510274257
0.2820000000,0.2410337478,0.1276594544,0.2304981520,0.1220794540,0.2000000000,0.8000000000,0.4539607667,0.4748166593,0.4626563555,0.4795829662,0.2762353999,0.1511000444,0.2757915818,0.1510274257
0.2840000000,0.2418750850,0.1281528550,0.2314927356,0.1226519672,0.2000000000,0.8000000000,0.4539607667,0.4748166593,0.4626563555,0.4795829662,0.2762353999,0.1511000444,0.2757915818,0.1510274257
0.2860000000,0.2427055805,0.1286408016,0.2324766115,0.1232191595,0.2000000000,0.8000000000,0.4539607667,0.4748166593,0.4626563555,0.4795829662,0.2762353999,0.1511000444,0.2757915818,0.1510274257
0.2880000000,0.2435252601,0.1291233008,0.2334497588,0.1237810132,0.2000000000,0.8000000000,0.4539607667,0.4748166593,0.4626563555,0.4795829662,0.2762353999,0.1511000444,0.2757915818,0.1510274257
0.2900000000,0.2443341496,0.1296003597,0.2344121576,0.1243375107,0.2000000000,0.8000000000,0.4539607667,0.4748166593,0.4626563555,0.4795829662,0.2762353999,0.1511000444,0.2757915818,0.1510274257
0.2920000000,0.2451322743,0.1300719850,0.2353637879,0.1248886348,0.2000000000,0.8000000000,0.4539607667,0.4748166593,0.4626563555,0.4795829662,0.2762353999,0.1511000444,0.2757915818,0.1510274257
0.2940000000,0.2459196600,0.1305381836,0.2363046305,0.1254343684,0.2000000000,0.8000000000,0.4539607667,0.4748166593,0.4626563555,0.4795829662,0.2762353999,0.1511000444,0.2757915818,0.1510274257
0.2960000000,0.2466963319,0.1309989622,0.2372346665,0.1259746948,0.2000000000,0.8000000000,0.4539607667,0.4748166593,0.4626563555,0.4795829662,0.2762353999,0.1511000444,0.2757915818,0.1510274257
0.2980000000,0.2474623155,0.1314543278,0.2381538774,0.1265095972,0.2000000000,0.8000000000,0.4539607667,0.4748166593,0.4626563555,0.4795829662,0.2762353999,0.1511000444,0.2757915818,0.1510274257
0.3000000000,0.2482176360,0.1319042871,0.2390622451,0.1270390594,0.2000000000,0.8000000000,0.4539607667,0.4748166593,0.4626563555,0.4795829662,0.2762353999,0.1511000444,0.2757915818,0.1510274257
0.3020000000,0.2489623186,0.1323488469,0.2399597520,0.1275630652,0.2000000000,0.8000000000,0.4539607667,0.4748166593,0.4626563555,0.4795829662,0.2762353999,0.1511000444,0.2757915818,0.1510274257
0.3040000000,0.2496963884,0.1327880140,0.2408463809,0.1280815986,0.2000000000,0.8000000000,0.4539607667,0.4748166593,0.4626563555,0.4795829662,0.2762353999,0.1511000444,0.2757915818,0.1510274257
0.3060000000,0.2504198705,0.1332217952,0.2417221151,0.1285946440,0.2000000000,0.8000000000,0.4539607667,0.4748166593,0.4626563555,0.4795829662,0.2762353999,0.1511000444,0.2757915818,0.1510274257
0.3080000000,0.2511327897,0.1336501971,0.2425869382,0.1291021859,0.2000000000,0.8000000000,0.4539607667,0.4748166593,0.4626563555,0.4795829662,0.2762353999,0.1511000444,0.2757915818,0.1510274257
0.3100000000,0.2518351710,0.1340732265,0.2434408343,0.1296042090,0.2000000000,0.8000000000,0.4539607667,0.4748166593,0.4626563555,0.4795829662,0.2762353999,0.1511000444,0.2757915818,0.1510274257
0.3120000000,0.2525270391,0.1344908903,0.2442837880,0.1301006983,0.2000000000,0.8000000000,0.4539607667,0.4748166593,0.4626563555,0.4795829662,0.2762353999,0.1511000444,0.2757915818,0.1510274257
0.3140000000,0.2532084189,0.1349031950,0.2451157840,0.1305916390,0.2000000000,0.8000000000,0.4539607667,0.4748166593,0.4626563555,0.4795829662,0.2762353999,0.1511000444,0.2757915818,0.1510274257
0.3160000000,0.2538793348,0.1353101475,0.2459368079,0.1310770165,0.2000000000,0.8000000000,0.4539607667,0.4748166593,0.4626563555,0.4795829662,0.2762353999,0.1511000444,0.2757915818,0.1510274257
0.3180000000,0.2545398115,0.1357117543,0.2467468455,0.1315568165,0.2000000000,0.8000000000,0.4539607667,0.4748166593,0.4626563555,0.4795829662,0.2762353999,0.1511000444,0.2757915818,0.1510274257
0.3200000000,0.2551898734,0.1361080222,0.2475458828,0.1320310249,0.2000000000,0.8000000000,0.4539607667,0.4748166593,0.4626563555,0.4795829662,0.2762353999,0.1511000444,0.2757915818,0.1510274257
0.3220000000,0.2558295450,0.1364989579,0.2483339067,0.1324996278,0.2000000000,0.8000000000,0.4539607667,0.4748166593,0.4626563555,0.4795829662,0.2762353999,0.1511000444,0.2757915818,0.1510274257
0.3240000000,0.2564588506,0.1368845681,0.2491109042,0.1329626115,0.2000000000,0.8000000000,0.4539607667,0.4748166593,0.4626563555,0.4795829662,0.2762353999,0.1511000444,0.2757915818,0.1510274257
0.3260000000,0.2570778145,0.1372648593,0.2498768627,0.1334199626,0.2000000000,0.8000000000,0.4539607667,0.4748166593,0.4626563555,0.4795829662,0.2762353999,0.1511000444,0.2757915818,0.1510274257
0.3280000000,0.2576864608,0.1376398382,0.2506317702,0.1338716679,0.2000000000,0.8000000000,0.4539607667,0.4748166593,0.4626563555,0.4795829662,0.2762353999,0.1511000444,0.2757915818,0.1510274257
0.3300000000,0.2582848136,0.1380095115,0.2513756152,0.1343177145,0.2000000000,0.8000000000,0.4539607667,0.4748166593,0.4626563555,0.4795829662,0.2762353999,0.1511000444,0.2757915818,0.1510274257
0.3320000000,0.2588728971,0.1383738858,0.2521083862,0.1347580896,0.2000000000,0.8000000000,0.4539607667,0.4748166593,0.4626563555,0.4795829662,0.2762353999,0.1511000444,0.2757915818,0.1510274257
0.3340000000,0.2594507350,0.1387329677,0.2528300726,0.1351927806,0.2000000000,0.8000000000,0.4539607667,0.4748166593,0.4626563555,0.4795829662,0.2762353999,0.1511000444,0.2757915818,0.1510274257
0.3360000000,0.2600183513,0.1390867638,0.2535406641,0.1356217754,0.2000000000,0.8000000000,0.4539607667,0.4748166593,0.4626563555,0.4795829662,0.2762353999,0.1511000444,0.2757915818,0.1510274257
0.3380000000,0.2605757699,0.1394352806,0.2542401505,0.1360450619,0.2000000000,0.8000000000,0.4539607667,0.4748166593,0.4626563555,0.4795829662,0.2762353999,0.1511000444,0.2757915818,0.1510274257
0.3400000000,0.2611230144,0.1397785248,0.2549285225,0.1364626281,0.2000000000,0.8000000000,0.4539607667,0.4748166593,0.4626563555,0.4795829662,0.2762353999,0.1511000444,0.2757915818,0.1510274257
0.3420000000,0.2616601085,0.1401165029,0.2556057710,0.1368744627,0.2000000000,0.8000000000,0.4539607667,0.4748166593,0.4626563555,0.4795829662,0.2762353999,0.1511000444,0.2757915818,0.1510274257
0.3440000000,0.2621870758,0.1404492215,0.2562718873,0.1372805542,0.2000000000,0.8000000000,0.4539607667,0.4748166593,0.4626563555,0.4795829662,0.2762353999,0.1511000444,0.2757915818,0.1510274257
0.3460000000,0.2627039399,0.1407766871,0.2569268631,0.1376808914,0.2000000000,0.8000000000,0.4539607667,0.4748166593,0.4626563555,0.4795829662,0.2762353999,0.1511000444,0.2757915818,0.1510274257
0.3480000000,0.2632107240,0.1410989063,0.2575706907,0.1380754636,0.2000000000,0.8000000000,0.4539607667,0.4748166593,0.4626563555,0.4795829662,0.2762353999,0.1511000444,0.2757915818,0.1510274257
0.3500000000,0.2637074517,0.1414158855,0.2582033626,0.1384642600,0.2000000000,0.8000000000,0.4539607667,0.4748166593,0.4626563555,0.4795829662,0.2762353999,0.1511000444,0.2757915818,0.1510274257
0.3520000000,0.2641941462,0.1417276314,0.2588248719,0.1388472703,0.2000000000,0.8000000000,0.4539607667,0.4748166593,0.4626563555,0.4795829662,0.2762353999,0.1511000444,0.2757915818,0.1510274257
0.3540000000,0.2646708307,0.1420341503,0.2594352120,0.1392244842,0.2000000000,0.8000000000,0.4539607667,0.4748166593,0.4626563555,0.4795829662,0.2762353999,0.1511000444,0.2757915818,0.1510274257
0.3560000000,0.2651375285,0.1423354488,0.2600343768,0.1395958918,0.2000000000,0.8000000000,0.4539607667,0.4748166593,0.4626563555,0.4795829662,0.2762353999,0.1511000444,0.2757915818,0.1510274257
0.3580000000,0.2655942624,0.1426315333,0.2606223607,0.1399614833,0.2000000000,0.8000000000,0.4539607667,0.4748166593,0.4626563555,0.4795829662,0.2762353999,0.1511000444,0.2757915818,0.1510274257
0.3600000000,0.2660410557,0.1429224104,0.2611991583,0.1403212493,0.2000000000,0.8000000000,0.4539607667,0.4748166593,0.4626563555,0.4795829662,0.2762353999,0.1511000444,0.2757915818,0.1510274257
0.3620000000,0.2664779312,0.1432080865,0.2617647648,0.1406751805,0.2000000000,0.8000000000,0.4539607667,0.4748166593,0.4626563555,0.4795829662,0.2762353999,0.1511000444,0.2757915818,0.1510274257
0.3640000000,0.2669049118,0.1434885679,0.2623191757,0.1410232679,0.2000000000,0.8000000000,0.4539607667,0.4748166593,0.4626563555,0.4795829662,0.2762353999,0.1511000444,0.2757915818,0.1510274257
0.3660000000,0.2673220203,0.1437638613,0.2628623871,0.1413655026,0.2000000000,0.8000000000,0.4539607667,0.4748166593,0.4626563555,0.4795829662,0.2762353999,0.1511000444,0.2757915818,0.1510274257
0.3680000000,0.2677292793,0.1440339729,0.2633943954,0.1417018763,0.2000000000,0.8000000000,0.4539607667,0.4748166593,0.4626563555,0.4795829662,0.2762353999,0.1511000444,0.2757915818,0.1510274257
0.3700000000,0.2681267117,0.1442989093,0.2639151973,0.1420323804,0.2000000000,0.8000000000,0.4539607667,0.4748166593,0.4626563555,0.4795829662,0.2762353999,0.1511000444,0.2757915818,0.1510274257
0.3720000000,0.2685143399,0.1445586768,0.2644247901,0.1423570070,0.2000000000,0.8000000000,0.4539607667,0.4748166593,0.4626563555,0.4795829662,0.2762353999,0.1511000444,0.2757915818,0.1510274257
0.3740000000,0.2688921865,0.1448132818,0.2649231716,0.1426757482,0.2000000000,0.8000000000,0.4539607667,0.4748166593,0.4626563555,0.4795829662,0.2762353999,0.1511000444,0.2757915818,0.1510274257
0.3760000000,0.2692602740,0.1450627306,0.2654103397,0.1429885963,0.2000000000,0.8000000000,0.4539607667,0.4748166593,0.4626563555,0.4795829662,0.2762353999,0.1511000444,0.2757915818,0.1510274257
0.3780000000,0.2696186246,0.1453070298,0.2658862930,0.1432955440,0.2000000000,0.8000000000,0.4539607667,0.4748166593,0.4626563555,0.4795829662,0.2762353999,0.1511000444,0.2757915818,0.1510274257
0.3800000000,0.2699672608,0.1455461855,0.2663510304,0.1435965842,0.2000000000,0.8000000000,0.4539607667,0.4748166593,0.4626563555,0.4795829662,0.2762353999,0.1511000444,0.2757915818,0.1510274257
0.3820000000,0.2703062048,0.1457802043,0.2668045513,0.1438917098,0.2000000000,0.8000000000,0.4539607667,0.4748166593,0.4626563555,0.4795829662,0.2762353999,0.1511000444,0.2757915818,0.1510274257
0.3840000000,0.2706354787,0.1460090923,0.2672468554,0.1441809144,0.2000000000,0.8000000000,0.4539607667,0.4748166593,0.4626563555,0.4795829662,0.2762353999,0.1511000444,0.2757915818,0.1510274257
0.3860000000,0.2709551047,0.1462328561,0.2676779428,0.1444641913,0.2000000000,0.8000000000,0.4539607667,0.4748166593,0.4626563555,0.4795829662,0.2762353999,0.1511000444,0.2757915818,0.1510274257
0.3880000000,0.2712651048,0.1464515017,0.2680978142,0.1447415344,0.2000000000,0.8000000000,0.4539607667,0.4748166593,0.4626563555,0.4795829662,0.2762353999,0.1511000444,0.2757915818,0.1510274257
0.3900000000,0.2715655010,0.1466650357,0.2685064706,0.1450129378,0.2000000000,0.8000000000,0.4539607667,0.4748166593,0.4626563555,0.4795829662,0.2762353999,0.1511000444,0.2757915818,0.1510274257
0.3920000000,0.2718563152,0.1468734643,0.2689039133,0.1452783956,0.2000000000,0.8000000000,0.4539607667,0.4748166593,0.4626563555,0.4795829662,0.2762353999,0.1511000444,0.2757915818,0.1510274257
0.3940000000,0.2721375692,0.1470767937,0.2692901443,0.1455379024,0.2000000000,0.8000000000,0.4539607667,0.4748166593,0.4626563555,0.4795829662,0.2762353999,0.1511000444,0.2757915818,0.1510274257
0.3960000000,0.2724092848,0.1472750303,0.2696651657,0.1457914530,0.2000000000,0.8000000000,0.4539607667,0.4748166593,0.4626563555,0.4795829662,0.2762353999,0.1511000444,0.2757915818,0.1510274257
0.3980000000,0.2726714838,0.1474681803,0.2700289802,0.1460390422,0.2000000000,0.8000000000,0.4539607667,0.4748166593,0.4626563555,0.4795829662,0.2762353999,0.1511000444,0.2757915818,0.1510274257
0.4000000000,0.2729241877,0.1476562500,0.2703815908,0.1462806653,0.2000000000,0.8000000000,0.4539607667,0.4748166593,0.4626563555,0.4795829662,0.2762353999,0.1511000444,0.2757915818,0.1510274257
0.4020000000,0.2731674182,0.1478392456,0.2707230011,0.1465163178,0.2000000000,0.8000000000,0.4539607667,0.4748166593,0.4626563555,0.4795829662,0.2762353999,0.1511000444,0.2757915818,0.1510274257
0.4040000000,0.2734011967,0.1480171734,0.2710532150,0.1467459953,0.2000000000,0.8000000000,0.4539607667,0.4748166593,0.4626563555,0.4795829662,0.2762353999,0.1511000444,0.2757915818,0.1510274257
0.4060000000,0.2736255448,0.1481900396,0.2713722366,0.1469696937,0.2000000000,0.8000000000,0.4539607667,0.4748166593,0.4626563555,0.4795829662,0.2762353999,0.1511000444,0.2757915818,0.1510274257
0.4080000000,0.2738404837,0.1483578504,0.2716800709,0.1471874091,0.2000000000,0.8000000000,0.4539607667,0.4748166593,0.4626563555,0.4795829662,0.2762353999,0.1511000444,0.2757915818,0.1510274257
0.4100000000,0.2740460349,0.1485206120,0.2719767227,0.1473991380,0.2000000000,0.8000000000,0.4539607667,0.4748166593,0.4626563555,0.4795829662,0.2762353999,0.1511000444,0.2757915818,0.1510274257
0.4120000000,0.2742422195,0.1486783307,0.2722621977,0.1476048769,0.2000000000,0.8000000000,0.4539607667,0.4748166593,0.4626563555,0.4795829662,0.2762353999,0.1511000444,0.2757915818,0.1510274257
0.4140000000,0.2744290588,0.1488310125,0.2725365018,0.1478046228,0.2000000000,0.8000000000,0.4539607667,0.4748166593,0.4626563555,0.4795829662,0.2762353999,0.1511000444,0.2757915818,0.1510274257
0.4160000000,0.2746065738,0.1489786638,0.2727996414,0.1479983726,0.2000000000,0.8000000000,0.4539607667,0.4748166593,0.4626563555,0.4795829662,0.2762353999,0.1511000444,0.2757915818,0.1510274257
0.4180000000,0.2747747858,0.1491212905,0.2730516231,0.1481861238,0.2000000000,0.8000000000,0.4539607667,0.4748166593,0.4626563555,0.4795829662,0.2762353999,0.1511000444,0.2757915818,0.1510274257
0.4200000000,0.2749337155,0.1492588990,0.2732924541,0.1483678738,0.2000000000,0.8000000000,0.4539607667,0.4748166593,0.4626563555,0.4795829662,0.2762353999,0.1511000444,0.2757915818,0.1510274257
0.4220000000,0.2750833841,0.1493914954,0.2735221420,0.1485436205,0.2000000000,0.8000000000,0.4539607667,0.4748166593,0.4626563555,0.4795829662,0.2762353999,0.1511000444,0.2757915818,0.1510274257
0.4240000000,0.2752238122,0.1495190857,0.2737406946,0.1487133619,0.2000000000,0.8000000000,0.4539607667,0.4748166593,0.4626563555,0.4795829662,0.2762353999,0.1511000444,0.2757915818,0.1510274257
0.4260000000,0.2753550209,0.1496416762,0.2739481205,0.1488770962,0.2000000000,0.8000000000,0.4539607667,0.4748166593,0.4626563555,0.4795829662,0.2762353999,0.1511000444,0.2757915818,0.1510274257
0.4280000000,0.2754770308,0.1497592729,0.2741444282,0.1490348220,0.2000000000,0.8000000000,0.4539607667,0.4748166593,0.4626563555,0.4795829662,0.2762353999,0.1511000444,0.2757915818,0.1510274257
0.4300000000,0.2755898626,0.1498718820,0.2743296270,0.1491865379,0.2000000000,0.8000000000,0.4539607667,0.4748166593,0.4626563555,0.4795829662,0.2762353999,0.1511000444,0.2757915818,0.1510274257
0.4320000000,0.2756935369,0.1499795095,0.2745037264,0.1493322430,0.2000000000,0.8000000000,0.4539607667,0.4748166593,0.4626563555,0.4795829662,0.2762353999,0.1511000444,0.2757915818,0.1510274257
0.4340000000,0.2757880743,0.1500821615,0.2746667363,0.1494719363,0.2000000000,0.8000000000,0.4539607667,0.4748166593,0.4626563555,0.4795829662,0.2762353999,0.1511000444,0.2757915818,0.1510274257
0.4360000000,0.2758734953,0.1501798441,0.2748186672,0.1496056175,0.2000000000,0.8000000000,0.4539607667,0.4748166593,0.4626563555,0.4795829662,0.2762353999,0.1511000444,0.2757915818,0.1510274257
0.4380000000,0.2759498203,0.1502725634,0.2749595297,0.1497332860,0.2000000000,0.8000000000,0.4539607667,0.4748166593,0.4626563555,0.4795829662,0.2762353999,0.1511000444,0.2757915818,0.1510274257
0.4400000000,0.2760170697,0.1503603255,0.2750893350,0.1498549419,0.2000000000,0.8000000000,0.4539607667,0.4748166593,0.4626563555,0.4795829662,0.2762353999,0.1511000444,0.2757915818,0.1510274257
0.4420000000,0.2760752638,0.1504431363,0.2752080946,0.1499705852,0.2000000000,0.8000000000,0.4539607667,0.4748166593,0.4626563555,0.4795829662,0.2762353999,0.1511000444,0.2757915818,0.1510274257
0.4440000000,0.2761244230,0.1505210019,0.2753158204,0.1500802163,0.2000000000,0.8000000000,0.4539607667,0.4748166593,0.4626563555,0.4795829662,0.2762353999,0.1511000444,0.2757915818,0.1510274257
0.4460000000,0.2761645673,0.1505939284,0.2754125248,0.1501838358,0.2000000000,0.8000000000,0.4539607667,0.4748166593,0.4626563555,0.4795829662,0.2762353999,0.1511000444,0.2757915818,0.1510274257
0.4480000000,0.2761957169,0.1506619217,0.2754982205,0.1502814446,0.2000000000,0.8000000000,0.4539607667,0.4748166593,0.4626563555,0.4795829662,0.2762353999,0.1511000444,0.2757915818,0.1510274257
0.4500000000,0.2762178919,0.1507249879,0.2755729205,0.1503730436,0.2000000000,0.8000000000,0.4539607667,0.4748166593,0.4626563555,0.4795829662,0.2762353999,0.1511000444,0.2757915818,0.1510274257
0.4520000000,0.2762311124,0.1507831330,0.2756366385,0.1504586343,0.2000000000,0.8000000000,0.4539607667,0.4748166593,0.4626563555,0.4795829662,0.2762353999,0.1511000444,0.2757915818,0.1510274257
0.4540000000,0.2762353982,0.1508363629,0.2756893881,0.1505382181,0.2000000000,0.8000000000,0.4539607667,0.4748166593,0.4626563555,0.4795829662,0.2762353999,0.1511000444,0.2757915818,0.1510274257
0.4560000000,0.2762307692,0.1508846837,0.2757311838,0.1506117967,0.2000000000,0.8000000000,0.4539607667,0.4748166593,0.4626563555,0.4795829662,0.2762353999,0.1511000444,0.2757915818,0.1510274257
0.4580000000,0.2762172454,0.1509281013,0.2757620402,0.1506793722,0.2000000000,0.8000000000,0.4539607667,0.4748166593,0.4626563555,0.4795829662,0.2762353999,0.1511000444,0.2757915818,0.1510274257
0.4600000000,0.2761948465,0.1509666216,0.2757819722,0.1507409468,0.2000000000,0.8000000000,0.4539607667,0.4748166593,0.4626563555,0.4795829662,0.2762353999,0.1511000444,0.2757915818,0.1510274257
0.4620000000,0.2761635921,0.1510002507,0.2757909954,0.1507965229,0.2000000000,0.8000000000,0.4539607667,0.4748166593,0.4626563555,0.4795829662,0.2762353999,0.1511000444,0.2757915818,0.1510274257
0.4640000000,0.2761235020,0.1510289944,0.2757891256,0.1508461033,0.2000000000,0.8000000000,0.4539607667,0.4748166593,0.4626563555,0.4795829662,0.2762353999,0.1511000444,0.2757915818,0.1510274257
0.4660000000,0.2760745959,0.1510528588,0.2757763788,0.1508896908,0.2000000000,0.8000000000,0.4539607667,0.4748166593,0.4626563555,0.4795829662,0.2762353999,0.1511000444,0.2757915818,0.1510274257
0.4680000000,0.2760168931,0.1510718496,0.2757527718,0.1509272886,0.2000000000,0.8000000000,0.4539607667,0.4748166593,0.4626563555,0.4795829662,0.2762353999,0.1511000444,0.2757915818,0.1510274257
0.4700000000,0.2759504132,0.1510859729,0.2757183215,0.1509589000,0.2000000000,0.8000000000,0.4539607667,0.4748166593,0.4626563555,0.4795829662,0.2762353999,0.1511000444,0.2757915818,0.1510274257
0.4720000000,0.2758751757,0.1510952344,0.2756730451,0.1509845287,0.2000000000,0.8000000000,0.4539607667,0.4748166593,0.4626563555,0.4795829662,0.2762353999,0.1511000444,0.2757915818,0.1510274257
0.4740000000,0.2757911999,0.1510996402,0.2756169605,0.1510041784,0.2000000000,0.8000000000,0.4539607667,0.4748166593,0.4626563555,0.4795829662,0.2762353999,0.1511000444,0.2757915818,0.1510274257
0.4760000000,0.2756985052,0.1510991961,0.2755500856,0.1510178534,0.2000000000,0.8000000000,0.4539607667,0.4748166593,0.4626563555,0.4795829662,0.2762353999,0.1511000444,0.2757915818,0.1510274257
0.4780000000,0.2755971107,0.1510939080,0.2754724390,0.1510255577,0.2000000000,0.8000000000,0.4539607667,0.4748166593,0.4626563555,0.4795829662,0.2762353999,0.1511000444,0.2757915818,0.1510274257
0.4800000000,0.2754870357,0.1510837817,0.2753840395,0.1510272960,0.2000000000,0.8000000000,0.4539607667,0.4748166593,0.4626563555,0.4795829662,0.2762353999,0.1511000444,0.2757915818,0.1510274257
0.4820000000,0.2753682994,0.1510688231,0.2752849062,0.1510230731,0.2000000000,0.8000000000,0.4539607667,0.4748166593,0.4626563555,0.4795829662,0.2762353999,0.1511000444,0.2757915818,0.1510274257
0.4840000000,0.2752409209,0.1510490381,0.2751750589,0.1510128938,0.2000000000,0.8000000000,0.4539607667,0.4748166593,0.4626563555,0.4795829662,0.2762353999,0.1511000444,0.2757915818,0.1510274257
0.4860000000,0.2751049191,0.1510244324,0.2750545174,0.1509967633,0.2000000000,0.8000000000,0.4539607667,0.4748166593,0.4626563555,0.4795829662,0.2762353999,0.1511000444,0.2757915818,0.1510274257
0.4880000000,0.2749603130,0.1509950119,0.2749233020,0.1509746872,0.2000000000,0.8000000000,0.4539607667,0.4748166593,0.4626563555,0.4795829662,0.2762353999,0.1511000444,0.2757915818,0.1510274257
0.4900000000,0.2748071217,0.1509607824,0.2747814335,0.1509466711,0.2000000000,0.8000000000,0.4539607667,0.4748166593,0.4626563555,0.4795829662,0.2762353999,0.1511000444,0.2757915818,0.1510274257
0.4920000000,0.2746453638,0.1509217498,0.2746289329,0.1509127207,0.2000000000,0.8000000000,0.4539607667,0.4748166593,0.4626563555,0.4795829662,0.2762353999,0.1511000444,0.2757915818,0.1510274257
0.4940000000,0.2744750584,0.1508779198,0.2744658216,0.1508728424,0.2000000000,0.8000000000,0.4539607667,0.4748166593,0.4626563555,0.4795829662,0.2762353999,0.1511000444,0.2757915818,0.1510274257
0.4960000000,0.2742962240,0.1508292982,0.2742921215,0.1508270423,0.2000000000,0.8000000000,0.4539607667,0.4748166593,0.4626563555,0.4795829662,0.2762353999,0.1511000444,0.2757915818,0.1510274257
0.4980000000,0.2741088795,0.1507758908,0.2741078546,0.1507753270,0.2000000000,0.8000000000,0.4539607667,0.4748166593,0.4626563555,0.4795829662,0.2762353999,0.1511000444,0.2757915818,0.1510274257
0.5000000000,0.2739130435,0.1507177033,0.2739130435,0.1507177033,0.2000000000,0.8000000000,0.4539607667,0.4748166593,0.4626563555,0.4795829662,0.2762353999,0.1511000444,0.2757915818,0.1510274257
0.5020000000,0.2737087345,0.1506547416,0.2737077110,0.1506541783,0.2000000000,0.8000000000,0.4539607667,0.4748166593,0.4626563555,0.4795829662,0.2762353999,0.1511000444,0.2757915818,0.1510274257
0.5040000000,0.2734959711,0.1505870114,0.2734918805,0.1505847591,0.2000000000,0.8000000000,0.4539607667,0.4748166593,0.4626563555,0.4795829662,0.2762353999,0.1511000444,0.2757915818,0.1510274257
0.5060000000,0.2732747718,0.1505145184,0.2732655754,0.1505094532,0.2000000000,0.8000000000,0.4539607667,0.4748166593,0.4626563555,0.4795829662,0.2762353999,0.1511000444,0.2757915818,0.1510274257
0.5080000000,0.2730451550,0.1504372683,0.2730288198,0.1504282683,0.2000000000,0.8000000000,0.4539607667,0.4748166593,0.4626563555,0.4795829662,0.2762353999,0.1511000444,0.2757915818,0.1510274257
0.5100000000,0.2728071391,0.1503552669,0.2727816379,0.1503412122,0.2000000000,0.8000000000,0.4539607667,0.4748166593,0.4626563555,0.4795829662,0.2762353999,0.1511000444,0.2757915818,0.1510274257
0.5120000000,0.2725607425,0.1502685199,0.2725240545,0.1502482931,0.2000000000,0.8000000000,0.4539607667,0.4748166593,0.4626563555,0.4795829662,0.2762353999,0.1511000444,0.2757915818,0.1510274257
0.5140000000,0.2723059833,0.1501770330,0.2722560944,0.1501495193,0.2000000000,0.8000000000,0.4539607667,0.4748166593,0.4626563555,0.4795829662,0.2762353999,0.1511000444,0.2757915818,0.1510274257
0.5160000000,0.2720428799,0.1500808119,0.2719777832,0.1500448993,0.2000000000,0.8000000000,0.4539607667,0.4748166593,0.4626563555,0.4795829662,0.2762353999,0.1511000444,0.2757915818,0.1510274257
0.5180000000,0.2717714503,0.1499798623,0.2716891464,0.1499344421,0.2000000000,0.8000000000,0.4539607667,0.4748166593,0.4626563555,0.4795829662,0.2762353999,0.1511000444,0.2757915818,0.1510274257
0.5200000000,0.2714917127,0.1498741899,0.2713902102,0.1498181564,0.2000000000,0.8000000000,0.4539607667,0.4748166593,0.4626563555,0.4795829662,0.2762353999,0.1511000444,0.2757915818,0.1510274257
0.5220000000,0.2712036852,0.1497638002,0.2710810009,0.1496960517,0.2000000000,0.8000000000,0.4539607667,0.4748166593,0.4626563555,0.4795829662,0.2762353999,0.1511000444,0.2757915818,0.1510274257
0.5240000000,0.2709073857,0.1496486991,0.2707615454,0.1495681372,0.2000000000,0.8000000000,0.4539607667,0.4748166593,0.4626563555,0.4795829662,0.2762353999,0.1511000444,0.2757915818,0.1510274257
0.5260000000,0.2706028322,0.1495288921,0.2704318707,0.1494344227,0.2000000000,0.8000000000,0.4539607667,0.4748166593,0.4626563555,0.4795829662,0.2762353999,0.1511000444,0.2757915818,0.1510274257
0.5280000000,0.2702900427,0.1494043849,0.2700920043,0.1492949180,0.2000000000,0.8000000000,0.4539607667,0.4748166593,0.4626563555,0.4795829662,0.2762353999,0.1511000444,0.2757915818,0.1510274257
0.5300000000,0.2699690349,0.1492751831,0.2697419739,0.1491496332,0.2000000000,0.8000000000,0.4539607667,0.4748166593,0.4626563555,0.4795829662,0.2762353999,0.1511000444,0.2757915818,0.1510274257
0.5320000000,0.2696398267,0.1491412924,0.2693818077,0.1489985787,0.2000000000,0.8000000000,0.4539607667,0.4748166593,0.4626563555,0.4795829662,0.2762353999,0.1511000444,0.2757915818,0.1510274257
0.5340000000,0.2693024358,0.1490027183,0.2690115341,0.1488417649,0.2000000000,0.8000000000,0.4539607667,0.4748166593,0.4626563555,0.4795829662,0.2762353999,0.1511000444,0.2757915818,0.1510274257
0.5360000000,0.2689568800,0.1488594664,0.2686311820,0.1486792025,0.2000000000,0.8000000000,0.4539607667,0.4748166593,0.4626563555,0.4795829662,0.2762353999,0.1511000444,0.2757915818,0.1510274257
0.5380000000,0.2686031768,0.1487115425,0.2682407805,0.1485109026,0.2000000000,0.8000000000,0.4539607667,0.4748166593,0.4626563555,0.4795829662,0.2762353999,0.1511000444,0.2757915818,0.1510274257
0.5400000000,0.2682413438,0.1485589520,0.2678403590,0.1483368763,0.2000000000,0.8000000000,0.4539607667,0.4748166593,0.4626563555,0.4795829662,0.2762353999,0.1511000444,0.2757915818,0.1510274257
0.5420000000,0.2678713987,0.1484017005,0.2674299474,0.1481571349,0.2000000000,0.8000000000,0.4539607667,0.4748166593,0.4626563555,0.4795829662,0.2762353999,0.1511000444,0.2757915818,0.1510274257
0.5440000000,0.2674933589,0.1482397936,0.2670095758,0.1479716901,0.2000000000,0.8000000000,0.4539607667,0.4748166593,0.4626563555,0.4795829662,0.2762353999,0.1511000444,0.2757915818,0.1510274257
0.5460000000,0.2671072418,0.1480732369,0.2665792746,0.1477805536,0.2000000000,0.8000000000,0.4539607667,0.4748166593,0.4626563555,0.4795829662,0.2762353999,0.1511000444,0.2757915818,0.1510274257
0.5480000000,0.2667130649,0.1479020359,0.2661390746,0.1475837375,0.2000000000,0.8000000000,0.4539607667,0.4748166593,0.4626563555,0.4795829662,0.2762353999,0.1511000444,0.2757915818,0.1510274257
0.5500000000,0.2663108454,0.1477261961,0.2656890071,0.1473812540,0.2000000000,0.8000000000,0.4539607667,0.4748166593,0.4626563555,0.4795829662,0.2762353999,0.1511000444,0.2757915818,0.1510274257
0.5520000000,0.2659006008,0.1475457232,0.2652291033,0.1471731156,0.2000000000,0.8000000000,0.4539607667,0.4748166593,0.4626563555,0.4795829662,0.2762353999,0.1511000444,0.2757915818,0.1510274257
0.5540000000,0.2654823481,0.1473606225,0.2647593951,0.1469593348,0.2000000000,0.8000000000,0.4539607667,0.4748166593,0.4626563555,0.4795829662,0.2762353999,0.1511000444,0.2757915818,0.1510274257
0.5560000000,0.2650561047,0.1471708997,0.2642799146,0.1467399246,0.2000000000,0.8000000000,0.4539607667,0.4748166593,0.4626563555,0.4795829662,0.2762353999,0.1511000444,0.2757915818,0.1510274257
0.5580000000,0.2646218877,0.1469765603,0.2637906941,0.1465148979,0.2000000000,0.8000000000,0.4539607667,0.4748166593,0.4626563555,0.4795829662,0.2762353999,0.1511000444,0.2757915818,0.1510274257
0.5600000000,0.2641797141,0.1467776097,0.2632917665,0.1462842681,0.2000000000,0.8000000000,0.4539607667,0.4748166593,0.4626563555,0.4795829662,0.2762353999,0.1511000444,0.2757915818,0.1510274257
0.5620000000,0.2637296010,0.1465740534,0.2627831647,0.1460480487,0.2000000000,0.8000000000,0.4539607667,0.4748166593,0.4626563555,0.4795829662,0.2762353999,0.1511000444,0.2757915818,0.1510274257
0.5640000000,0.2632715655,0.1463658970,0.2622649221,0.1458062533,0.2000000000,0.8000000000,0.4539607667,0.4748166593,0.4626563555,0.4795829662,0.2762353999,0.1511000444,0.2757915818,0.1510274257
0.5660000000,0.2628056244,0.1461531458,0.2617370724,0.1455588958,0.2000000000,0.8000000000,0.4539607667,0.4748166593,0.4626563555,0.4795829662,0.2762353999,0.1511000444,0.2757915818,0.1510274257
0.5680000000,0.2623317947,0.1459358055,0.2611996495,0.1453059904,0.2000000000,0.8000000000,0.4539607667,0.4748166593,0.4626563555,0.4795829662,0.2762353999,0.1511000444,0.2757915818,0.1510274257
0.5700000000,0.2618500933,0.1457138813,0.2606526878,0.1450475512,0.2000000000,0.8000000000,0.4539607667,0.4748166593,0.4626563555,0.4795829662,0.2762353999,0.1511000444,0.2757915818,0.1510274257
0.5720000000,0.2613605368,0.1454873788,0.2600962219,0.1447835929,0.2000000000,0.8000000000,0.4539607667,0.4748166593,0.4626563555,0.4795829662,0.2762353999,0.1511000444,0.2757915818,0.1510274257
0.5740000000,0.2608631422,0.1452563034,0.2595302867,0.1445141300,0.2000000000,0.8000000000,0.4539607667,0.4748166593,0.4626563555,0.4795829662,0.2762353999,0.1511000444,0.2757915818,0.1510274257
0.5760000000,0.2603579261,0.1450206605,0.2589549173,0.1442391777,0.2000000000,0.8000000000,0.4539607667,0.4748166593,0.4626563555,0.4795829662,0.2762353999,0.1511000444,0.2757915818,0.1510274257
0.5780000000,0.2598449051,0.1447804556,0.2583701494,0.1439587508,0.2000000000,0.8000000000,0.4539607667,0.4748166593,0.4626563555,0.4795829662,0.2762353999,0.1511000444,0.2757915818,0.1510274257
0.5800000000,0.2593240960,0.1445356941,0.2577760187,0.1436728648,0.2000000000,0.8000000000,0.4539607667,0.4748166593,0.4626563555,0.4795829662,0.2762353999,0.1511000444,0.2757915818,0.1510274257
0.5820000000,0.2587955152,0.1442863814,0.2571725614,0.1433815352,0.2000000000,0.8000000000,0.4539607667,0.4748166593,0.4626563555,0.4795829662,0.2762353999,0.1511000444,0.2757915818,0.1510274257
0.5840000000,0.2582591793,0.1440325228,0.2565598139,0.1430847776,0.2000000000,0.8000000000,0.4539607667,0.4748166593,0.4626563555,0.4795829662,0.2762353999,0.1511000444,0.2757915818,0.1510274257
0.5860000000,0.2577151047,0.1437741238,0.2559378129,0.1427826081,0.2000000000,0.8000000000,0.4539607667,0.4748166593,0.4626563555,0.4795829662,0.2762353999,0.1511000444,0.2757915818,0.1510274257
0.5880000000,0.2571633079,0.1435111897,0.2553065955,0.1424750426,0.2000000000,0.8000000000,0.4539607667,0.4748166593,0.4626563555,0.4795829662,0.2762353999,0.1511000444,0.2757915818,0.1510274257
0.5900000000,0.2566038054,0.1432437259,0.2546661988,0.1421620975,0.2000000000,0.8000000000,0.4539607667,0.4748166593,0.4626563555,0.4795829662,0.2762353999,0.1511000444,0.2757915818,0.1510274257
0.5920000000,0.2560366133,0.1429717378,0.2540166607,0.1418437892,0.2000000000,0.8000000000,0.4539607667,0.4748166593,0.4626563555,0.4795829662,0.2762353999,0.1511000444,0.2757915818,0.1510274257
0.5940000000,0.2554617480,0.1426952308,0.2533580188,0.1415201346,0.2000000000,0.8000000000,0.4539607667,0.4748166593,0.4626563555,0.4795829662,0.2762353999,0.1511000444,0.2757915818,0.1510274257
0.5960000000,0.2548792258,0.1424142101,0.2526903115,0.1411911504,0.2000000000,0.8000000000,0.4539607667,0.4748166593,0.4626563555,0.4795829662,0.2762353999,0.1511000444,0.2757915818,0.1510274257
0.5980000000,0.2542890628,0.1421286811,0.2520135772,0.1408568538,0.2000000000,0.8000000000,0.4539607667,0.4748166593,0.4626563555,0.4795829662,0.2762353999,0.1511000444,0.2757915818,0.1510274257
0.6000000000,0.2536912752,0.1418386492,0.2513278546,0.1405172620,0.2000000000,0.8000000000,0.4539607667,0.4748166593,0.4626563555,0.4795829662,0.2762353999,0.1511000444,0.2757915818,0.1510274257
0.6020000000,0.2530858791,0.1415441196,0.2506331827,0.1401723925,0.2000000000,0.8000000000,0.4539607667,0.4748166593,0.4626563555,0.4795829662,0.2762353999,0.1511000444,0.2757915818,0.1510274257
0.6040000000,0.2524728906,0.1412450977,0.2499296010,0.1398222630,0.2000000000,0.8000000000,0.4539607667,0.4748166593,0.4626563555,0.4795829662,0.2762353999,0.1511000444,0.2757915818,0.1510274257
0.6060000000,0.2518523256,0.1409415887,0.2492171489,0.1394668912,0.2000000000,0.8000000000,0.4539607667,0.4748166593,0.4626563555,0.4795829662,0.2762353999,0.1511000444,0.2757915818,0.1510274257
0.6080000000,0.2512242002,0.1406335981,0.2484958664,0.1391062953,0.2000000000,0.8000000000,0.4539607667,0.4748166593,0.4626563555,0.4795829662,0.2762353999,0.1511000444,0.2757915818,0.1510274257
0.6100000000,0.2505885303,0.1403211310,0.2477657935,0.1387404935,0.2000000000,0.8000000000,0.4539607667,0.4748166593,0.4626563555,0.4795829662,0.2762353999,0.1511000444,0.2757915818,0.1510274257
0.6120000000,0.2499453318,0.1400041927,0.2470269708,0.1383695042,0.2000000000,0.8000000000,0.4539607667,0.4748166593,0.4626563555,0.4795829662,0.2762353999,0.1511000444,0.2757915818,0.1510274257
0.6140000000,0.2492946205,0.1396827886,0.2462794389,0.1379933459,0.2000000000,0.8000000000,0.4539607667,0.4748166593,0.4626563555,0.4795829662,0.2762353999,0.1511000444,0.2757915818,0.1510274257
0.6160000000,0.2486364122,0.1393569238,0.2455232388,0.1376120375,0.2000000000,0.8000000000,0.4539607667,0.4748166593,0.4626563555,0.4795829662,0.2762353999,0.1511000444,0.2757915818,0.1510274257
0.6180000000,0.2479707226,0.1390266036,0.2447584118,0.1372255980,0.2000000000,0.8000000000,0.4539607667,0.4748166593,0.4626563555,0.4795829662,0.2762353999,0.1511000444,0.2757915818,0.1510274257
0.6200000000,0.2472975675,0.1386918333,0.2439849992,0.1368340465,0.2000000000,0.8000000000,0.4539607667,0.4748166593,0.4626563555,0.4795829662,0.2762353999,0.1511000444,0.2757915818,0.1510274257
0.6220000000,0.2466169625,0.1383526181,0.2432030429,0.1364374023,0.2000000000,0.8000000000,0.4539607667,0.4748166593,0.4626563555,0.4795829662,0.2762353999,0.1511000444,0.2757915818,0.1510274257
0.6240000000,0.2459289232,0.1380089633,0.2424125850,0.1360356850,0.2000000000,0.8000000000,0.4539607667,0.4748166593,0.4626563555,0.4795829662,0.2762353999,0.1511000444,0.2757915818,0.1510274257
0.6260000000,0.2452334652,0.1376608739,0.2416136676,0.1356289143,0.2000000000,0.8000000000,0.4539607667,0.4748166593,0.4626563555,0.4795829662,0.2762353999,0.1511000444,0.2757915818,0.1510274257
0.6280000000,0.2445306041,0.1373083554,0.2408063334,0.1352171101,0.2000000000,0.8000000000,0.4539607667,0.4748166593,0.4626563555,0.4795829662,0.2762353999,0.1511000444,0.2757915818,0.1510274257
0.6300000000,0.2438203553,0.1369514129,0.2399906252,0.1348002924,0.2000000000,0.8000000000,0.4539607667,0.4748166593,0.4626563555,0.4795829662,0.2762353999,0.1511000444,0.2757915818,0.1510274257
0.6320000000,0.2431027343,0.1365900515,0.2391665860,0.1343784815,0.2000000000,0.8000000000,0.4539607667,0.4748166593,0.4626563555,0.4795829662,0.2762353999,0.1511000444,0.2757915818,0.1510274257
0.6340000000,0.2423777564,0.1362242764,0.2383342591,0.1339516978,0.2000000000,0.8000000000,0.4539607667,0.4748166593,0.4626563555,0.4795829662,0.2762353999,0.1511000444,0.2757915818,0.1510274257
0.6360000000,0.2416454371,0.1358540929,0.2374936881,0.1335199620,0.2000000000,0.8000000000,0.4539607667,0.4748166593,0.4626563555,0.4795829662,0.2762353999,0.1511000444,0.2757915818,0.1510274257
0.6380000000,0.2409057916,0.1354795061,0.2366449168,0.1330832947,0.2000000000,0.8000000000,0.4539607667,0.4748166593,0.4626563555,0.4795829662,0.2762353999,0.1511000444,0.2757915818,0.1510274257
0.6400000000,0.2401588352,0.1351005212,0.2357879894,0.1326417170,0.2000000000,0.8000000000,0.4539607667,0.4748166593,0.4626563555,0.4795829662,0.2762353999,0.1511000444,0.2757915818,0.1510274257
0.6420000000,0.2394045832,0.1347171433,0.2349229500,0.1321952500,0.2000000000,0.8000000000,0.4539607667,0.4748166593,0.4626563555,0.4795829662,0.2762353999,0.1511000444,0.2757915818,0.1510274257
0.6440000000,0.2386430507,0.1343293776,0.2340498432,0.1317439150,0.2000000000,0.8000000000,0.4539607667,0.4748166593,0.4626563555,0.4795829662,0.2762353999,0.1511000444,0.2757915818,0.1510274257
0.6460000000,0.2378742529,0.1339372292,0.2331687140,0.1312877334,0.2000000000,0.8000000000,0.4539607667,0.4748166593,0.4626563555,0.4795829662,0.2762353999,0.1511000444,0.2757915818,0.1510274257
0.6480000000,0.2370982049,0.1335407033,0.2322796072,0.1308267269,0.2000000000,0.8000000000,0.4539607667,0.4748166593,0.4626563555,0.4795829662,0.2762353999,0.1511000444,0.2757915818,0.1510274257
0.6500000000,0.2363149217,0.1331398049,0.2313825681,0.1303609174,0.2000000000,0.8000000000,0.4539607667,0.4748166593,0.4626563555,0.4795829662,0.2762353999,0.1511000444,0.2757915818,0.1510274257
0.6520000000,0.2355244184,0.1327345392,0.2304776423,0.1298903268,0.2000000000,0.8000000000,0.4539607667,0.4748166593,0.4626563555,0.4795829662,0.2762353999,0.1511000444,0.2757915818,0.1510274257
0.6540000000,0.2347267099,0.1323249114,0.2295648756,0.1294149772,0.2000000000,0.8000000000,0.4539607667,0.4748166593,0.4626563555,0.4795829662,0.2762353999,0.1511000444,0.2757915818,0.1510274257
0.6560000000,0.2339218112,0.1319109264,0.2286443138,0.1289348910,0.2000000000,0.8000000000,0.4539607667,0.4748166593,0.4626563555,0.4795829662,0.2762353999,0.1511000444,0.2757915818,0.1510274257
0.6580000000,0.2331097372,0.1314925894,0.2277160032,0.1284500908,0.2000000000,0.8000000000,0.4539607667,0.4748166593,0.4626563555,0.4795829662,0.2762353999,0.1511000444,0.2757915818,0.1510274257
0.6600000000,0.2322905028,0.1310699054,0.2267799903,0.1279605990,0.2000000000,0.8000000000,0.4539607667,0.4748166593,0.4626563555,0.4795829662,0.2762353999,0.1511000444,0.2757915818,0.1510274257
0.6620000000,0.2314641227,0.1306428797,0.2258363217,0.1274664387,0.2000000000,0.8000000000,0.4539607667,0.4748166593,0.4626563555,0.4795829662,0.2762353999,0.1511000444,0.2757915818,0.1510274257
0.6640000000,0.2306306117,0.1302115171,0.2248850442,0.1269676326,0.2000000000,0.8000000000,0.4539607667,0.4748166593,0.4626563555,0.4795829662,0.2762353999,0.1511000444,0.2757915818,0.1510274257
0.6660000000,0.2297899846,0.1297758228,0.2239262051,0.1264642041,0.2000000000,0.8000000000,0.4539607667,0.4748166593,0.4626563555,0.4795829662,0.2762353999,0.1511000444,0.2757915818,0.1510274257
0.6680000000,0.2289422560,0.1293358018,0.2229598516,0.1259561764,0.2000000000,0.8000000000,0.4539607667,0.4748166593,0.4626563555,0.4795829662,0.2762353999,0.1511000444,0.2757915818,0.1510274257
0.6700000000,0.2280874406,0.1288914592,0.2219860312,0.1254435729,0.2000000000,0.8000000000,0.4539607667,0.4748166593,0.4626563555,0.4795829662,0.2762353999,0.1511000444,0.2757915818,0.1510274257
0.6720000000,0.2272255531,0.1284428001,0.2210047918,0.1249264174,0.2000000000,0.8000000000,0.4539607667,0.4748166593,0.4626563555,0.4795829662,0.2762353999,0.1511000444,0.2757915818,0.1510274257
0.6740000000,0.2263566079,0.1279898293,0.2200161813,0.1244047335,0.2000000000,0.8000000000,0.4539607667,0.4748166593,0.4626563555,0.4795829662,0.2762353999,0.1511000444,0.2757915818,0.1510274257
0.6760000000,0.2254806196,0.1275325520,0.2190202479,0.1238785453,0.2000000000,0.8000000000,0.4539607667,0.4748166593,0.4626563555,0.4795829662,0.2762353999,0.1511000444,0.2757915818,0.1510274257
0.6780000000,0.2245976028,0.1270709732,0.2180170400,0.1233478768,0.2000000000,0.8000000000,0.4539607667,0.4748166593,0.4626563555,0.4795829662,0.2762353999,0.1511000444,0.2757915818,0.1510274257
0.6800000000,0.2237075718,0.1266050979,0.2170066062,0.1228127524,0.2000000000,0.8000000000,0.4539607667,0.4748166593,0.4626563555,0.4795829662,0.2762353999,0.1511000444,0.2757915818,0.1510274257
0.6820000000,0.2228105411,0.1261349310,0.2159889953,0.1222731963,0.2000000000,0.8000000000,0.4539607667,0.4748166593,0.4626563555,0.4795829662,0.2762353999,0.1511000444,0.2757915818,0.1510274257
0.6840000000,0.2219065250,0.1256604776,0.2149642564,0.1217292332,0.2000000000,0.8000000000,0.4539607667,0.4748166593,0.4626563555,0.4795829662,0.2762353999,0.1511000444,0.2757915818,0.1510274257
0.6860000000,0.2209955379,0.1251817427,0.2139324387,0.1211808879,0.2000000000,0.8000000000,0.4539607667,0.4748166593,0.4626563555,0.4795829662,0.2762353999,0.1511000444,0.2757915818,0.1510274257
0.6880000000,0.2200775941,0.1246987312,0.2128935915,0.1206281851,0.2000000000,0.8000000000,0.4539607667,0.4748166593,0.4626563555,0.4795829662,0.2762353999,0.1511000444,0.2757915818,0.1510274257
0.6900000000,0.2191527078,0.1242114481,0.2118477646,0.1200711498,0.2000000000,0.8000000000,0.4539607667,0.4748166593,0.4626563555,0.4795829662,0.2762353999,0.1511000444,0.2757915818,0.1510274257
0.6920000000,0.2182208932,0.1237198983,0.2107950077,0.1195098074,0.2000000000,0.8000000000,0.4539607667,0.4748166593,0.4626563555,0.4795829662,0.2762353999,0.1511000444,0.2757915818,0.1510274257
0.6940000000,0.2172821645,0.1232240868,0.2097353708,0.1189441830,0.2000000000,0.8000000000,0.4539607667,0.4748166593,0.4626563555,0.4795829662,0.2762353999,0.1511000444,0.2757915818,0.1510274257
0.6960000000,0.2163365360,0.1227240186,0.2086689042,0.1183743021,0.2000000000,0.8000000000,0.4539607667,0.4748166593,0.4626563555,0.4795829662,0.2762353999,0.1511000444,0.2757915818,0.1510274257
0.6980000000,0.2153840215,0.1222196985,0.2075956581,0.1178001904,0.2000000000,0.8000000000,0.4539607667,0.4748166593,0.4626563555,0.4795829662,0.2762353999,0.1511000444,0.2757915818,0.1510274257
0.7000000000,0.2144246353,0.1217111316,0.2065156833,0.1172218736,0.2000000000,0.8000000000,0.4539607667,0.4748166593,0.4626563555,0.4795829662,0.2762353999,0.1511000444,0.2757915818,0.1510274257
0.7020000000,0.2134583914,0.1211983226,0.2054290305,0.1166393776,0.2000000000,0.8000000000,0.4539607667,0.4748166593,0.4626563555,0.4795829662,0.2762353999,0.1511000444,0.2757915818,0.1510274257
0.7040000000,0.2124853036,0.1206812767,0.2043357505,0.1160527285,0.2000000000,0.8000000000,0.4539607667,0.4748166593,0.4626563555,0.4795829662,0.2762353999,0.1511000444,0.2757915818,0.1510274257
0.7060000000,0.2115053861,0.1201599985,0.2032358947,0.1154619523,0.2000000000,0.8000000000,0.4539607667,0.4748166593,0.4626563555,0.4795829662,0.2762353999,0.1511000444,0.2757915818,0.1510274257
0.7080000000,0.2105186526,0.1196344931,0.2021295141,0.1148670755,0.2000000000,0.8000000000,0.4539607667,0.4748166593,0.4626563555,0.4795829662,0.2762353999,0.1511000444,0.2757915818,0.1510274257
0.7100000000,0.2095251171,0.1191047654,0.2010166604,0.1142681246,0.2000000000,0.8000000000,0.4539607667,0.4748166593,0.4626563555,0.4795829662,0.2762353999,0.1511000444,0.2757915818,0.1510274257
0.7120000000,0.2085247934,0.1185708202,0.1998973852,0.1136651260,0.2000000000,0.8000000000,0.4539607667,0.4748166593,0.4626563555,0.4795829662,0.2762353999,0.1511000444,0.2757915818,0.1510274257
0.7140000000,0.2075176953,0.1180326623,0.1987717403,0.1130581066,0.2000000000,0.8000000000,0.4539607667,0.4748166593,0.4626563555,0.4795829662,0.2762353999,0.1511000444,0.2757915818,0.1510274257
0.7160000000,0.2065038365,0.1174902968,0.1976397777,0.1124470932,0.2000000000,0.8000000000,0.4539607667,0.4748166593,0.4626563555,0.4795829662,0.2762353999,0.1511000444,0.2757915818,0.1510274257
0.7180000000,0.2054832308,0.1169437283,0.1965015496,0.1118321128,0.2000000000,0.8000000000,0.4539607667,0.4748166593,0.4626563555,0.4795829662,0.2762353999,0.1511000444,0.2757915818,0.1510274257
0.7200000000,0.2044558918,0.1163929619,0.1953571084,0.1112131926,0.2000000000,0.8000000000,0.4539607667,0.4748166593,0.4626563555,0.4795829662,0.2762353999,0.1511000444,0.2757915818,0.1510274257
0.7220000000,0.2034218333,0.1158380022,0.1942065065,0.1105903598,0.2000000000,0.8000000000,0.4539607667,0.4748166593,0.4626563555,0.4795829662,0.2762353999,0.1511000444,0.2757915818,0.1510274257
0.7240000000,0.2023810687,0.1152788543,0.1930497966,0.1099636419,0.2000000000,0.8000000000,0.4539607667,0.4748166593,0.4626563555,0.4795829662,0.2762353999,0.1511000444,0.2757915818,0.1510274257
0.7260000000,0.2013336118,0.1147155228,0.1918870315,0.1093330663,0.2000000000,0.8000000000,0.4539607667,0.4748166593,0.4626563555,0.4795829662,0.2762353999,0.1511000444,0.2757915818,0.1510274257
0.7280000000,0.2002794760,0.1141480126,0.1907182643,0.1086986608,0.2000000000,0.8000000000,0.4539607667,0.4748166593,0.4626563555,0.4795829662,0.2762353999,0.1511000444,0.2757915818,0.1510274257
0.7300000000,0.1992186748,0.1135763285,0.1895435480,0.1080604532,0.2000000000,0.8000000000,0.4539607667,0.4748166593,0.4626563555,0.4795829662,0.2762353999,0.1511000444,0.2757915818,0.1510274257
0.7320000000,0.1981512217,0.1130004754,0.1883629359,0.1074184713,0.2000000000,0.8000000000,0.4539607667,0.4748166593,0.4626563555,0.4795829662,0.2762353999,0.1511000444,0.2757915818,0.1510274257
0.7340000000,0.1970771301,0.1124204581,0.1871764816,0.1067727432,0.2000000000,0.8000000000,0.4539607667,0.4748166593,0.4626563555,0.4795829662,0.2762353999,0.1511000444,0.2757915818,0.1510274257
0.7360000000,0.1959964135,0.1118362812,0.1859842385,0.1061232970,0.2000000000,0.8000000000,0.4539607667,0.4748166593,0.4626563555,0.4795829662,0.2762353999,0.1511000444,0.2757915818,0.1510274257
0.7380000000,0.1949090851,0.1112479497,0.1847862604,0.1054701611,0.2000000000,0.8000000000,0.4539607667,0.4748166593,0.4626563555,0.4795829662,0.2762353999,0.1511000444,0.2757915818,0.1510274257
0.7400000000,0.1938151583,0.1106554683,0.1835826012,0.1048133639,0.2000000000,0.8000000000,0.4539607667,0.4748166593,0.4626563555,0.4795829662,0.2762353999,0.1511000444,0.2757915818,0.1510274257
0.7420000000,0.1927146464,0.1100588418,0.1823733150,0.1041529339,0.2000000000,0.8000000000,0.4539607667,0.4748166593,0.4626563555,0.4795829662,0.2762353999,0.1511000444,0.2757915818,0.1510274257
0.7440000000,0.1916075626,0.1094580749,0.1811584559,0.1034888997,0.2000000000,0.8000000000,0.4539607667,0.4748166593,0.4626563555,0.4795829662,0.2762353999,0.1511000444,0.2757915818,0.1510274257
0.7460000000,0.1904939201,0.1088531724,0.1799380782,0.1028212902,0.2000000000,0.8000000000,0.4539607667,0.4748166593,0.4626563555,0.4795829662,0.2762353999,0.1511000444,0.2757915818,0.1510274257
0.7480000000,0.1893737322,0.1082441390,0.1787122363,0.1021501341,0.2000000000,0.8000000000,0.4539607667,0.4748166593,0.4626563555,0.4795829662,0.2762353999,0.1511000444,0.2757915818,0.1510274257
0.7500000000,0.1882470120,0.1076309795,0.1774809849,0.1014754606,0.2000000000,0.8000000000,0.4539607667,0.4748166593,0.4626563555,0.4795829662,0.2762353999,0.1511000444,0.2757915818,0.1510274257
0.7520000000,0.1871137725,0.1070136986,0.1762443787,0.1007972987,0.2000000000,0.8000000000,0.4539607667,0.4748166593,0.4626563555,0.4795829662,0.2762353999,0.1511000444,0.2757915818,0.1510274257
0.7540000000,0.1859740268,0.1063923011,0.1750024724,0.1001156777,0.2000000000,0.8000000000,0.4539607667,0.4748166593,0.4626563555,0.4795829662,0.2762353999,0.1511000444,0.2757915818,0.1510274257
0.7560000000,0.1848277880,0.1057667917,0.1737553211,0.0994306269,0.2000000000,0.8000000000,0.4539607667,0.4748166593,0.4626563555,0.4795829662,0.2762353999,0.1511000444,0.2757915818,0.1510274257
0.7580000000,0.1836750691,0.1051371750,0.1725029798,0.0987421758,0.2000000000,0.8000000000,0.4539607667,0.4748166593,0.4626563555,0.4795829662,0.2762353999,0.1511000444,0.2757915818,0.1510274257
0.7600000000,0.1825158831,0.1045034558,0.1712455038,0.0980503539,0.2000000000,0.8000000000,0.4539607667,0.4748166593,0.4626563555,0.4795829662,0.2762353999,0.1511000444,0.2757915818,0.1510274257
0.7620000000,0.1813502428,0.1038656388,0.1699829484,0.0973551909,0.2000000000,0.8000000000,0.4539607667,0.4748166593,0.4626563555,0.4795829662,0.2762353999,0.1511000444,0.2757915818,0.1510274257
0.7640000000,0.1801781613,0.1032237287,0.1687153691,0.0966567167,0.2000000000,0.8000000000,0.4539607667,0.4748166593,0.4626563555,0.4795829662,0.2762353999,0.1511000444,0.2757915818,0.1510274257
0.7660000000,0.1789996513,0.1025777301,0.1674428214,0.0959549609,0.2000000000,0.8000000000,0.4539607667,0.4748166593,0.4626563555,0.4795829662,0.2762353999,0.1511000444,0.2757915818,0.1510274257
0.7680000000,0.1778147256,0.1019276478,0.1661653610,0.0952499538,0.2000000000,0.8000000000,0.4539607667,0.4748166593,0.4626563555,0.4795829662,0.2762353999,0.1511000444,0.2757915818,0.1510274257
0.7700000000,0.1766233972,0.1012734864,0.1648830438,0.0945417253,0.2000000000,0.8000000000,0.4539607667,0.4748166593,0.4626563555,0.4795829662,0.2762353999,0.1511000444,0.2757915818,0.1510274257
0.7720000000,0.1754256787,0.1006152506,0.1635959257,0.0938303057,0.2000000000,0.8000000000,0.4539607667,0.4748166593,0.4626563555,0.4795829662,0.2762353999,0.1511000444,0.2757915818,0.1510274257
0.7740000000,0.1742215828,0.0999529450,0.1623040626,0.0931157253,0.2000000000,0.8000000000,0.4539607667,0.4748166593,0.4626563555,0.4795829662,0.2762353999,0.1511000444,0.2757915818,0.1510274257
0.7760000000,0.1730111223,0.0992865743,0.1610075107,0.0923980144,0.2000000000,0.8000000000,0.4539607667,0.4748166593,0.4626563555,0.4795829662,0.2762353999,0.1511000444,0.2757915818,0.1510274257
0.7780000000,0.1717943099,0.0986161431,0.1597063262,0.0916772036,0.2000000000,0.8000000000,0.4539607667,0.4748166593,0.4626563555,0.4795829662,0.2762353999,0.1511000444,0.2757915818,0.1510274257
0.7800000000,0.1705711581,0.0979416561,0.1584005655,0.0909533234,0.2000000000,0.8000000000,0.4539607667,0.4748166593,0.4626563555,0.4795829662,0.2762353999,0.1511000444,0.2757915818,0.1510274257
0.7820000000,0.1693416795,0.0972631179,0.1570902849,0.0902264046,0.2000000000,0.8000000000,0.4539607667,0.4748166593,0.4626563555,0.4795829662,0.2762353999,0.1511000444,0.2757915818,0.1510274257
0.7840000000,0.1681058868,0.0965805330,0.1557755411,0.0894964780,0.2000000000,0.8000000000,0.4539607667,0.4748166593,0.4626563555,0.4795829662,0.2762353999,0.1511000444,0.2757915818,0.1510274257
0.7860000000,0.1668637924,0.0958939062,0.1544563906,0.0887635743,0.2000000000,0.8000000000,0.4539607667,0.4748166593,0.4626563555,0.4795829662,0.2762353999,0.1511000444,0.2757915818,0.1510274257
0.7880000000,0.1656154088,0.0952032420,0.1531328902,0.0880277247,0.2000000000,0.8000000000,0.4539607667,0.4748166593,0.4626563555,0.4795829662,0.2762353999,0.1511000444,0.2757915818,0.1510274257
0.7900000000,0.1643607485,0.0945085451,0.1518050966,0.0872889601,0.2000000000,0.8000000000,0.4539607667,0.4748166593,0.4626563555,0.4795829662,0.2762353999,0.1511000444,0.2757915818,0.1510274257
0.7920000000,0.1630998240,0.0938098199,0.1504730668,0.0865473117,0.2000000000,0.8000000000,0.4539607667,0.4748166593,0.4626563555,0.4795829662,0.2762353999,0.1511000444,0.2757915818,0.1510274257
0.7940000000,0.1618326475,0.0931070712,0.1491368578,0.0858028108,0.2000000000,0.8000000000,0.4539607667,0.4748166593,0.4626563555,0.4795829662,0.2762353999,0.1511000444,0.2757915818,0.1510274257
0.7960000000,0.1605592316,0.0924003035,0.1477965265,0.0850554887,0.2000000000,0.8000000000,0.4539607667,0.4748166593,0.4626563555,0.4795829662,0.2762353999,0.1511000444,0.2757915818,0.1510274257
0.7980000000,0.1592795884,0.0916895213,0.1464521302,0.0843053767,0.2000000000,0.8000000000,0.4539607667,0.4748166593,0.4626563555,0.4795829662,0.2762353999,0.1511000444,0.2757915818,0.1510274257
0.8000000000,0.1579937304,0.0909747292,0.1451037261,0.0835525065,0.2000000000,0.8000000000,0.4539607667,0.4748166593,0.4626563555,0.4795829662,0.2762353999,0.1511000444,0.2757915818,0.1510274257
0.8020000000,0.1567016697,0.0902559319,0.1437513714,0.0827969096,0.2000000000,0.8000000000,0.4539607667,0.4748166593,0.4626563555,0.4795829662,0.2762353999,0.1511000444,0.2757915818,0.1510274257
0.8040000000,0.1554034187,0.0895331337,0.1423951236,0.0820386176,0.2000000000,0.8000000000,0.4539607667,0.4748166593,0.4626563555,0.4795829662,0.2762353999,0.1511000444,0.2757915818,0.1510274257
0.8060000000,0.1540989895,0.0888063394,0.1410350402,0.0812776624,0.2000000000,0.8000000000,0.4539607667,0.4748166593,0.4626563555,0.4795829662,0.2762353999,0.1511000444,0.2757915818,0.1510274257
0.8080000000,0.1527883942,0.0880755533,0.1396711785,0.0805140757,0.2000000000,0.8000000000,0.4539607667,0.4748166593,0.4626563555,0.4795829662,0.2762353999,0.1511000444,0.2757915818,0.1510274257
0.8100000000,0.1514716451,0.0873407801,0.1383035963,0.0797478894,0.2000000000,0.8000000000,0.4539607667,0.4748166593,0.4626563555,0.4795829662,0.2762353999,0.1511000444,0.2757915818,0.1510274257
0.8120000000,0.1501487541,0.0866020243,0.1369323512,0.0789791355,0.2000000000,0.8000000000,0.4539607667,0.4748166593,0.4626563555,0.4795829662,0.2762353999,0.1511000444,0.2757915818,0.1510274257
0.8140000000,0.1488197335,0.0858592903,0.1355575009,0.0782078462,0.2000000000,0.8000000000,0.4539607667,0.4748166593,0.4626563555,0.4795829662,0.2762353999,0.1511000444,0.2757915818,0.1510274257
0.8160000000,0.1474845952,0.0851125828,0.1341791032,0.0774340534,0.2000000000,0.8000000000,0.4539607667,0.4748166593,0.4626563555,0.4795829662,0.2762353999,0.1511000444,0.2757915818,0.1510274257
0.8180000000,0.1461433513,0.0843619061,0.1327972159,0.0766577895,0.2000000000,0.8000000000,0.4539607667,0.4748166593,0.4626563555,0.4795829662,0.2762353999,0.1511000444,0.2757915818,0.1510274257
0.8200000000,0.1447960137,0.0836072649,0.1314118969,0.0758790867,0.2000000000,0.8000000000,0.4539607667,0.4748166593,0.4626563555,0.4795829662,0.2762353999,0.1511000444,0.2757915818,0.1510274257
0.8220000000,0.1434425944,0.0828486635,0.1300232043,0.0750979773,0.2000000000,0.8000000000,0.4539607667,0.4748166593,0.4626563555,0.4795829662,0.2762353999,0.1511000444,0.2757915818,0.1510274257
0.8240000000,0.1420831053,0.0820861065,0.1286311959,0.0743144938,0.2000000000,0.8000000000,0.4539607667,0.4748166593,0.4626563555,0.4795829662,0.2762353999,0.1511000444,0.2757915818,0.1510274257
0.8260000000,0.1407175582,0.0813195984,0.1272359299,0.0735286687,0.2000000000,0.8000000000,0.4539607667,0.4748166593,0.4626563555,0.4795829662,0.2762353999,0.1511000444,0.2757915818,0.1510274257
0.8280000000,0.1393459651,0.0805491435,0.1258374644,0.0727405345,0.2000000000,0.8000000000,0.4539607667,0.4748166593,0.4626563555,0.4795829662,0.2762353999,0.1511000444,0.2757915818,0.1510274257
0.8300000000,0.1379683377,0.0797747465,0.1244358575,0.0719501238,0.2000000000,0.8000000000,0.4539607667,0.4748166593,0.4626563555,0.4795829662,0.2762353999,0.1511000444,0.2757915818,0.1510274257
0.8320000000,0.1365846879,0.0789964117,0.1230311674,0.0711574694,0.2000000000,0.8000000000,0.4539607667,0.4748166593,0.4626563555,0.4795829662,0.2762353999,0.1511000444,0.2757915818,0.1510274257
0.8340000000,0.1351950274,0.0782141435,0.1216234524,0.0703626039,0.2000000000,0.8000000000,0.4539607667,0.4748166593,0.4626563555,0.4795829662,0.2762353999,0.1511000444,0.2757915818,0.1510274257
0.8360000000,0.1337993680,0.0774279465,0.1202127708,0.0695655602,0.2000000000,0.8000000000,0.4539607667,0.4748166593,0.4626563555,0.4795829662,0.2762353999,0.1511000444,0.2757915818,0.1510274257
0.8380000000,0.1323977213,0.0766378251,0.1187991808,0.0687663711,0.2000000000,0.8000000000,0.4539607667,0.4748166593,0.4626563555,0.4795829662,0.2762353999,0.1511000444,0.2757915818,0.1510274257
0.8400000000,0.1309900990,0.0758437836,0.1173827408,0.0679650696,0.2000000000,0.8000000000,0.4539607667,0.4748166593,0.4626563555,0.4795829662,0.2762353999,0.1511000444,0.2757915818,0.1510274257
0.8420000000,0.1295765128,0.0750458265,0.1159635093,0.0671616886,0.2000000000,0.8000000000,0.4539607667,0.4748166593,0.4626563555,0.4795829662,0.2762353999,0.1511000444,0.2757915818,0.1510274257
0.8440000000,0.1281569742,0.0742439583,0.1145415446,0.0663562612,0.2000000000,0.8000000000,0.4539607667,0.4748166593,0.4626563555,0.4795829662,0.2762353999,0.1511000444,0.2757915818,0.1510274257
0.8460000000,0.1267314949,0.0734381833,0.1131169052,0.0655488206,0.2000000000,0.8000000000,0.4539607667,0.4748166593,0.4626563555,0.4795829662,0.2762353999,0.1511000444,0.2757915818,0.1510274257
0.8480000000,0.1253000864,0.0726285060,0.1116896495,0.0647393997,0.2000000000,0.8000000000,0.4539607667,0.4748166593,0.4626563555,0.4795829662,0.2762353999,0.1511000444,0.2757915818,0.1510274257
0.8500000000,0.1238627602,0.0718149307,0.1102598361,0.0639280319,0.2000000000,0.8000000000,0.4539607667,0.4748166593,0.4626563555,0.4795829662,0.2762353999,0.1511000444,0.2757915818,0.1510274257
0.8520000000,0.1224195278,0.0709974618,0.1088275235,0.0631147504,0.2000000000,0.8000000000,0.4539607667,0.4748166593,0.4626563555,0.4795829662,0.2762353999,0.1511000444,0.2757915818,0.1510274257
0.8540000000,0.1209704007,0.0701761038,0.1073927702,0.0622995885,0.2000000000,0.8000000000,0.4539607667,0.4748166593,0.4626563555,0.4795829662,0.2762353999,0.1511000444,0.2757915818,0.1510274257
0.8560000000,0.1195153903,0.0693508609,0.1059556348,0.0614825795,0.2000000000,0.8000000000,0.4539607667,0.4748166593,0.4626563555,0.4795829662,0.2762353999,0.1511000444,0.2757915818,0.1510274257
0.8580000000,0.1180545080,0.0685217376,0.1045161758,0.0606637569,0.2000000000,0.8000000000,0.4539607667,0.4748166593,0.4626563555,0.4795829662,0.2762353999,0.1511000444,0.2757915818,0.1510274257
0.8600000000,0.1165877651,0.0676887382,0.1030744519,0.0598431540,0.2000000000,0.8000000000,0.4539607667,0.4748166593,0.4626563555,0.4795829662,0.2762353999,0.1511000444,0.2757915818,0.1510274257
0.8620000000,0.1151151731,0.0668518670,0.1016305217,0.0590208045,0.2000000000,0.8000000000,0.4539607667,0.4748166593,0.4626563555,0.4795829662,0.2762353999,0.1511000444,0.2757915818,0.1510274257
0.8640000000,0.1136367432,0.0660111285,0.1001844437,0.0581967417,0.2000000000,0.8000000000,0.4539607667,0.4748166593,0.4626563555,0.4795829662,0.2762353999,0.1511000444,0.2757915818,0.1510274257
0.8660000000,0.1121524867,0.0651665270,0.0987362766,0.0573709993,0.2000000000,0.8000000000,0.4539607667,0.4748166593,0.4626563555,0.4795829662,0.2762353999,0.1511000444,0.2757915818,0.1510274257
0.8680000000,0.1106624149,0.0643180668,0.0972860790,0.0565436109,0.2000000000,0.8000000000,0.4539607667,0.4748166593,0.4626563555,0.4795829662,0.2762353999,0.1511000444,0.2757915818,0.1510274257
0.8700000000,0.1091665390,0.0634657522,0.0958339096,0.0557146101,0.2000000000,0.8000000000,0.4539607667,0.4748166593,0.4626563555,0.4795829662,0.2762353999,0.1511000444,0.2757915818,0.1510274257
0.8720000000,0.1076648702,0.0626095876,0.0943798269,0.0548840307,0.2000000000,0.8000000000,0.4539607667,0.4748166593,0.4626563555,0.4795829662,0.2762353999,0.1511000444,0.2757915818,0.1510274257
0.8740000000,0.1061574196,0.0617495772,0.0929238896,0.0540519063,0.2000000000,0.8000000000,0.4539607667,0.4748166593,0.4626563555,0.4795829662,0.2762353999,0.1511000444,0.2757915818,0.1510274257
0.8760000000,0.1046441984,0.0608857255,0.0914661563,0.0532182707,0.2000000000,0.8000000000,0.4539607667,0.4748166593,0.4626563555,0.4795829662,0.2762353999,0.1511000444,0.2757915818,0.1510274257
0.8780000000,0.1031252178,0.0600180366,0.0900066856,0.0523831577,0.2000000000,0.8000000000,0.4539607667,0.4748166593,0.4626563555,0.4795829662,0.2762353999,0.1511000444,0.2757915818,0.1510274257
0.8800000000,0.1016004887,0.0591465149,0.0885455361,0.0515466012,0.2000000000,0.8000000000,0.4539607667,0.4748166593,0.4626563555,0.4795829662,0.2762353999,0.1511000444,0.2757915818,0.1510274257
0.8820000000,0.1000700223,0.0582711648,0.0870827665,0.0507086350,0.2000000000,0.8000000000,0.4539607667,0.4748166593,0.4626563555,0.4795829662,0.2762353999,0.1511000444,0.2757915818,0.1510274257
0.8840000000,0.0985338295,0.0573919903,0.0856184353,0.0498692929,0.2000000000,0.8000000000,0.4539607667,0.4748166593,0.4626563555,0.4795829662,0.2762353999,0.1511000444,0.2757915818,0.1510274257
0.8860000000,0.0969919215,0.0565089960,0.0841526010,0.0490286090,0.2000000000,0.8000000000,0.4539607667,0.4748166593,0.4626563555,0.4795829662,0.2762353999,0.1511000444,0.2757915818,0.1510274257
0.8880000000,0.0954443090,0.0556221859,0.0826853223,0.0481866171,0.2000000000,0.8000000000,0.4539607667,0.4748166593,0.4626563555,0.4795829662,0.2762353999,0.1511000444,0.2757915818,0.1510274257
0.8900000000,0.0938910032,0.0547315645,0.0812166577,0.0473433512,0.2000000000,0.8000000000,0.4539607667,0.4748166593,0.4626563555,0.4795829662,0.2762353999,0.1511000444,0.2757915818,0.1510274257
0.8920000000,0.0923320148,0.0538371359,0.0797466656,0.0464988453,0.2000000000,0.8000000000,0.4539607667,0.4748166593,0.4626563555,0.4795829662,0.2762353999,0.1511000444,0.2757915818,0.1510274257
0.8940000000,0.0907673549,0.0529389044,0.0782754047,0.0456531334,0.2000000000,0.8000000000,0.4539607667,0.4748166593,0.4626563555,0.4795829662,0.2762353999,0.1511000444,0.2757915818,0.1510274257
0.8960000000,0.0891970342,0.0520368742,0.0768029332,0.0448062496,0.2000000000,0.8000000000,0.4539607667,0.4748166593,0.4626563555,0.4795829662,0.2762353999,0.1511000444,0.2757915818,0.1510274257
0.8980000000,0.0876210635,0.0511310496,0.0753293098,0.0439582279,0.2000000000,0.8000000000,0.4539607667,0.4748166593,0.4626563555,0.4795829662,0.2762353999,0.1511000444,0.2757915818,0.1510274257
0.9000000000,0.0860394537,0.0502214349,0.0738545927,0.0431091024,0.2000000000,0.8000000000,0.4539607667,0.4748166593,0.4626563555,0.4795829662,0.2762353999,0.1511000444,0.2757915818,0.1510274257
0.9020000000,0.0844522156,0.0493080342,0.0723788404,0.0422589072,0.2000000000,0.8000000000,0.4539607667,0.4748166593,0.4626563555,0.4795829662,0.2762353999,0.1511000444,0.2757915818,0.1510274257
0.9040000000,0.0828593598,0.0483908518,0.0709021113,0.0414076764,0.2000000000,0.8000000000,0.4539607667,0.4748166593,0.4626563555,0.4795829662,0.2762353999,0.1511000444,0.2757915818,0.1510274257
0.9060000000,0.0812608972,0.0474698919,0.0694244635,0.0405554441,0.2000000000,0.8000000000,0.4539607667,0.4748166593,0.4626563555,0.4795829662,0.2762353999,0.1511000444,0.2757915818,0.1510274257
0.9080000000,0.0796568384,0.0465451587,0.0679459554,0.0397022445,0.2000000000,0.8000000000,0.4539607667,0.4748166593,0.4626563555,0.4795829662,0.2762353999,0.1511000444,0.2757915818,0.1510274257
0.9100000000,0.0780471941,0.0456166564,0.0664666453,0.0388481118,0.2000000000,0.8000000000,0.4539607667,0.4748166593,0.4626563555,0.4795829662,0.2762353999,0.1511000444,0.2757915818,0.1510274257
0.9120000000,0.0764319748,0.0446843891,0.0649865913,0.0379930800,0.2000000000,0.8000000000,0.4539607667,0.4748166593,0.4626563555,0.4795829662,0.2762353999,0.1511000444,0.2757915818,0.1510274257
0.9140000000,0.0748111913,0.0437483612,0.0635058515,0.0371371833,0.2000000000,0.8000000000,0.4539607667,0.4748166593,0.4626563555,0.4795829662,0.2762353999,0.1511000444,0.2757915818,0.1510274257
0.9160000000,0.0731848542,0.0428085768,0.0620244840,0.0362804561,0.2000000000,0.8000000000,0.4539607667,0.4748166593,0.4626563555,0.4795829662,0.2762353999,0.1511000444,0.2757915818,0.1510274257
0.9180000000,0.0715529738,0.0418650400,0.0605425470,0.0354229323,0.2000000000,0.8000000000,0.4539607667,0.4748166593,0.4626563555,0.4795829662,0.2762353999,0.1511000444,0.2757915818,0.1510274257
0.9200000000,0.0699155609,0.0409177550,0.0590600984,0.0345646463,0.2000000000,0.8000000000,0.4539607667,0.4748166593,0.4626563555,0.4795829662,0.2762353999,0.1511000444,0.2757915818,0.1510274257
0.9220000000,0.0682726259,0.0399667261,0.0575771961,0.0337056323,0.2000000000,0.8000000000,0.4539607667,0.4748166593,0.4626563555,0.4795829662,0.2762353999,0.1511000444,0.2757915818,0.1510274257
0.9240000000,0.0666241793,0.0390119573,0.0560938980,0.0328459243,0.2000000000,0.8000000000,0.4539607667,0.4748166593,0.4626563555,0.4795829662,0.2762353999,0.1511000444,0.2757915818,0.1510274257
0.9260000000,0.0649702315,0.0380534527,0.0546102620,0.0319855567,0.2000000000,0.8000000000,0.4539607667,0.4748166593,0.4626563555,0.4795829662,0.2762353999,0.1511000444,0.2757915818,0.1510274257
0.9280000000,0.0633107929,0.0370912167,0.0531263459,0.0311245637,0.2000000000,0.8000000000,0.4539607667,0.4748166593,0.4626563555,0.4795829662,0.2762353999,0.1511000444,0.2757915818,0.1510274257
0.9300000000,0.0616458740,0.0361252532,0.0516422073,0.0302629794,0.2000000000,0.8000000000,0.4539607667,0.4748166593,0.4626563555,0.4795829662,0.2762353999,0.1511000444,0.2757915818,0.1510274257
0.9320000000,0.0599754852,0.0351555665,0.0501579039,0.0294008381,0.2000000000,0.8000000000,0.4539607667,0.4748166593,0.4626563555,0.4795829662,0.2762353999,0.1511000444,0.2757915818,0.1510274257
0.9340000000,0.0582996367,0.0341821606,0.0486734934,0.0285381739,0.2000000000,0.8000000000,0.4539607667,0.4748166593,0.4626563555,0.4795829662,0.2762353999,0.1511000444,0.2757915818,0.1510274257
0.9360000000,0.0566183389,0.0332050398,0.0471890331,0.0276750211,0.2000000000,0.8000000000,0.4539607667,0.4748166593,0.4626563555,0.4795829662,0.2762353999,0.1511000444,0.2757915818,0.1510274257
0.9380000000,0.0549316021,0.0322242080,0.0457045807,0.0268114138,0.2000000000,0.8000000000,0.4539607667,0.4748166593,0.4626563555,0.4795829662,0.2762353999,0.1511000444,0.2757915818,0.1510274257
0.9400000000,0.0532394366,0.0312396694,0.0442201934,0.0259473862,0.2000000000,0.8000000000,0.4539607667,0.4748166593,0.4626563555,0.4795829662,0.2762353999,0.1511000444,0.2757915818,0.1510274257
0.9420000000,0.0515418526,0.0302514282,0.0427359285,0.0250829725,0.2000000000,0.8000000000,0.4539607667,0.4748166593,0.4626563555,0.4795829662,0.2762353999,0.1511000444,0.2757915818,0.1510274257
0.9440000000,0.0498388603,0.0292594883,0.0412518433,0.0242182069,0.2000000000,0.8000000000,0.4539607667,0.4748166593,0.4626563555,0.4795829662,0.2762353999,0.1511000444,0.2757915818,0.1510274257
0.9460000000,0.0481304699,0.0282638540,0.0397679950,0.0233531234,0.2000000000,0.8000000000,0.4539607667,0.4748166593,0.4626563555,0.4795829662,0.2762353999,0.1511000444,0.2757915818,0.1510274257
0.9480000000,0.0464166916,0.0272645293,0.0382844406,0.0224877564,0.2000000000,0.8000000000,0.4539607667,0.4748166593,0.4626563555,0.4795829662,0.2762353999,0.1511000444,0.2757915818,0.1510274257
0.9500000000,0.0446975355,0.0262615182,0.0368012371,0.0216221397,0.2000000000,0.8000000000,0.4539607667,0.4748166593,0.4626563555,0.4795829662,0.2762353999,0.1511000444,0.2757915818,0.1510274257
0.9520000000,0.0429730117,0.0252548249,0.0353184414,0.0207563077,0.2000000000,0.8000000000,0.4539607667,0.4748166593,0.4626563555,0.4795829662,0.2762353999,0.1511000444,0.2757915818,0.1510274257
0.9540000000,0.0412431304,0.0242444534,0.0338361104,0.0198902943,0.2000000000,0.8000000000,0.4539607667,0.4748166593,0.4626563555,0.4795829662,0.2762353999,0.1511000444,0.2757915818,0.1510274257
0.9560000000,0.0395079015,0.0232304078,0.0323543008,0.0190241337,0.2000000000,0.8000000000,0.4539607667,0.4748166593,0.4626563555,0.4795829662,0.2762353999,0.1511000444,0.2757915818,0.1510274257
0.9580000000,0.0377673351,0.0222126921,0.0308730692,0.0181578599,0.2000000000,0.8000000000,0.4539607667,0.4748166593,0.4626563555,0.4795829662,0.2762353999,0.1511000444,0.2757915818,0.1510274257
0.9600000000,0.0360214413,0.0211913104,0.0293924721,0.0172915069,0.2000000000,0.8000000000,0.4539607667,0.4748166593,0.4626563555,0.4795829662,0.2762353999,0.1511000444,0.2757915818,0.1510274257
0.9620000000,0.0342702301,0.0201662668,0.0279125662,0.0164251088,0.2000000000,0.8000000000,0.4539607667,0.4748166593,0.4626563555,0.4795829662,0.2762353999,0.1511000444,0.2757915818,0.1510274257
0.9640000000,0.0325137113,0.0191375652,0.0264334076,0.0155586995,0.2000000000,0.8000000000,0.4539607667,0.4748166593,0.4626563555,0.4795829662,0.2762353999,0.1511000444,0.2757915818,0.1510274257
0.9660000000,0.0307518949,0.0181052097,0.0249550528,0.0146923130,0.2000000000,0.8000000000,0.4539607667,0.4748166593,0.4626563555,0.4795829662,0.2762353999,0.1511000444,0.2757915818,0.1510274257
0.9680000000,0.0289847909,0.0170692044,0.0234775578,0.0138259832,0.2000000000,0.8000000000,0.4539607667,0.4748166593,0.4626563555,0.4795829662,0.2762353999,0.1511000444,0.2757915818,0.1510274257
0.9700000000,0.0272124091,0.0160295532,0.0220009787,0.0129597441,0.2000000000,0.8000000000,0.4539607667,0.4748166593,0.4626563555,0.4795829662,0.2762353999,0.1511000444,0.2757915818,0.1510274257
0.9720000000,0.0254347594,0.0149862602,0.0205253715,0.0120936296,0.2000000000,0.8000000000,0.4539607667,0.4748166593,0.4626563555,0.4795829662,0.2762353999,0.1511000444,0.2757915818,0.1510274257
0.9740000000,0.0236518516,0.0139393293,0.0190507921,0.0112276734,0.2000000000,0.8000000000,0.4539607667,0.4748166593,0.4626563555,0.4795829662,0.2762353999,0.1511000444,0.2757915818,0.1510274257
0.9760000000,0.0218636956,0.0128887647,0.0175772962,0.0103619095,0.2000000000,0.8000000000,0.4539607667,0.4748166593,0.4626563555,0.4795829662,0.2762353999,0.1511000444,0.2757915818,0.1510274257
0.9780000000,0.0200703012,0.0118345702,0.0161049395,0.0094963716,0.2000000000,0.8000000000,0.4539607667,0.4748166593,0.4626563555,0.4795829662,0.2762353999,0.1511000444,0.2757915818,0.1510274257
0.9800000000,0.0182716780,0.0107767499,0.0146337775,0.0086310934,0.2000000000,0.8000000000,0.4539607667,0.4748166593,0.4626563555,0.4795829662,0.2762353999,0.1511000444,0.2757915818,0.1510274257
0.9820000000,0.0164678359,0.0097153077,0.0131638656,0.0077661088,0.2000000000,0.8000000000,0.4539607667,0.4748166593,0.4626563555,0.4795829662,0.2762353999,0.1511000444,0.2757915818,0.1510274257
0.9840000000,0.0146587846,0.0086502477,0.0116952591,0.0069014513,0.2000000000,0.8000000000,0.4539607667,0.4748166593,0.4626563555,0.4795829662,0.2762353999,0.1511000444,0.2757915818,0.1510274257
0.9860000000,0.0128445337,0.0075815738,0.0102280132,0.0060371547,0.2000000000,0.8000000000,0.4539607667,0.4748166593,0.4626563555,0.4795829662,0.2762353999,0.1511000444,0.2757915818,0.1510274257
0.9880000000,0.0110250930,0.0065092899,0.0087621830,0.0051732525,0.2000000000,0.8000000000,0.4539607667,0.4748166593,0.4626563555,0.4795829662,0.2762353999,0.1511000444,0.2757915818,0.1510274257
0.9900000000,0.0092004720,0.0054334001,0.0072978235,0.0043097783,0.2000000000,0.8000000000,0.4539607667,0.4748166593,0.4626563555,0.4795829662,0.2762353999,0.1511000444,0.2757915818,0.1510274257
0.9920000000,0.0073706805,0.0043539083,0.0058349894,0.0034467657,0.2000000000,0.8000000000,0.4539607667,0.4748166593,0.4626563555,0.4795829662,0.2762353999,0.1511000444,0.2757915818,0.1510274257
0.9940000000,0.0055357280,0.0032708185,0.0043737355,0.0025842482,0.2000000000,0.8000000000,0.4539607667,0.4748166593,0.4626563555,0.4795829662,0.2762353999,0.1511000444,0.2757915818,0.1510274257
0.9960000000,0.0036956240,0.0021841345,0.0029141164,0.0017222591,0.2000000000,0.8000000000,0.4539607667,0.4748166593,0.4626563555,0.4795829662,0.2762353999,0.1511000444,0.2757915818,0.1510274257
0.9980000000,0.0018503782,0.0010938604,0.0014561864,0.0008608319,0.2000000000,0.8000000000,0.4539607667,0.4748166593,0.4626563555,0.4795829662,0.2762353999,0.1511000444,0.2757915818,0.1510274257
1.0000000000,0.0000000000,0.0000000000,0.0000000000,0.0000000000,0.2000000000,0.8000000000,0.4539607667,0.4748166593,0.4626563555,0.4795829662,0.2762353999,0.1511000444,0.2757915818,0.1510274257
