kappa,log_y_ratio,log_r_ratio,d_ratio,b_ratio,p_ratio,kappa_R_F,kappa_Y_F,z0,z1
0.0000000000,-0.0357542059,-0.0156953356,1.0743912325,1.0366558465,0.9443002915,0.3231617197,0.7219294576,-0.7500000000,-0.3000000000
0.0020000000,-0.0356585551,-0.0155996848,1.0742884712,1.0366558465,0.9443002915,0.3231617197,0.7219294576,-0.7500000000,-0.3000000000
0.0040000000,-0.0355628862,-0.0155040159,1.0741857001,1.0366558465,0.9443002915,0.3231617197,0.7219294576,-0.7500000000,-0.3000000000
0.0060000000,-0.0354671991,-0.0154083288,1.0740829193,1.0366558465,0.9443002915,0.3231617197,0.7219294576,-0.7500000000,-0.3000000000
0.0080000000,-0.0353714938,-0.0153126235,1.0739801287,1.0366558465,0.9443002915,0.3231617197,0.7219294576,-0.7500000000,-0.3000000000
0.0100000000,-0.0352757703,-0.0152169000,1.0738773285,1.0366558465,0.9443002915,0.3231617197,0.7219294576,-0.7500000000,-0.3000000000
0.0120000000,-0.0351800285,-0.0151211582,1.0737745185,1.0366558465,0.9443002915,0.3231617197,0.7219294576,-0.7500000000,-0.3000000000
0.0140000000,-0.0350842686,-0.0150253983,1.0736716988,1.0366558465,0.9443002915,0.3231617197,0.7219294576,-0.7500000000,-0.3000000000
0.0160000000,-0.0349884904,-0.0149296201,1.0735688694,1.0366558465,0.9443002915,0.3231617197,0.7219294576,-0.7500000000,-0.3000000000
0.0180000000,-0.0348926939,-0.0148338236,1.0734660303,1.0366558465,0.9443002915,0.3231617197,0.7219294576,-0.7500000000,-0.3000000000
0.0200000000,-0.0347968792,-0.0147380089,1.0733631814,1.0366558465,0.9443002915,0.3231617197,0.7219294576,-0.7500000000,-0.3000000000
0.0220000000,-0.0347010463,-0.0146421760,1.0732603228,1.0366558465,0.9443002915,0.3231617197,0.7219294576,-0.7500000000,-0.3000000000
0.0240000000,-0.0346051952,-0.0145463249,1.0731574545,1.0366558465,0.9443002915,0.3231617197,0.7219294576,-0.7500000000,-0.3000000000
0.0260000000,-0.0345093257,-0.0144504554,1.0730545764,1.0366558465,0.9443002915,0.3231617197,0.7219294576,-0.7500000000,-0.3000000000
0.0280000000,-0.0344134380,-0.0143545677,1.0729516886,1.0366558465,0.9443002915,0.3231617197,0.7219294576,-0.7500000000,-0.3000000000
0.0300000000,-0.0343175321,-0.0142586618,1.0728487911,1.0366558465,0.9443002915,0.3231617197,0.7219294576,-0.7500000000,-0.3000000000
0.0320000000,-0.0342216078,-0.0141627375,1.0727458838,1.0366558465,0.9443002915,0.3231617197,0.7219294576,-0.7500000000,-0.3000000000
0.0340000000,-0.0341256653,-0.0140667950,1.0726429668,1.0366558465,0.9443002915,0.3231617197,0.7219294576,-0.7500000000,-0.3000000000
0.0360000000,-0.0340297045,-0.0139708342,1.0725400400,1.0366558465,0.9443002915,0.3231617197,0.7219294576,-0.7500000000,-0.3000000000
0.0380000000,-0.0339337254,-0.0138748551,1.0724371036,1.0366558465,0.9443002915,0.3231617197,0.7219294576,-0.7500000000,-0.3000000000
0.0400000000,-0.0338377280,-0.0137788577,1.0723341573,1.0366558465,0.9443002915,0.3231617197,0.7219294576,-0.7500000000,-0.3000000000
0.0420000000,-0.0337417123,-0.0136828420,1.0722312014,1.0366558465,0.9443002915,0.3231617197,0.7219294576,-0.7500000000,-0.3000000000
0.0440000000,-0.0336456783,-0.0135868080,1.0721282357,1.0366558465,0.9443002915,0.3231617197,0.7219294576,-0.7500000000,-0.3000000000
0.0460000000,-0.0335496260,-0.0134907557,1.0720252602,1.0366558465,0.9443002915,0.3231617197,0.7219294576,-0.7500000000,-0.3000000000
0.0480000000,-0.0334535554,-0.0133946851,1.0719222750,1.0366558465,0.9443002915,0.3231617197,0.7219294576,-0.7500000000,-0.3000000000
0.0500000000,-0.0333574664,-0.0132985961,1.0718192800,1.0366558465,0.9443002915,0.3231617197,0.7219294576,-0.7500000000,-0.3000000000
0.0520000000,-0.0332613591,-0.0132024888,1.0717162753,1.0366558465,0.9443002915,0.3231617197,0.7219294576,-0.7500000000,-0.3000000000
0.0540000000,-0.0331652335,-0.0131063632,1.0716132609,1.0366558465,0.9443002915,0.3231617197,0.7219294576,-0.7500000000,-0.3000000000
0.0560000000,-0.0330690895,-0.0130102192,1.0715102367,1.0366558465,0.9443002915,0.3231617197,0.7219294576,-0.7500000000,-0.3000000000
0.0580000000,-0.0329729272,-0.0129140569,1.0714072027,1.0366558465,0.9443002915,0.3231617197,0.7219294576,-0.7500000000,-0.3000000000
0.0600000000,-0.0328767465,-0.0128178762,1.0713041590,1.0366558465,0.9443002915,0.3231617197,0.7219294576,-0.7500000000,-0.3000000000
0.0620000000,-0.0327805475,-0.0127216772,1.0712011055,1.0366558465,0.9443002915,0.3231617197,0.7219294576,-0.7500000000,-0.3000000000
0.0640000000,-0.0326843301,-0.0126254598,1.0710980423,1.0366558465,0.9443002915,0.3231617197,0.7219294576,-0.7500000000,-0.3000000000
0.0660000000,-0.0325880943,-0.0125292240,1.0709949693,1.0366558465,0.9443002915,0.3231617197,0.7219294576,-0.7500000000,-0.3000000000
0.0680000000,-0.0324918401,-0.0124329698,1.0708918866,1.0366558465,0.9443002915,0.3231617197,0.7219294576,-0.7500000000,-0.3000000000
0.0700000000,-0.0323955676,-0.0123366973,1.0707887941,1.0366558465,0.9443002915,0.3231617197,0.7219294576,-0.7500000000,-0.3000000000
0.0720000000,-0.0322992767,-0.0122404064,1.0706856918,1.0366558465,0.9443002915,0.3231617197,0.7219294576,-0.7500000000,-0.3000000000
0.0740000000,-0.0322029674,-0.0121440971,1.0705825798,1.0366558465,0.9443002915,0.3231617197,0.7219294576,-0.7500000000,-0.3000000000
0.0760000000,-0.0321066397,-0.0120477694,1.0704794579,1.0366558465,0.9443002915,0.3231617197,0.7219294576,-0.7500000000,-0.3000000000
0.0780000000,-0.0320102935,-0.0119514232,1.0703763264,1.0366558465,0.9443002915,0.3231617197,0.7219294576,-0.7500000000,-0.3000000000
0.0800000000,-0.0319139290,-0.0118550587,1.0702731850,1.0366558465,0.9443002915,0.3231617197,0.7219294576,-0.7500000000,-0.3000000000
0.0820000000,-0.0318175461,-0.0117586758,1.0701700339,1.0366558465,0.9443002915,0.3231617197,0.7219294576,-0.7500000000,-0.3000000000
0.0840000000,-0.0317211447,-0.0116622744,1.0700668730,1.0366558465,0.9443002915,0.3231617197,0.7219294576,-0.7500000000,-0.3000000000
0.0860000000,-0.0316247249,-0.0115658546,1.0699637024,1.0366558465,0.9443002915,0.3231617197,0.7219294576,-0.7500000000,-0.3000000000
0.0880000000,-0.0315282867,-0.0114694164,1.0698605219,1.0366558465,0.9443002915,0.3231617197,0.7219294576,-0.7500000000,-0.3000000000
0.0900000000,-0.0314318300,-0.0113729597,1.0697573317,1.0366558465,0.9443002915,0.3231617197,0.7219294576,-0.7500000000,-0.3000000000
0.0920000000,-0.0313353549,-0.0112764846,1.0696541317,1.0366558465,0.9443002915,0.3231617197,0.7219294576,-0.7500000000,-0.3000000000
0.0940000000,-0.0312388613,-0.0111799910,1.0695509220,1.0366558465,0.9443002915,0.3231617197,0.7219294576,-0.7500000000,-0.3000000000
0.0960000000,-0.0311423493,-0.0110834790,1.0694477024,1.0366558465,0.9443002915,0.3231617197,0.7219294576,-0.7500000000,-0.3000000000
0.0980000000,-0.0310458188,-0.0109869485,1.0693444731,1.0366558465,0.9443002915,0.3231617197,0.7219294576,-0.7500000000,-0.3000000000
0.1000000000,-0.0309492698,-0.0108903995,1.0692412340,1.0366558465,0.9443002915,0.3231617197,0.7219294576,-0.7500000000,-0.3000000000
0.1020000000,-0.0308527024,-0.0107938321,1.0691379851,1.0366558465,0.9443002915,0.3231617197,0.7219294576,-0.7500000000,-0.3000000000
0.1040000000,-0.0307561165,-0.0106972462,1.0690347264,1.0366558465,0.9443002915,0.3231617197,0.7219294576,-0.7500000000,-0.3000000000
0.1060000000,-0.0306595121,-0.0106006418,1.0689314580,1.0366558465,0.9443002915,0.3231617197,0.7219294576,-0.7500000000,-0.3000000000
0.1080000000,-0.0305628892,-0.0105040189,1.0688281797,1.0366558465,0.9443002915,0.3231617197,0.7219294576,-0.7500000000,-0.3000000000
0.1100000000,-0.0304662478,-0.0104073775,1.0687248917,1.0366558465,0.9443002915,0.3231617197,0.7219294576,-0.7500000000,-0.3000000000
0.1120000000,-0.0303695879,-0.0103107176,1.0686215938,1.0366558465,0.9443002915,0.3231617197,0.7219294576,-0.7500000000,-0.3000000000
0.1140000000,-0.0302729095,-0.0102140392,1.0685182862,1.0366558465,0.9443002915,0.3231617197,0.7219294576,-0.7500000000,-0.3000000000
0.1160000000,-0.0301762126,-0.0101173423,1.0684149688,1.0366558465,0.9443002915,0.3231617197,0.7219294576,-0.7500000000,-0.3000000000
0.1180000000,-0.0300794972,-0.0100206269,1.0683116416,1.0366558465,0.9443002915,0.3231617197,0.7219294576,-0.7500000000,-0.3000000000
0.1200000000,-0.0299827632,-0.0099238929,1.0682083045,1.0366558465,0.9443002915,0.3231617197,0.7219294576,-0.7500000000,-0.3000000000
0.1220000000,-0.0298860107,-0.0098271404,1.0681049577,1.0366558465,0.9443002915,0.3231617197,0.7219294576,-0.7500000000,-0.3000000000
0.1240000000,-0.0297892397,-0.0097303694,1.0680016011,1.0366558465,0.9443002915,0.3231617197,0.7219294576,-0.7500000000,-0.3000000000
0.1260000000,-0.0296924501,-0.0096335798,1.0678982347,1.0366558465,0.9443002915,0.3231617197,0.7219294576,-0.7500000000,-0.3000000000
0.1280000000,-0.0295956420,-0.0095367717,1.0677948585,1.0366558465,0.9443002915,0.3231617197,0.7219294576,-0.7500000000,-0.3000000000
0.1300000000,-0.0294988153,-0.0094399450,1.0676914725,1.0366558465,0.9443002915,0.3231617197,0.7219294576,-0.7500000000,-0.3000000000
0.1320000000,-0.0294019701,-0.0093430998,1.0675880766,1.0366558465,0.9443002915,0.3231617197,0.7219294576,-0.7500000000,-0.3000000000
0.1340000000,-0.0293051063,-0.0092462360,1.0674846710,1.0366558465,0.9443002915,0.3231617197,0.7219294576,-0.7500000000,-0.3000000000
0.1360000000,-0.0292082239,-0.0091493536,1.0673812555,1.0366558465,0.9443002915,0.3231617197,0.7219294576,-0.7500000000,-0.3000000000
0.1380000000,-0.0291113230,-0.0090524527,1.0672778303,1.0366558465,0.9443002915,0.3231617197,0.7219294576,-0.7500000000,-0.3000000000
0.1400000000,-0.0290144034,-0.0089555331,1.0671743952,1.0366558465,0.9443002915,0.3231617197,0.7219294576,-0.7500000000,-0.3000000000
0.1420000000,-0.0289174653,-0.0088585950,1.0670709504,1.0366558465,0.9443002915,0.3231617197,0.7219294576,-0.7500000000,-0.3000000000
0.1440000000,-0.0288205086,-0.0087616383,1.0669674957,1.0366558465,0.9443002915,0.3231617197,0.7219294576,-0.7500000000,-0.3000000000
0.1460000000,-0.0287235332,-0.0086646629,1.0668640312,1.0366558465,0.9443002915,0.3231617197,0.7219294576,-0.7500000000,-0.3000000000
0.1480000000,-0.0286265393,-0.0085676690,1.0667605569,1.0366558465,0.9443002915,0.3231617197,0.7219294576,-0.7500000000,-0.3000000000
0.1500000000,-0.0285295268,-0.0084706565,1.0666570727,1.0366558465,0.9443002915,0.3231617197,0.7219294576,-0.7500000000,-0.3000000000
0.1520000000,-0.0284324956,-0.0083736253,1.0665535788,1.0366558465,0.9443002915,0.3231617197,0.7219294576,-0.7500000000,-0.3000000000
0.1540000000,-0.0283354458,-0.0082765755,1.0664500750,1.0366558465,0.9443002915,0.3231617197,0.7219294576,-0.7500000000,-0.3000000000
0.1560000000,-0.0282383774,-0.0081795071,1.0663465614,1.0366558465,0.9443002915,0.3231617197,0.7219294576,-0.7500000000,-0.3000000000
0.1580000000,-0.0281412903,-0.0080824200,1.0662430380,1.0366558465,0.9443002915,0.3231617197,0.7219294576,-0.7500000000,-0.3000000000
0.1600000000,-0.0280441846,-0.0079853143,1.0661395047,1.0366558465,0.9443002915,0.3231617197,0.7219294576,-0.7500000000,-0.3000000000
0.1620000000,-0.0279470603,-0.0078881900,1.0660359616,1.0366558465,0.9443002915,0.3231617197,0.7219294576,-0.7500000000,-0.3000000000
0.1640000000,-0.0278499173,-0.0077910470,1.0659324087,1.0366558465,0.9443002915,0.3231617197,0.7219294576,-0.7500000000,-0.3000000000
0.1660000000,-0.0277527556,-0.0076938853,1.0658288460,1.0366558465,0.9443002915,0.3231617197,0.7219294576,-0.7500000000,-0.3000000000
0.1680000000,-0.0276555753,-0.0075967050,1.0657252735,1.0366558465,0.9443002915,0.3231617197,0.7219294576,-0.7500000000,-0.3000000000
0.1700000000,-0.0275583763,-0.0074995060,1.0656216911,1.0366558465,0.9443002915,0.3231617197,0.7219294576,-0.7500000000,-0.3000000000
0.1720000000,-0.0274611586,-0.0074022884,1.0655180988,1.0366558465,0.9443002915,0.3231617197,0.7219294576,-0.7500000000,-0.3000000000
0.1740000000,-0.0273639223,-0.0073050520,1.0654144968,1.0366558465,0.9443002915,0.3231617197,0.7219294576,-0.7500000000,-0.3000000000
0.1760000000,-0.0272666672,-0.0072077970,1.0653108849,1.0366558465,0.9443002915,0.3231617197,0.7219294576,-0.7500000000,-0.3000000000
0.1780000000,-0.0271693935,-0.0071105232,1.0652072631,1.0366558465,0.9443002915,0.3231617197,0.7219294576,-0.7500000000,-0.3000000000
0.1800000000,-0.0270721011,-0.0070132308,1.0651036316,1.0366558465,0.9443002915,0.3231617197,0.7219294576,-0.7500000000,-0.3000000000
0.1820000000,-0.0269747899,-0.0069159196,1.0649999902,1.0366558465,0.9443002915,0.3231617197,0.7219294576,-0.7500000000,-0.3000000000
0.1840000000,-0.0268774601,-0.0068185898,1.0648963389,1.0366558465,0.9443002915,0.3231617197,0.7219294576,-0.7500000000,-0.3000000000
0.1860000000,-0.0267801115,-0.0067212412,1.0647926778,1.0366558465,0.9443002915,0.3231617197,0.7219294576,-0.7500000000,-0.3000000000
0.1880000000,-0.0266827442,-0.0066238739,1.0646890069,1.0366558465,0.9443002915,0.3231617197,0.7219294576,-0.7500000000,-0.3000000000
0.1900000000,-0.0265853582,-0.0065264879,1.0645853261,1.0366558465,0.9443002915,0.3231617197,0.7219294576,-0.7500000000,-0.3000000000
0.1920000000,-0.0264879534,-0.0064290831,1.0644816354,1.0366558465,0.9443002915,0.3231617197,0.7219294576,-0.7500000000,-0.3000000000
0.1940000000,-0.0263905299,-0.0063316596,1.0643779350,1.0366558465,0.9443002915,0.3231617197,0.7219294576,-0.7500000000,-0.3000000000
0.1960000000,-0.0262930876,-0.0062342173,1.0642742246,1.0366558465,0.9443002915,0.3231617197,0.7219294576,-0.7500000000,-0.3000000000
0.1980000000,-0.0261956266,-0.0061367563,1.0641705044,1.0366558465,0.9443002915,0.3231617197,0.7219294576,-0.7500000000,-0.3000000000
0.2000000000,-0.0260981469,-0.0060392766,1.0640667744,1.0366558465,0.9443002915,0.3231617197,0.7219294576,-0.7500000000,-0.3000000000
0.2020000000,-0.0260006483,-0.0059417780,1.0639630345,1.0366558465,0.9443002915,0.3231617197,0.7219294576,-0.7500000000,-0.3000000000
0.2040000000,-0.0259031310,-0.0058442607,1.0638592848,1.0366558465,0.9443002915,0.3231617197,0.7219294576,-0.7500000000,-0.3000000000
0.2060000000,-0.0258055949,-0.0057467246,1.0637555252,1.0366558465,0.9443002915,0.3231617197,0.7219294576,-0.7500000000,-0.3000000000
0.2080000000,-0.0257080401,-0.0056491698,1.0636517557,1.0366558465,0.9443002915,0.3231617197,0.7219294576,-0.7500000000,-0.3000000000
0.2100000000,-0.0256104664,-0.0055515961,1.0635479764,1.0366558465,0.9443002915,0.3231617197,0.7219294576,-0.7500000000,-0.3000000000
0.2120000000,-0.0255128740,-0.0054540037,1.0634441872,1.0366558465,0.9443002915,0.3231617197,0.7219294576,-0.7500000000,-0.3000000000
0.2140000000,-0.0254152627,-0.0053563924,1.0633403881,1.0366558465,0.9443002915,0.3231617197,0.7219294576,-0.7500000000,-0.3000000000
0.2160000000,-0.0253176327,-0.0052587624,1.0632365792,1.0366558465,0.9443002915,0.3231617197,0.7219294576,-0.7500000000,-0.3000000000
0.2180000000,-0.0252199838,-0.0051611135,1.0631327605,1.0366558465,0.9443002915,0.3231617197,0.7219294576,-0.7500000000,-0.3000000000
0.2200000000,-0.0251223161,-0.0050634458,1.0630289318,1.0366558465,0.9443002915,0.3231617197,0.7219294576,-0.7500000000,-0.3000000000
0.2220000000,-0.0250246296,-0.0049657593,1.0629250933,1.0366558465,0.9443002915,0.3231617197,0.7219294576,-0.7500000000,-0.3000000000
0.2240000000,-0.0249269243,-0.0048680540,1.0628212449,1.0366558465,0.9443002915,0.3231617197,0.7219294576,-0.7500000000,-0.3000000000
0.2260000000,-0.0248292001,-0.0047703298,1.0627173867,1.0366558465,0.9443002915,0.3231617197,0.7219294576,-0.7500000000,-0.3000000000
0.2280000000,-0.0247314571,-0.0046725868,1.0626135186,1.0366558465,0.9443002915,0.3231617197,0.7219294576,-0.7500000000,-0.3000000000
0.2300000000,-0.0246336952,-0.0045748249,1.0625096406,1.0366558465,0.9443002915,0.3231617197,0.7219294576,-0.7500000000,-0.3000000000
0.2320000000,-0.0245359145,-0.0044770442,1.0624057527,1.0366558465,0.9443002915,0.3231617197,0.7219294576,-0.7500000000,-0.3000000000
0.2340000000,-0.0244381149,-0.0043792446,1.0623018549,1.0366558465,0.9443002915,0.3231617197,0.7219294576,-0.7500000000,-0.3000000000
0.2360000000,-0.0243402965,-0.0042814262,1.0621979473,1.0366558465,0.9443002915,0.3231617197,0.7219294576,-0.7500000000,-0.3000000000
0.2380000000,-0.0242424592,-0.0041835889,1.0620940298,1.0366558465,0.9443002915,0.3231617197,0.7219294576,-0.7500000000,-0.3000000000
0.2400000000,-0.0241446030,-0.0040857327,1.0619901024,1.0366558465,0.9443002915,0.3231617197,0.7219294576,-0.7500000000,-0.3000000000
0.2420000000,-0.0240467279,-0.0039878576,1.0618861651,1.0366558465,0.9443002915,0.3231617197,0.7219294576,-0.7500000000,-0.3000000000
0.2440000000,-0.0239488340,-0.0038899637,1.0617822180,1.0366558465,0.9443002915,0.3231617197,0.7219294576,-0.7500000000,-0.3000000000
0.2460000000,-0.0238509211,-0.0037920508,1.0616782609,1.0366558465,0.9443002915,0.3231617197,0.7219294576,-0.7500000000,-0.3000000000
0.2480000000,-0.0237529894,-0.0036941191,1.0615742940,1.0366558465,0.9443002915,0.3231617197,0.7219294576,-0.7500000000,-0.3000000000
0.2500000000,-0.0236550387,-0.0035961684,1.0614703172,1.0366558465,0.9443002915,0.3231617197,0.7219294576,-0.7500000000,-0.3000000000
0.2520000000,-0.0235570691,-0.0034981988,1.0613663305,1.0366558465,0.9443002915,0.3231617197,0.7219294576,-0.7500000000,-0.3000000000
0.2540000000,-0.0234590806,-0.0034002103,1.0612623339,1.0366558465,0.9443002915,0.3231617197,0.7219294576,-0.7500000000,-0.3000000000
0.2560000000,-0.0233610732,-0.0033022029,1.0611583274,1.0366558465,0.9443002915,0.3231617197,0.7219294576,-0.7500000000,-0.3000000000
0.2580000000,-0.0232630468,-0.0032041765,1.0610543110,1.0366558465,0.9443002915,0.3231617197,0.7219294576,-0.7500000000,-0.3000000000
0.2600000000,-0.0231650016,-0.0031061313,1.0609502847,1.0366558465,0.9443002915,0.3231617197,0.7219294576,-0.7500000000,-0.3000000000
0.2620000000,-0.0230669373,-0.0030080670,1.0608462486,1.0366558465,0.9443002915,0.3231617197,0.7219294576,-0.7500000000,-0.3000000000
0.2640000000,-0.0229688541,-0.0029099838,1.0607422025,1.0366558465,0.9443002915,0.3231617197,0.7219294576,-0.7500000000,-0.3000000000
0.2660000000,-0.0228707520,-0.0028118817,1.0606381465,1.0366558465,0.9443002915,0.3231617197,0.7219294576,-0.7500000000,-0.3000000000
0.2680000000,-0.0227726309,-0.0027137606,1.0605340807,1.0366558465,0.9443002915,0.3231617197,0.7219294576,-0.7500000000,-0.3000000000
0.2700000000,-0.0226744909,-0.0026156206,1.0604300049,1.0366558465,0.9443002915,0.3231617197,0.7219294576,-0.7500000000,-0.3000000000
0.2720000000,-0.0225763318,-0.0025174615,1.0603259192,1.0366558465,0.9443002915,0.3231617197,0.7219294576,-0.7500000000,-0.3000000000
0.2740000000,-0.0224781538,-0.0024192835,1.0602218236,1.0366558465,0.9443002915,0.3231617197,0.7219294576,-0.7500000000,-0.3000000000
0.2760000000,-0.0223799568,-0.0023210865,1.0601177181,1.0366558465,0.9443002915,0.3231617197,0.7219294576,-0.7500000000,-0.3000000000
0.2780000000,-0.0222817408,-0.0022228705,1.0600136027,1.0366558465,0.9443002915,0.3231617197,0.7219294576,-0.7500000000,-0.3000000000
0.2800000000,-0.0221835058,-0.0021246355,1.0599094774,1.0366558465,0.9443002915,0.3231617197,0.7219294576,-0.7500000000,-0.3000000000
0.2820000000,-0.0220852518,-0.0020263816,1.0598053422,1.0366558465,0.9443002915,0.3231617197,0.7219294576,-0.7500000000,-0.3000000000
0.2840000000,-0.0219869789,-0.0019281086,1.0597011971,1.0366558465,0.9443002915,0.3231617197,0.7219294576,-0.7500000000,-0.3000000000
0.2860000000,-0.0218886868,-0.0018298165,1.0595970421,1.0366558465,0.9443002915,0.3231617197,0.7219294576,-0.7500000000,-0.3000000000
0.2880000000,-0.0217903758,-0.0017315055,1.0594928771,1.0366558465,0.9443002915,0.3231617197,0.7219294576,-0.7500000000,-0.3000000000
0.2900000000,-0.0216920458,-0.0016331755,1.0593887022,1.0366558465,0.9443002915,0.3231617197,0.7219294576,-0.7500000000,-0.3000000000
0.2920000000,-0.0215936967,-0.0015348264,1.0592845174,1.0366558465,0.9443002915,0.3231617197,0.7219294576,-0.7500000000,-0.3000000000
0.2940000000,-0.0214953285,-0.0014364582,1.0591803227,1.0366558465,0.9443002915,0.3231617197,0.7219294576,-0.7500000000,-0.3000000000
0.2960000000,-0.0213969414,-0.0013380711,1.0590761181,1.0366558465,0.9443002915,0.3231617197,0.7219294576,-0.7500000000,-0.3000000000
0.2980000000,-0.0212985351,-0.0012396649,1.0589719035,1.0366558465,0.9443002915,0.3231617197,0.7219294576,-0.7500000000,-0.3000000000
0.3000000000,-0.0212001099,-0.0011412396,1.0588676791,1.0366558465,0.9443002915,0.3231617197,0.7219294576,-0.7500000000,-0.3000000000
0.3020000000,-0.0211016655,-0.0010427952,1.0587634447,1.0366558465,0.9443002915,0.3231617197,0.7219294576,-0.7500000000,-0.3000000000
0.3040000000,-0.0210032021,-0.0009443318,1.0586592003,1.0366558465,0.9443002915,0.3231617197,0.7219294576,-0.7500000000,-0.3000000000
0.3060000000,-0.0209047196,-0.0008458493,1.0585549461,1.0366558465,0.9443002915,0.3231617197,0.7219294576,-0.7500000000,-0.3000000000
0.3080000000,-0.0208062181,-0.0007473478,1.0584506819,1.0366558465,0.9443002915,0.3231617197,0.7219294576,-0.7500000000,-0.3000000000
0.3100000000,-0.0207076974,-0.0006488271,1.0583464078,1.0366558465,0.9443002915,0.3231617197,0.7219294576,-0.7500000000,-0.3000000000
0.3120000000,-0.0206091577,-0.0005502874,1.0582421237,1.0366558465,0.9443002915,0.3231617197,0.7219294576,-0.7500000000,-0.3000000000
0.3140000000,-0.0205105988,-0.0004517285,1.0581378298,1.0366558465,0.9443002915,0.3231617197,0.7219294576,-0.7500000000,-0.3000000000
0.3160000000,-0.0204120209,-0.0003531506,1.0580335259,1.0366558465,0.9443002915,0.3231617197,0.7219294576,-0.7500000000,-0.3000000000
0.3180000000,-0.0203134238,-0.0002545535,1.0579292120,1.0366558465,0.9443002915,0.3231617197,0.7219294576,-0.7500000000,-0.3000000000
0.3200000000,-0.0202148077,-0.0001559374,1.0578248882,1.0366558465,0.9443002915,0.3231617197,0.7219294576,-0.7500000000,-0.3000000000
0.3220000000,-0.0201161724,-0.0000573021,1.0577205545,1.0366558465,0.9443002915,0.3231617197,0.7219294576,-0.7500000000,-0.3000000000
0.3240000000,-0.0200175179,0.0000413524,1.0576162108,1.0366558465,0.9443002915,0.3231617197,0.7219294576,-0.7500000000,-0.3000000000
0.3260000000,-0.0199188444,0.0001400259,1.0575118572,1.0366558465,0.9443002915,0.3231617197,0.7219294576,-0.7500000000,-0.3000000000
0.3280000000,-0.0198201517,0.0002387186,1.0574074937,1.0366558465,0.9443002915,0.3231617197,0.7219294576,-0.7500000000,-0.3000000000
0.3300000000,-0.0197214398,0.0003374305,1.0573031202,1.0366558465,0.9443002915,0.3231617197,0.7219294576,-0.7500000000,-0.3000000000
0.3320000000,-0.0196227088,0.0004361615,1.0571987367,1.0366558465,0.9443002915,0.3231617197,0.7219294576,-0.7500000000,-0.3000000000
0.3340000000,-0.0195239587,0.0005349116,1.0570943433,1.0366558465,0.9443002915,0.3231617197,0.7219294576,-0.7500000000,-0.3000000000
0.3360000000,-0.0194251893,0.0006336810,1.0569899400,1.0366558465,0.9443002915,0.3231617197,0.7219294576,-0.7500000000,-0.3000000000
0.3380000000,-0.0193264009,0.0007324694,1.0568855267,1.0366558465,0.9443002915,0.3231617197,0.7219294576,-0.7500000000,-0.3000000000
0.3400000000,-0.0192275932,0.0008312771,1.0567811035,1.0366558465,0.9443002915,0.3231617197,0.7219294576,-0.7500000000,-0.3000000000
0.3420000000,-0.0191287663,0.0009301040,1.0566766703,1.0366558465,0.9443002915,0.3231617197,0.7219294576,-0.7500000000,-0.3000000000
0.3440000000,-0.0190299203,0.0010289500,1.0565722271,1.0366558465,0.9443002915,0.3231617197,0.7219294576,-0.7500000000,-0.3000000000
0.3460000000,-0.0189310550,0.0011278153,1.0564677740,1.0366558465,0.9443002915,0.3231617197,0.7219294576,-0.7500000000,-0.3000000000
0.3480000000,-0.0188321706,0.0012266997,1.0563633110,1.0366558465,0.9443002915,0.3231617197,0.7219294576,-0.7500000000,-0.3000000000
0.3500000000,-0.0187332669,0.0013256034,1.0562588379,1.0366558465,0.9443002915,0.3231617197,0.7219294576,-0.7500000000,-0.3000000000
0.3520000000,-0.0186343441,0.0014245262,1.0561543550,1.0366558465,0.9443002915,0.3231617197,0.7219294576,-0.7500000000,-0.3000000000
0.3540000000,-0.0185354020,0.0015234683,1.0560498620,1.0366558465,0.9443002915,0.3231617197,0.7219294576,-0.7500000000,-0.3000000000
0.3560000000,-0.0184364407,0.0016224296,1.0559453591,1.0366558465,0.9443002915,0.3231617197,0.7219294576,-0.7500000000,-0.3000000000
0.3580000000,-0.0183374601,0.0017214102,1.0558408462,1.0366558465,0.9443002915,0.3231617197,0.7219294576,-0.7500000000,-0.3000000000
0.3600000000,-0.0182384604,0.0018204099,1.0557363234,1.0366558465,0.9443002915,0.3231617197,0.7219294576,-0.7500000000,-0.3000000000
0.3620000000,-0.0181394413,0.0019194290,1.0556317906,1.0366558465,0.9443002915,0.3231617197,0.7219294576,-0.7500000000,-0.3000000000
0.3640000000,-0.0180404031,0.0020184672,1.0555272478,1.0366558465,0.9443002915,0.3231617197,0.7219294576,-0.7500000000,-0.3000000000
0.3660000000,-0.0179413455,0.0021175248,1.0554226951,1.0366558465,0.9443002915,0.3231617197,0.7219294576,-0.7500000000,-0.3000000000
0.3680000000,-0.0178422688,0.0022166015,1.0553181324,1.0366558465,0.9443002915,0.3231617197,0.7219294576,-0.7500000000,-0.3000000000
0.3700000000,-0.0177431727,0.0023156976,1.0552135597,1.0366558465,0.9443002915,0.3231617197,0.7219294576,-0.7500000000,-0.3000000000
0.3720000000,-0.0176440574,0.0024148129,1.0551089770,1.0366558465,0.9443002915,0.3231617197,0.7219294576,-0.7500000000,-0.3000000000
0.3740000000,-0.0175449227,0.0025139476,1.0550043844,1.0366558465,0.9443002915,0.3231617197,0.7219294576,-0.7500000000,-0.3000000000
0.3760000000,-0.0174457688,0.0026131015,1.0548997818,1.0366558465,0.9443002915,0.3231617197,0.7219294576,-0.7500000000,-0.3000000000
0.3780000000,-0.0173465956,0.0027122747,1.0547951692,1.0366558465,0.9443002915,0.3231617197,0.7219294576,-0.7500000000,-0.3000000000
0.3800000000,-0.0172474031,0.0028114671,1.0546905466,1.0366558465,0.9443002915,0.3231617197,0.7219294576,-0.7500000000,-0.3000000000
0.3820000000,-0.0171481913,0.0029106789,1.0545859140,1.0366558465,0.9443002915,0.3231617197,0.7219294576,-0.7500000000,-0.3000000000
0.3840000000,-0.0170489602,0.0030099101,1.0544812715,1.0366558465,0.9443002915,0.3231617197,0.7219294576,-0.7500000000,-0.3000000000
0.3860000000,-0.0169497098,0.0031091605,1.0543766190,1.0366558465,0.9443002915,0.3231617197,0.7219294576,-0.7500000000,-0.3000000000
0.3880000000,-0.0168504401,0.0032084302,1.0542719565,1.0366558465,0.9443002915,0.3231617197,0.7219294576,-0.7500000000,-0.3000000000
0.3900000000,-0.0167511510,0.0033077193,1.0541672840,1.0366558465,0.9443002915,0.3231617197,0.7219294576,-0.7500000000,-0.3000000000
0.3920000000,-0.0166518426,0.0034070277,1.0540626015,1.0366558465,0.9443002915,0.3231617197,0.7219294576,-0.7500000000,-0.3000000000
0.3940000000,-0.0165525148,0.0035063555,1.0539579090,1.0366558465,0.9443002915,0.3231617197,0.7219294576,-0.7500000000,-0.3000000000
0.3960000000,-0.0164531677,0.0036057026,1.0538532065,1.0366558465,0.9443002915,0.3231617197,0.7219294576,-0.7500000000,-0.3000000000
0.3980000000,-0.0163538012,0.0037050691,1.0537484941,1.0366558465,0.9443002915,0.3231617197,0.7219294576,-0.7500000000,-0.3000000000
0.4000000000,-0.0162544154,0.0038044549,1.0536437716,1.0366558465,0.9443002915,0.3231617197,0.7219294576,-0.7500000000,-0.3000000000
0.4020000000,-0.0161550102,0.0039038601,1.0535390392,1.0366558465,0.9443002915,0.3231617197,0.7219294576,-0.7500000000,-0.3000000000
0.4040000000,-0.0160555857,0.0040032846,1.0534342967,1.0366558465,0.9443002915,0.3231617197,0.7219294576,-0.7500000000,-0.3000000000
0.4060000000,-0.0159561417,0.0041027286,1.0533295443,1.0366558465,0.9443002915,0.3231617197,0.7219294576,-0.7500000000,-0.3000000000
0.4080000000,-0.0158566784,0.0042021919,1.0532247818,1.0366558465,0.9443002915,0.3231617197,0.7219294576,-0.7500000000,-0.3000000000
0.4100000000,-0.0157571957,0.0043016746,1.0531200094,1.0366558465,0.9443002915,0.3231617197,0.7219294576,-0.7500000000,-0.3000000000
0.4120000000,-0.0156576936,0.0044011767,1.0530152269,1.0366558465,0.9443002915,0.3231617197,0.7219294576,-0.7500000000,-0.3000000000
0.4140000000,-0.0155581720,0.0045006983,1.0529104345,1.0366558465,0.9443002915,0.3231617197,0.7219294576,-0.7500000000,-0.3000000000
0.4160000000,-0.0154586311,0.0046002392,1.0528056320,1.0366558465,0.9443002915,0.3231617197,0.7219294576,-0.7500000000,-0.3000000000
0.4180000000,-0.0153590708,0.0046997995,1.0527008195,1.0366558465,0.9443002915,0.3231617197,0.7219294576,-0.7500000000,-0.3000000000
0.4200000000,-0.0152594910,0.0047993793,1.0525959970,1.0366558465,0.9443002915,0.3231617197,0.7219294576,-0.7500000000,-0.3000000000
0.4220000000,-0.0151598918,0.0048989785,1.0524911646,1.0366558465,0.9443002915,0.3231617197,0.7219294576,-0.7500000000,-0.3000000000
0.4240000000,-0.0150602732,0.0049985971,1.0523863221,1.0366558465,0.9443002915,0.3231617197,0.7219294576,-0.7500000000,-0.3000000000
0.4260000000,-0.0149606351,0.0050982352,1.0522814695,1.0366558465,0.9443002915,0.3231617197,0.7219294576,-0.7500000000,-0.3000000000
0.4280000000,-0.0148609776,0.0051978927,1.0521766070,1.0366558465,0.9443002915,0.3231617197,0.7219294576,-0.7500000000,-0.3000000000
0.4300000000,-0.0147613006,0.0052975697,1.0520717345,1.0366558465,0.9443002915,0.3231617197,0.7219294576,-0.7500000000,-0.3000000000
0.4320000000,-0.0146616042,0.0053972661,1.0519668519,1.0366558465,0.9443002915,0.3231617197,0.7219294576,-0.7500000000,-0.3000000000
0.4340000000,-0.0145618883,0.0054969820,1.0518619593,1.0366558465,0.9443002915,0.3231617197,0.7219294576,-0.7500000000,-0.3000000000
0.4360000000,-0.0144621530,0.0055967173,1.0517570567,1.0366558465,0.9443002915,0.3231617197,0.7219294576,-0.7500000000,-0.3000000000
0.4380000000,-0.0143623981,0.0056964722,1.0516521441,1.0366558465,0.9443002915,0.3231617197,0.7219294576,-0.7500000000,-0.3000000000
0.4400000000,-0.0142626238,0.0057962465,1.0515472214,1.0366558465,0.9443002915,0.3231617197,0.7219294576,-0.7500000000,-0.3000000000
0.4420000000,-0.0141628300,0.0058960403,1.0514422888,1.0366558465,0.9443002915,0.3231617197,0.7219294576,-0.7500000000,-0.3000000000
0.4440000000,-0.0140630167,0.0059958536,1.0513373461,1.0366558465,0.9443002915,0.3231617197,0.7219294576,-0.7500000000,-0.3000000000
0.4460000000,-0.0139631839,0.0060956864,1.0512323933,1.0366558465,0.9443002915,0.3231617197,0.7219294576,-0.7500000000,-0.3000000000
0.4480000000,-0.0138633315,0.0061955388,1.0511274306,1.0366558465,0.9443002915,0.3231617197,0.7219294576,-0.7500000000,-0.3000000000
0.4500000000,-0.0137634597,0.0062954106,1.0510224578,1.0366558465,0.9443002915,0.3231617197,0.7219294576,-0.7500000000,-0.3000000000
0.4520000000,-0.0136635683,0.0063953020,1.0509174750,1.0366558465,0.9443002915,0.3231617197,0.7219294576,-0.7500000000,-0.3000000000
0.4540000000,-0.0135636574,0.0064952129,1.0508124821,1.0366558465,0.9443002915,0.3231617197,0.7219294576,-0.7500000000,-0.3000000000
0.4560000000,-0.0134637270,0.0065951433,1.0507074792,1.0366558465,0.9443002915,0.3231617197,0.7219294576,-0.7500000000,-0.3000000000
0.4580000000,-0.0133637771,0.0066950932,1.0506024663,1.0366558465,0.9443002915,0.3231617197,0.7219294576,-0.7500000000,-0.3000000000
0.4600000000,-0.0132638076,0.0067950627,1.0504974434,1.0366558465,0.9443002915,0.3231617197,0.7219294576,-0.7500000000,-0.3000000000
0.4620000000,-0.0131638185,0.0068950518,1.0503924104,1.0366558465,0.9443002915,0.3231617197,0.7219294576,-0.7500000000,-0.3000000000
0.4640000000,-0.0130638099,0.0069950604,1.0502873673,1.0366558465,0.9443002915,0.3231617197,0.7219294576,-0.7500000000,-0.3000000000
0.4660000000,-0.0129637817,0.0070950886,1.0501823142,1.0366558465,0.9443002915,0.3231617197,0.7219294576,-0.7500000000,-0.3000000000
0.4680000000,-0.0128637339,0.0071951363,1.0500772511,1.0366558465,0.9443002915,0.3231617197,0.7219294576,-0.7500000000,-0.3000000000
0.4700000000,-0.0127636666,0.0072952037,1.0499721779,1.0366558465,0.9443002915,0.3231617197,0.7219294576,-0.7500000000,-0.3000000000
0.4720000000,-0.0126635797,0.0073952906,1.0498670947,1.0366558465,0.9443002915,0.3231617197,0.7219294576,-0.7500000000,-0.3000000000
0.4740000000,-0.0125634732,0.0074953971,1.0497620015,1.0366558465,0.9443002915,0.3231617197,0.7219294576,-0.7500000000,-0.3000000000
0.4760000000,-0.0124633471,0.0075955232,1.0496568981,1.0366558465,0.9443002915,0.3231617197,0.7219294576,-0.7500000000,-0.3000000000
0.4780000000,-0.0123632014,0.0076956689,1.0495517848,1.0366558465,0.9443002915,0.3231617197,0.7219294576,-0.7500000000,-0.3000000000
0.4800000000,-0.0122630361,0.0077958342,1.0494466614,1.0366558465,0.9443002915,0.3231617197,0.7219294576,-0.7500000000,-0.3000000000
0.4820000000,-0.0121628512,0.0078960191,1.0493415279,1.0366558465,0.9443002915,0.3231617197,0.7219294576,-0.7500000000,-0.3000000000
0.4840000000,-0.0120626466,0.0079962237,1.0492363844,1.0366558465,0.9443002915,0.3231617197,0.7219294576,-0.7500000000,-0.3000000000
0.4860000000,-0.0119624224,0.0080964479,1.0491312308,1.0366558465,0.9443002915,0.3231617197,0.7219294576,-0.7500000000,-0.3000000000
0.4880000000,-0.0118621786,0.0081966917,1.0490260672,1.0366558465,0.9443002915,0.3231617197,0.7219294576,-0.7500000000,-0.3000000000
0.4900000000,-0.0117619152,0.0082969551,1.0489208935,1.0366558465,0.9443002915,0.3231617197,0.7219294576,-0.7500000000,-0.3000000000
0.4920000000,-0.0116616321,0.0083972382,1.0488157097,1.0366558465,0.9443002915,0.3231617197,0.7219294576,-0.7500000000,-0.3000000000
0.4940000000,-0.0115613293,0.0084975409,1.0487105159,1.0366558465,0.9443002915,0.3231617197,0.7219294576,-0.7500000000,-0.3000000000
0.4960000000,-0.0114610069,0.0085978634,1.0486053120,1.0366558465,0.9443002915,0.3231617197,0.7219294576,-0.7500000000,-0.3000000000
0.4980000000,-0.0113606649,0.0086982054,1.0485000981,1.0366558465,0.9443002915,0.3231617197,0.7219294576,-0.7500000000,-0.3000000000
0.5000000000,-0.0112603031,0.0087985672,1.0483948740,1.0366558465,0.9443002915,0.3231617197,0.7219294576,-0.7500000000,-0.3000000000
0.5020000000,-0.0111599217,0.0088989486,1.0482896400,1.0366558465,0.9443002915,0.3231617197,0.7219294576,-0.7500000000,-0.3000000000
0.5040000000,-0.0110595206,0.0089993497,1.0481843958,1.0366558465,0.9443002915,0.3231617197,0.7219294576,-0.7500000000,-0.3000000000
0.5060000000,-0.0109590998,0.0090997705,1.0480791416,1.0366558465,0.9443002915,0.3231617197,0.7219294576,-0.7500000000,-0.3000000000
0.5080000000,-0.0108586593,0.0092002110,1.0479738773,1.0366558465,0.9443002915,0.3231617197,0.7219294576,-0.7500000000,-0.3000000000
0.5100000000,-0.0107581991,0.0093006712,1.0478686029,1.0366558465,0.9443002915,0.3231617197,0.7219294576,-0.7500000000,-0.3000000000
0.5120000000,-0.0106577192,0.0094011511,1.0477633185,1.0366558465,0.9443002915,0.3231617197,0.7219294576,-0.7500000000,-0.3000000000
0.5140000000,-0.0105572196,0.0095016507,1.0476580239,1.0366558465,0.9443002915,0.3231617197,0.7219294576,-0.7500000000,-0.3000000000
0.5160000000,-0.0104567003,0.0096021700,1.0475527193,1.0366558465,0.9443002915,0.3231617197,0.7219294576,-0.7500000000,-0.3000000000
0.5180000000,-0.0103561612,0.0097027091,1.0474474047,1.0366558465,0.9443002915,0.3231617197,0.7219294576,-0.7500000000,-0.3000000000
0.5200000000,-0.0102556024,0.0098032679,1.0473420799,1.0366558465,0.9443002915,0.3231617197,0.7219294576,-0.7500000000,-0.3000000000
0.5220000000,-0.0101550239,0.0099038464,1.0472367451,1.0366558465,0.9443002915,0.3231617197,0.7219294576,-0.7500000000,-0.3000000000
0.5240000000,-0.0100544256,0.0100044447,1.0471314001,1.0366558465,0.9443002915,0.3231617197,0.7219294576,-0.7500000000,-0.3000000000
0.5260000000,-0.0099538075,0.0101050628,1.0470260451,1.0366558465,0.9443002915,0.3231617197,0.7219294576,-0.7500000000,-0.3000000000
0.5280000000,-0.0098531697,0.0102057006,1.0469206800,1.0366558465,0.9443002915,0.3231617197,0.7219294576,-0.7500000000,-0.3000000000
0.5300000000,-0.0097525122,0.0103063581,1.0468153049,1.0366558465,0.9443002915,0.3231617197,0.7219294576,-0.7500000000,-0.3000000000
0.5320000000,-0.0096518348,0.0104070355,1.0467099196,1.0366558465,0.9443002915,0.3231617197,0.7219294576,-0.7500000000,-0.3000000000
0.5340000000,-0.0095511377,0.0105077326,1.0466045242,1.0366558465,0.9443002915,0.3231617197,0.7219294576,-0.7500000000,-0.3000000000
0.5360000000,-0.0094504208,0.0106084495,1.0464991188,1.0366558465,0.9443002915,0.3231617197,0.7219294576,-0.7500000000,-0.3000000000
0.5380000000,-0.0093496841,0.0107091862,1.0463937032,1.0366558465,0.9443002915,0.3231617197,0.7219294576,-0.7500000000,-0.3000000000
0.5400000000,-0.0092489276,0.0108099427,1.0462882776,1.0366558465,0.9443002915,0.3231617197,0.7219294576,-0.7500000000,-0.3000000000
0.5420000000,-0.0091481513,0.0109107190,1.0461828418,1.0366558465,0.9443002915,0.3231617197,0.7219294576,-0.7500000000,-0.3000000000
0.5440000000,-0.0090473552,0.0110115151,1.0460773960,1.0366558465,0.9443002915,0.3231617197,0.7219294576,-0.7500000000,-0.3000000000
0.5460000000,-0.0089465393,0.0111123310,1.0459719400,1.0366558465,0.9443002915,0.3231617197,0.7219294576,-0.7500000000,-0.3000000000
0.5480000000,-0.0088457036,0.0112131667,1.0458664740,1.0366558465,0.9443002915,0.3231617197,0.7219294576,-0.7500000000,-0.3000000000
0.5500000000,-0.0087448480,0.0113140223,1.0457609978,1.0366558465,0.9443002915,0.3231617197,0.7219294576,-0.7500000000,-0.3000000000
0.5520000000,-0.0086439726,0.0114148977,1.0456555116,1.0366558465,0.9443002915,0.3231617197,0.7219294576,-0.7500000000,-0.3000000000
0.5540000000,-0.0085430773,0.0115157930,1.0455500152,1.0366558465,0.9443002915,0.3231617197,0.7219294576,-0.7500000000,-0.3000000000
0.5560000000,-0.0084421622,0.0116167081,1.0454445088,1.0366558465,0.9443002915,0.3231617197,0.7219294576,-0.7500000000,-0.3000000000
0.5580000000,-0.0083412273,0.0117176430,1.0453389922,1.0366558465,0.9443002915,0.3231617197,0.7219294576,-0.7500000000,-0.3000000000
0.5600000000,-0.0082402724,0.0118185979,1.0452334655,1.0366558465,0.9443002915,0.3231617197,0.7219294576,-0.7500000000,-0.3000000000
0.5620000000,-0.0081392977,0.0119195726,1.0451279287,1.0366558465,0.9443002915,0.3231617197,0.7219294576,-0.7500000000,-0.3000000000
0.5640000000,-0.0080383032,0.0120205671,1.0450223818,1.0366558465,0.9443002915,0.3231617197,0.7219294576,-0.7500000000,-0.3000000000
0.5660000000,-0.0079372887,0.0121215816,1.0449168248,1.0366558465,0.9443002915,0.3231617197,0.7219294576,-0.7500000000,-0.3000000000
0.5680000000,-0.0078362544,0.0122226159,1.0448112577,1.0366558465,0.9443002915,0.3231617197,0.7219294576,-0.7500000000,-0.3000000000
0.5700000000,-0.0077352002,0.0123236701,1.0447056804,1.0366558465,0.9443002915,0.3231617197,0.7219294576,-0.7500000000,-0.3000000000
0.5720000000,-0.0076341261,0.0124247442,1.0446000930,1.0366558465,0.9443002915,0.3231617197,0.7219294576,-0.7500000000,-0.3000000000
0.5740000000,-0.0075330320,0.0125258383,1.0444944955,1.0366558465,0.9443002915,0.3231617197,0.7219294576,-0.7500000000,-0.3000000000
0.5760000000,-0.0074319181,0.0126269522,1.0443888879,1.0366558465,0.9443002915,0.3231617197,0.7219294576,-0.7500000000,-0.3000000000
0.5780000000,-0.0073307842,0.0127280860,1.0442832702,1.0366558465,0.9443002915,0.3231617197,0.7219294576,-0.7500000000,-0.3000000000
0.5800000000,-0.0072296305,0.0128292398,1.0441776423,1.0366558465,0.9443002915,0.3231617197,0.7219294576,-0.7500000000,-0.3000000000
0.5820000000,-0.0071284568,0.0129304135,1.0440720043,1.0366558465,0.9443002915,0.3231617197,0.7219294576,-0.7500000000,-0.3000000000
0.5840000000,-0.0070272631,0.0130316072,1.0439663562,1.0366558465,0.9443002915,0.3231617197,0.7219294576,-0.7500000000,-0.3000000000
0.5860000000,-0.0069260495,0.0131328208,1.0438606980,1.0366558465,0.9443002915,0.3231617197,0.7219294576,-0.7500000000,-0.3000000000
0.5880000000,-0.0068248160,0.0132340543,1.0437550296,1.0366558465,0.9443002915,0.3231617197,0.7219294576,-0.7500000000,-0.3000000000
0.5900000000,-0.0067235624,0.0133353078,1.0436493511,1.0366558465,0.9443002915,0.3231617197,0.7219294576,-0.7500000000,-0.3000000000
0.5920000000,-0.0066222890,0.0134365813,1.0435436625,1.0366558465,0.9443002915,0.3231617197,0.7219294576,-0.7500000000,-0.3000000000
0.5940000000,-0.0065209955,0.0135378748,1.0434379637,1.0366558465,0.9443002915,0.3231617197,0.7219294576,-0.7500000000,-0.3000000000
0.5960000000,-0.0064196821,0.0136391882,1.0433322548,1.0366558465,0.9443002915,0.3231617197,0.7219294576,-0.7500000000,-0.3000000000
0.5980000000,-0.0063183487,0.0137405216,1.0432265357,1.0366558465,0.9443002915,0.3231617197,0.7219294576,-0.7500000000,-0.3000000000
0.6000000000,-0.0062169953,0.0138418750,1.0431208065,1.0366558465,0.9443002915,0.3231617197,0.7219294576,-0.7500000000,-0.3000000000
0.6020000000,-0.0061156220,0.0139432483,1.0430150672,1.0366558465,0.9443002915,0.3231617197,0.7219294576,-0.7500000000,-0.3000000000
0.6040000000,-0.0060142286,0.0140446417,1.0429093178,1.0366558465,0.9443002915,0.3231617197,0.7219294576,-0.7500000000,-0.3000000000
0.6060000000,-0.0059128152,0.0141460551,1.0428035581,1.0366558465,0.9443002915,0.3231617197,0.7219294576,-0.7500000000,-0.3000000000
0.6080000000,-0.0058113818,0.0142474885,1.0426977884,1.0366558465,0.9443002915,0.3231617197,0.7219294576,-0.7500000000,-0.3000000000
0.6100000000,-0.0057099283,0.0143489420,1.0425920085,1.0366558465,0.9443002915,0.3231617197,0.7219294576,-0.7500000000,-0.3000000000
0.6120000000,-0.0056084549,0.0144504154,1.0424862184,1.0366558465,0.9443002915,0.3231617197,0.7219294576,-0.7500000000,-0.3000000000
0.6140000000,-0.0055069614,0.0145519089,1.0423804182,1.0366558465,0.9443002915,0.3231617197,0.7219294576,-0.7500000000,-0.3000000000
0.6160000000,-0.0054054478,0.0146534225,1.0422746079,1.0366558465,0.9443002915,0.3231617197,0.7219294576,-0.7500000000,-0.3000000000
0.6180000000,-0.0053039143,0.0147549560,1.0421687874,1.0366558465,0.9443002915,0.3231617197,0.7219294576,-0.7500000000,-0.3000000000
0.6200000000,-0.0052023606,0.0148565097,1.0420629567,1.0366558465,0.9443002915,0.3231617197,0.7219294576,-0.7500000000,-0.3000000000
0.6220000000,-0.0051007869,0.0149580834,1.0419571159,1.0366558465,0.9443002915,0.3231617197,0.7219294576,-0.7500000000,-0.3000000000
0.6240000000,-0.0049991932,0.0150596771,1.0418512649,1.0366558465,0.9443002915,0.3231617197,0.7219294576,-0.7500000000,-0.3000000000
0.6260000000,-0.0048975793,0.0151612910,1.0417454038,1.0366558465,0.9443002915,0.3231617197,0.7219294576,-0.7500000000,-0.3000000000
0.6280000000,-0.0047959454,0.0152629249,1.0416395325,1.0366558465,0.9443002915,0.3231617197,0.7219294576,-0.7500000000,-0.3000000000
0.6300000000,-0.0046942914,0.0153645789,1.0415336511,1.0366558465,0.9443002915,0.3231617197,0.7219294576,-0.7500000000,-0.3000000000
0.6320000000,-0.0045926173,0.0154662530,1.0414277595,1.0366558465,0.9443002915,0.3231617197,0.7219294576,-0.7500000000,-0.3000000000
0.6340000000,-0.0044909231,0.0155679472,1.0413218577,1.0366558465,0.9443002915,0.3231617197,0.7219294576,-0.7500000000,-0.3000000000
0.6360000000,-0.0043892088,0.0156696615,1.0412159458,1.0366558465,0.9443002915,0.3231617197,0.7219294576,-0.7500000000,-0.3000000000
0.6380000000,-0.0042874744,0.0157713959,1.0411100237,1.0366558465,0.9443002915,0.3231617197,0.7219294576,-0.7500000000,-0.3000000000
0.6400000000,-0.0041857199,0.0158731504,1.0410040914,1.0366558465,0.9443002915,0.3231617197,0.7219294576,-0.7500000000,-0.3000000000
0.6420000000,-0.0040839452,0.0159749251,1.0408981489,1.0366558465,0.9443002915,0.3231617197,0.7219294576,-0.7500000000,-0.3000000000
0.6440000000,-0.0039821504,0.0160767199,1.0407921963,1.0366558465,0.9443002915,0.3231617197,0.7219294576,-0.7500000000,-0.3000000000
0.6460000000,-0.0038803355,0.0161785348,1.0406862335,1.0366558465,0.9443002915,0.3231617197,0.7219294576,-0.7500000000,-0.3000000000
0.6480000000,-0.0037785004,0.0162803699,1.0405802606,1.0366558465,0.9443002915,0.3231617197,0.7219294576,-0.7500000000,-0.3000000000
0.6500000000,-0.0036766452,0.0163822251,1.0404742774,1.0366558465,0.9443002915,0.3231617197,0.7219294576,-0.7500000000,-0.3000000000
0.6520000000,-0.0035747698,0.0164841005,1.0403682841,1.0366558465,0.9443002915,0.3231617197,0.7219294576,-0.7500000000,-0.3000000000
0.6540000000,-0.0034728743,0.0165859960,1.0402622806,1.0366558465,0.9443002915,0.3231617197,0.7219294576,-0.7500000000,-0.3000000000
0.6560000000,-0.0033709586,0.0166879117,1.0401562670,1.0366558465,0.9443002915,0.3231617197,0.7219294576,-0.7500000000,-0.3000000000
0.6580000000,-0.0032690227,0.0167898476,1.0400502431,1.0366558465,0.9443002915,0.3231617197,0.7219294576,-0.7500000000,-0.3000000000
0.6600000000,-0.0031670666,0.0168918037,1.0399442091,1.0366558465,0.9443002915,0.3231617197,0.7219294576,-0.7500000000,-0.3000000000
0.6620000000,-0.0030650903,0.0169937800,1.0398381649,1.0366558465,0.9443002915,0.3231617197,0.7219294576,-0.7500000000,-0.3000000000
0.6640000000,-0.0029630939,0.0170957764,1.0397321104,1.0366558465,0.9443002915,0.3231617197,0.7219294576,-0.7500000000,-0.3000000000
0.6660000000,-0.0028610772,0.0171977931,1.0396260459,1.0366558465,0.9443002915,0.3231617197,0.7219294576,-0.7500000000,-0.3000000000
0.6680000000,-0.0027590403,0.0172998300,1.0395199711,1.0366558465,0.9443002915,0.3231617197,0.7219294576,-0.7500000000,-0.3000000000
0.6700000000,-0.0026569832,0.0174018871,1.0394138861,1.0366558465,0.9443002915,0.3231617197,0.7219294576,-0.7500000000,-0.3000000000
0.6720000000,-0.0025549059,0.0175039644,1.0393077909,1.0366558465,0.9443002915,0.3231617197,0.7219294576,-0.7500000000,-0.3000000000
0.6740000000,-0.0024528084,0.0176060619,1.0392016856,1.0366558465,0.9443002915,0.3231617197,0.7219294576,-0.7500000000,-0.3000000000
0.6760000000,-0.0023506906,0.0177081797,1.0390955700,1.0366558465,0.9443002915,0.3231617197,0.7219294576,-0.7500000000,-0.3000000000
0.6780000000,-0.0022485526,0.0178103177,1.0389894443,1.0366558465,0.9443002915,0.3231617197,0.7219294576,-0.7500000000,-0.3000000000
0.6800000000,-0.0021463943,0.0179124760,1.0388833083,1.0366558465,0.9443002915,0.3231617197,0.7219294576,-0.7500000000,-0.3000000000
0.6820000000,-0.0020442158,0.0180146545,1.0387771622,1.0366558465,0.9443002915,0.3231617197,0.7219294576,-0.7500000000,-0.3000000000
0.6840000000,-0.0019420170,0.0181168533,1.0386710058,1.0366558465,0.9443002915,0.3231617197,0.7219294576,-0.7500000000,-0.3000000000
0.6860000000,-0.0018397979,0.0182190724,1.0385648393,1.0366558465,0.9443002915,0.3231617197,0.7219294576,-0.7500000000,-0.3000000000
0.6880000000,-0.0017375586,0.0183213117,1.0384586625,1.0366558465,0.9443002915,0.3231617197,0.7219294576,-0.7500000000,-0.3000000000
0.6900000000,-0.0016352990,0.0184235713,1.0383524756,1.0366558465,0.9443002915,0.3231617197,0.7219294576,-0.7500000000,-0.3000000000
0.6920000000,-0.0015330190,0.0185258512,1.0382462784,1.0366558465,0.9443002915,0.3231617197,0.7219294576,-0.7500000000,-0.3000000000
0.6940000000,-0.0014307188,0.0186281514,1.0381400711,1.0366558465,0.9443002915,0.3231617197,0.7219294576,-0.7500000000,-0.3000000000
0.6960000000,-0.0013283983,0.0187304720,1.0380338535,1.0366558465,0.9443002915,0.3231617197,0.7219294576,-0.7500000000,-0.3000000000
0.6980000000,-0.0012260575,0.0188328128,1.0379276257,1.0366558465,0.9443002915,0.3231617197,0.7219294576,-0.7500000000,-0.3000000000
0.7000000000,-0.0011236964,0.0189351739,1.0378213877,1.0366558465,0.9443002915,0.3231617197,0.7219294576,-0.7500000000,-0.3000000000
0.7020000000,-0.0010213150,0.0190375553,1.0377151395,1.0366558465,0.9443002915,0.3231617197,0.7219294576,-0.7500000000,-0.3000000000
0.7040000000,-0.0009189132,0.0191399571,1.0376088810,1.0366558465,0.9443002915,0.3231617197,0.7219294576,-0.7500000000,-0.3000000000
0.7060000000,-0.0008164911,0.0192423792,1.0375026124,1.0366558465,0.9443002915,0.3231617197,0.7219294576,-0.7500000000,-0.3000000000
0.7080000000,-0.0007140486,0.0193448217,1.0373963335,1.0366558465,0.9443002915,0.3231617197,0.7219294576,-0.7500000000,-0.3000000000
0.7100000000,-0.0006115858,0.0194472845,1.0372900444,1.0366558465,0.9443002915,0.3231617197,0.7219294576,-0.7500000000,-0.3000000000
0.7120000000,-0.0005091027,0.0195497676,1.0371837451,1.0366558465,0.9443002915,0.3231617197,0.7219294576,-0.7500000000,-0.3000000000
0.7140000000,-0.0004065992,0.0196522711,1.0370774356,1.0366558465,0.9443002915,0.3231617197,0.7219294576,-0.7500000000,-0.3000000000
0.7160000000,-0.0003040753,0.0197547950,1.0369711158,1.0366558465,0.9443002915,0.3231617197,0.7219294576,-0.7500000000,-0.3000000000
0.7180000000,-0.0002015310,0.0198573393,1.0368647859,1.0366558465,0.9443002915,0.3231617197,0.7219294576,-0.7500000000,-0.3000000000
0.7200000000,-0.0000989664,0.0199599039,1.0367584456,1.0366558465,0.9443002915,0.3231617197,0.7219294576,-0.7500000000,-0.3000000000
0.7220000000,0.0000036186,0.0200624889,1.0366520952,1.0366558465,0.9443002915,0.3231617197,0.7219294576,-0.7500000000,-0.3000000000
0.7240000000,0.0001062241,0.0201650944,1.0365457345,1.0366558465,0.9443002915,0.3231617197,0.7219294576,-0.7500000000,-0.3000000000
0.7260000000,0.0002088499,0.0202677202,1.0364393636,1.0366558465,0.9443002915,0.3231617197,0.7219294576,-0.7500000000,-0.3000000000
0.7280000000,0.0003114961,0.0203703664,1.0363329825,1.0366558465,0.9443002915,0.3231617197,0.7219294576,-0.7500000000,-0.3000000000
0.7300000000,0.0004141628,0.0204730330,1.0362265912,1.0366558465,0.9443002915,0.3231617197,0.7219294576,-0.7500000000,-0.3000000000
0.7320000000,0.0005168498,0.0205757201,1.0361201895,1.0366558465,0.9443002915,0.3231617197,0.7219294576,-0.7500000000,-0.3000000000
0.7340000000,0.0006195573,0.0206784276,1.0360137777,1.0366558465,0.9443002915,0.3231617197,0.7219294576,-0.7500000000,-0.3000000000
0.7360000000,0.0007222852,0.0207811555,1.0359073556,1.0366558465,0.9443002915,0.3231617197,0.7219294576,-0.7500000000,-0.3000000000
0.7380000000,0.0008250336,0.0208839039,1.0358009233,1.0366558465,0.9443002915,0.3231617197,0.7219294576,-0.7500000000,-0.3000000000
0.7400000000,0.0009278024,0.0209866727,1.0356944808,1.0366558465,0.9443002915,0.3231617197,0.7219294576,-0.7500000000,-0.3000000000
0.7420000000,0.0010305917,0.0210894620,1.0355880280,1.0366558465,0.9443002915,0.3231617197,0.7219294576,-0.7500000000,-0.3000000000
0.7440000000,0.0011334014,0.0211922717,1.0354815649,1.0366558465,0.9443002915,0.3231617197,0.7219294576,-0.7500000000,-0.3000000000
0.7460000000,0.0012362316,0.0212951019,1.0353750916,1.0366558465,0.9443002915,0.3231617197,0.7219294576,-0.7500000000,-0.3000000000
0.7480000000,0.0013390822,0.0213979525,1.0352686081,1.0366558465,0.9443002915,0.3231617197,0.7219294576,-0.7500000000,-0.3000000000
0.7500000000,0.0014419534,0.0215008237,1.0351621143,1.0366558465,0.9443002915,0.3231617197,0.7219294576,-0.7500000000,-0.3000000000
0.7520000000,0.0015448450,0.0216037153,1.0350556102,1.0366558465,0.9443002915,0.3231617197,0.7219294576,-0.7500000000,-0.3000000000
0.7540000000,0.0016477571,0.0217066274,1.0349490960,1.0366558465,0.9443002915,0.3231617197,0.7219294576,-0.7500000000,-0.3000000000
0.7560000000,0.0017506898,0.0218095601,1.0348425714,1.0366558465,0.9443002915,0.3231617197,0.7219294576,-0.7500000000,-0.3000000000
0.7580000000,0.0018536429,0.0219125132,1.0347360366,1.0366558465,0.9443002915,0.3231617197,0.7219294576,-0.7500000000,-0.3000000000
0.7600000000,0.0019566166,0.0220154869,1.0346294915,1.0366558465,0.9443002915,0.3231617197,0.7219294576,-0.7500000000,-0.3000000000
0.7620000000,0.0020596107,0.0221184810,1.0345229362,1.0366558465,0.9443002915,0.3231617197,0.7219294576,-0.7500000000,-0.3000000000
0.7640000000,0.0021626254,0.0222214957,1.0344163707,1.0366558465,0.9443002915,0.3231617197,0.7219294576,-0.7500000000,-0.3000000000
0.7660000000,0.0022656607,0.0223245309,1.0343097948,1.0366558465,0.9443002915,0.3231617197,0.7219294576,-0.7500000000,-0.3000000000
0.7680000000,0.0023687164,0.0224275867,1.0342032087,1.0366558465,0.9443002915,0.3231617197,0.7219294576,-0.7500000000,-0.3000000000
0.7700000000,0.0024717927,0.0225306630,1.0340966123,1.0366558465,0.9443002915,0.3231617197,0.7219294576,-0.7500000000,-0.3000000000
0.7720000000,0.0025748896,0.0226337599,1.0339900057,1.0366558465,0.9443002915,0.3231617197,0.7219294576,-0.7500000000,-0.3000000000
0.7740000000,0.0026780070,0.0227368773,1.0338833888,1.0366558465,0.9443002915,0.3231617197,0.7219294576,-0.7500000000,-0.3000000000
0.7760000000,0.0027811450,0.0228400153,1.0337767617,1.0366558465,0.9443002915,0.3231617197,0.7219294576,-0.7500000000,-0.3000000000
0.7780000000,0.0028843036,0.0229431739,1.0336701242,1.0366558465,0.9443002915,0.3231617197,0.7219294576,-0.7500000000,-0.3000000000
0.7800000000,0.0029874828,0.0230463531,1.0335634765,1.0366558465,0.9443002915,0.3231617197,0.7219294576,-0.7500000000,-0.3000000000
0.7820000000,0.0030906825,0.0231495528,1.0334568185,1.0366558465,0.9443002915,0.3231617197,0.7219294576,-0.7500000000,-0.3000000000
0.7840000000,0.0031939028,0.0232527731,1.0333501503,1.0366558465,0.9443002915,0.3231617197,0.7219294576,-0.7500000000,-0.3000000000
0.7860000000,0.0032971438,0.0233560141,1.0332434718,1.0366558465,0.9443002915,0.3231617197,0.7219294576,-0.7500000000,-0.3000000000
0.7880000000,0.0034004053,0.0234592756,1.0331367829,1.0366558465,0.9443002915,0.3231617197,0.7219294576,-0.7500000000,-0.3000000000
0.7900000000,0.0035036875,0.0235625578,1.0330300839,1.0366558465,0.9443002915,0.3231617197,0.7219294576,-0.7500000000,-0.3000000000
0.7920000000,0.0036069903,0.0236658606,1.0329233745,1.0366558465,0.9443002915,0.3231617197,0.7219294576,-0.7500000000,-0.3000000000
0.7940000000,0.0037103137,0.0237691840,1.0328166548,1.0366558465,0.9443002915,0.3231617197,0.7219294576,-0.7500000000,-0.3000000000
0.7960000000,0.0038136577,0.0238725280,1.0327099249,1.0366558465,0.9443002915,0.3231617197,0.7219294576,-0.7500000000,-0.3000000000
0.7980000000,0.0039170224,0.0239758927,1.0326031847,1.0366558465,0.9443002915,0.3231617197,0.7219294576,-0.7500000000,-0.3000000000
0.8000000000,0.0040204077,0.0240792780,1.0324964342,1.0366558465,0.9443002915,0.3231617197,0.7219294576,-0.7500000000,-0.3000000000
0.8020000000,0.0041238137,0.0241826840,1.0323896734,1.0366558465,0.9443002915,0.3231617197,0.7219294576,-0.7500000000,-0.3000000000
0.8040000000,0.0042272403,0.0242861106,1.0322829023,1.0366558465,0.9443002915,0.3231617197,0.7219294576,-0.7500000000,-0.3000000000
0.8060000000,0.0043306877,0.0243895580,1.0321761210,1.0366558465,0.9443002915,0.3231617197,0.7219294576,-0.7500000000,-0.3000000000
0.8080000000,0.0044341556,0.0244930259,1.0320693293,1.0366558465,0.9443002915,0.3231617197,0.7219294576,-0.7500000000,-0.3000000000
0.8100000000,0.0045376443,0.0245965146,1.0319625273,1.0366558465,0.9443002915,0.3231617197,0.7219294576,-0.7500000000,-0.3000000000
0.8120000000,0.0046411537,0.0247000240,1.0318557151,1.0366558465,0.9443002915,0.3231617197,0.7219294576,-0.7500000000,-0.3000000000
0.8140000000,0.0047446837,0.0248035540,1.0317488925,1.0366558465,0.9443002915,0.3231617197,0.7219294576,-0.7500000000,-0.3000000000
0.8160000000,0.0048482345,0.0249071048,1.0316420597,1.0366558465,0.9443002915,0.3231617197,0.7219294576,-0.7500000000,-0.3000000000
0.8180000000,0.0049518059,0.0250106762,1.0315352165,1.0366558465,0.9443002915,0.3231617197,0.7219294576,-0.7500000000,-0.3000000000
0.8200000000,0.0050553981,0.0251142684,1.0314283631,1.0366558465,0.9443002915,0.3231617197,0.7219294576,-0.7500000000,-0.3000000000
0.8220000000,0.0051590110,0.0252178813,1.0313214994,1.0366558465,0.9443002915,0.3231617197,0.7219294576,-0.7500000000,-0.3000000000
0.8240000000,0.0052626447,0.0253215150,1.0312146253,1.0366558465,0.9443002915,0.3231617197,0.7219294576,-0.7500000000,-0.3000000000
0.8260000000,0.0053662990,0.0254251693,1.0311077409,1.0366558465,0.9443002915,0.3231617197,0.7219294576,-0.7500000000,-0.3000000000
0.8280000000,0.0054699741,0.0255288444,1.0310008463,1.0366558465,0.9443002915,0.3231617197,0.7219294576,-0.7500000000,-0.3000000000
0.8300000000,0.0055736700,0.0256325403,1.0308939413,1.0366558465,0.9443002915,0.3231617197,0.7219294576,-0.7500000000,-0.3000000000
0.8320000000,0.0056773866,0.0257362569,1.0307870260,1.0366558465,0.9443002915,0.3231617197,0.7219294576,-0.7500000000,-0.3000000000
0.8340000000,0.0057811240,0.0258399943,1.0306801004,1.0366558465,0.9443002915,0.3231617197,0.7219294576,-0.7500000000,-0.3000000000
0.8360000000,0.0058848821,0.0259437524,1.0305731645,1.0366558465,0.9443002915,0.3231617197,0.7219294576,-0.7500000000,-0.3000000000
0.8380000000,0.0059886611,0.0260475314,1.0304662183,1.0366558465,0.9443002915,0.3231617197,0.7219294576,-0.7500000000,-0.3000000000
0.8400000000,0.0060924608,0.0261513311,1.0303592617,1.0366558465,0.9443002915,0.3231617197,0.7219294576,-0.7500000000,-0.3000000000
0.8420000000,0.0061962813,0.0262551516,1.0302522949,1.0366558465,0.9443002915,0.3231617197,0.7219294576,-0.7500000000,-0.3000000000
0.8440000000,0.0063001226,0.0263589929,1.0301453177,1.0366558465,0.9443002915,0.3231617197,0.7219294576,-0.7500000000,-0.3000000000
0.8460000000,0.0064039847,0.0264628550,1.0300383302,1.0366558465,0.9443002915,0.3231617197,0.7219294576,-0.7500000000,-0.3000000000
0.8480000000,0.0065078676,0.0265667379,1.0299313324,1.0366558465,0.9443002915,0.3231617197,0.7219294576,-0.7500000000,-0.3000000000
0.8500000000,0.0066117713,0.0266706416,1.0298243242,1.0366558465,0.9443002915,0.3231617197,0.7219294576,-0.7500000000,-0.3000000000
0.8520000000,0.0067156958,0.0267745661,1.0297173058,1.0366558465,0.9443002915,0.3231617197,0.7219294576,-0.7500000000,-0.3000000000
0.8540000000,0.0068196412,0.0268785115,1.0296102770,1.0366558465,0.9443002915,0.3231617197,0.7219294576,-0.7500000000,-0.3000000000
0.8560000000,0.0069236074,0.0269824777,1.0295032379,1.0366558465,0.9443002915,0.3231617197,0.7219294576,-0.7500000000,-0.3000000000
0.8580000000,0.0070275945,0.0270864648,1.0293961884,1.0366558465,0.9443002915,0.3231617197,0.7219294576,-0.7500000000,-0.3000000000
0.8600000000,0.0071316024,0.0271904727,1.0292891286,1.0366558465,0.9443002915,0.3231617197,0.7219294576,-0.7500000000,-0.3000000000
0.8620000000,0.0072356312,0.0272945015,1.0291820585,1.0366558465,0.9443002915,0.3231617197,0.7219294576,-0.7500000000,-0.3000000000
0.8640000000,0.0073396808,0.0273985511,1.0290749780,1.0366558465,0.9443002915,0.3231617197,0.7219294576,-0.7500000000,-0.3000000000
0.8660000000,0.0074437513,0.0275026216,1.0289678873,1.0366558465,0.9443002915,0.3231617197,0.7219294576,-0.7500000000,-0.3000000000
0.8680000000,0.0075478427,0.0276067130,1.0288607861,1.0366558465,0.9443002915,0.3231617197,0.7219294576,-0.7500000000,-0.3000000000
0.8700000000,0.0076519550,0.0277108253,1.0287536747,1.0366558465,0.9443002915,0.3231617197,0.7219294576,-0.7500000000,-0.3000000000
0.8720000000,0.0077560882,0.0278149585,1.0286465529,1.0366558465,0.9443002915,0.3231617197,0.7219294576,-0.7500000000,-0.3000000000
0.8740000000,0.0078602422,0.0279191125,1.0285394207,1.0366558465,0.9443002915,0.3231617197,0.7219294576,-0.7500000000,-0.3000000000
0.8760000000,0.0079644172,0.0280232875,1.0284322782,1.0366558465,0.9443002915,0.3231617197,0.7219294576,-0.7500000000,-0.3000000000
0.8780000000,0.0080686131,0.0281274834,1.0283251254,1.0366558465,0.9443002915,0.3231617197,0.7219294576,-0.7500000000,-0.3000000000
0.8800000000,0.0081728299,0.0282317002,1.0282179622,1.0366558465,0.9443002915,0.3231617197,0.7219294576,-0.7500000000,-0.3000000000
0.8820000000,0.0082770676,0.0283359379,1.0281107887,1.0366558465,0.9443002915,0.3231617197,0.7219294576,-0.7500000000,-0.3000000000
0.8840000000,0.0083813263,0.0284401966,1.0280036048,1.0366558465,0.9443002915,0.3231617197,0.7219294576,-0.7500000000,-0.3000000000
0.8860000000,0.0084856059,0.0285444762,1.0278964106,1.0366558465,0.9443002915,0.3231617197,0.7219294576,-0.7500000000,-0.3000000000
0.8880000000,0.0085899065,0.0286487768,1.0277892060,1.0366558465,0.9443002915,0.3231617197,0.7219294576,-0.7500000000,-0.3000000000
0.8900000000,0.0086942280,0.0287530983,1.0276819911,1.0366558465,0.9443002915,0.3231617197,0.7219294576,-0.7500000000,-0.3000000000
0.8920000000,0.0087985705,0.0288574408,1.0275747658,1.0366558465,0.9443002915,0.3231617197,0.7219294576,-0.7500000000,-0.3000000000
0.8940000000,0.0089029339,0.0289618042,1.0274675302,1.0366558465,0.9443002915,0.3231617197,0.7219294576,-0.7500000000,-0.3000000000
0.8960000000,0.0090073183,0.0290661886,1.0273602842,1.0366558465,0.9443002915,0.3231617197,0.7219294576,-0.7500000000,-0.3000000000
0.8980000000,0.0091117237,0.0291705940,1.0272530278,1.0366558465,0.9443002915,0.3231617197,0.7219294576,-0.7500000000,-0.3000000000
0.9000000000,0.0092161501,0.0292750204,1.0271457611,1.0366558465,0.9443002915,0.3231617197,0.7219294576,-0.7500000000,-0.3000000000
0.9020000000,0.0093205975,0.0293794678,1.0270384840,1.0366558465,0.9443002915,0.3231617197,0.7219294576,-0.7500000000,-0.3000000000
0.9040000000,0.0094250659,0.0294839362,1.0269311966,1.0366558465,0.9443002915,0.3231617197,0.7219294576,-0.7500000000,-0.3000000000
0.9060000000,0.0095295552,0.0295884255,1.0268238988,1.0366558465,0.9443002915,0.3231617197,0.7219294576,-0.7500000000,-0.3000000000
0.9080000000,0.0096340657,0.0296929360,1.0267165906,1.0366558465,0.9443002915,0.3231617197,0.7219294576,-0.7500000000,-0.3000000000
0.9100000000,0.0097385971,0.0297974674,1.0266092721,1.0366558465,0.9443002915,0.3231617197,0.7219294576,-0.7500000000,-0.3000000000
0.9120000000,0.0098431496,0.0299020199,1.0265019431,1.0366558465,0.9443002915,0.3231617197,0.7219294576,-0.7500000000,-0.3000000000
0.9140000000,0.0099477231,0.0300065934,1.0263946038,1.0366558465,0.9443002915,0.3231617197,0.7219294576,-0.7500000000,-0.3000000000
0.9160000000,0.0100523176,0.0301111879,1.0262872542,1.0366558465,0.9443002915,0.3231617197,0.7219294576,-0.7500000000,-0.3000000000
0.9180000000,0.0101569332,0.0302158035,1.0261798942,1.0366558465,0.9443002915,0.3231617197,0.7219294576,-0.7500000000,-0.3000000000
0.9200000000,0.0102615698,0.0303204401,1.0260725237,1.0366558465,0.9443002915,0.3231617197,0.7219294576,-0.7500000000,-0.3000000000
0.9220000000,0.0103662276,0.0304250979,1.0259651429,1.0366558465,0.9443002915,0.3231617197,0.7219294576,-0.7500000000,-0.3000000000
0.9240000000,0.0104709064,0.0305297766,1.0258577518,1.0366558465,0.9443002915,0.3231617197,0.7219294576,-0.7500000000,-0.3000000000
0.9260000000,0.0105756062,0.0306344765,1.0257503502,1.0366558465,0.9443002915,0.3231617197,0.7219294576,-0.7500000000,-0.3000000000
0.9280000000,0.0106803272,0.0307391975,1.0256429383,1.0366558465,0.9443002915,0.3231617197,0.7219294576,-0.7500000000,-0.3000000000
0.9300000000,0.0107850692,0.0308439395,1.0255355160,1.0366558465,0.9443002915,0.3231617197,0.7219294576,-0.7500000000,-0.3000000000
0.9320000000,0.0108898324,0.0309487027,1.0254280833,1.0366558465,0.9443002915,0.3231617197,0.7219294576,-0.7500000000,-0.3000000000
0.9340000000,0.0109946166,0.0310534869,1.0253206402,1.0366558465,0.9443002915,0.3231617197,0.7219294576,-0.7500000000,-0.3000000000
0.9360000000,0.0110994220,0.0311582923,1.0252131867,1.0366558465,0.9443002915,0.3231617197,0.7219294576,-0.7500000000,-0.3000000000
0.9380000000,0.0112042485,0.0312631188,1.0251057229,1.0366558465,0.9443002915,0.3231617197,0.7219294576,-0.7500000000,-0.3000000000
0.9400000000,0.0113090961,0.0313679664,1.0249982486,1.0366558465,0.9443002915,0.3231617197,0.7219294576,-0.7500000000,-0.3000000000
0.9420000000,0.0114139648,0.0314728351,1.0248907640,1.0366558465,0.9443002915,0.3231617197,0.7219294576,-0.7500000000,-0.3000000000
0.9440000000,0.0115188547,0.0315777250,1.0247832689,1.0366558465,0.9443002915,0.3231617197,0.7219294576,-0.7500000000,-0.3000000000
0.9460000000,0.0116237658,0.0316826361,1.0246757635,1.0366558465,0.9443002915,0.3231617197,0.7219294576,-0.7500000000,-0.3000000000
0.9480000000,0.0117286980,0.0317875682,1.0245682477,1.0366558465,0.9443002915,0.3231617197,0.7219294576,-0.7500000000,-0.3000000000
0.9500000000,0.0118336513,0.0318925216,1.0244607214,1.0366558465,0.9443002915,0.3231617197,0.7219294576,-0.7500000000,-0.3000000000
0.9520000000,0.0119386258,0.0319974961,1.0243531848,1.0366558465,0.9443002915,0.3231617197,0.7219294576,-0.7500000000,-0.3000000000
0.9540000000,0.0120436215,0.0321024918,1.0242456378,1.0366558465,0.9443002915,0.3231617197,0.7219294576,-0.7500000000,-0.3000000000
0.9560000000,0.0121486384,0.0322075087,1.0241380803,1.0366558465,0.9443002915,0.3231617197,0.7219294576,-0.7500000000,-0.3000000000
0.9580000000,0.0122536765,0.0323125468,1.0240305125,1.0366558465,0.9443002915,0.3231617197,0.7219294576,-0.7500000000,-0.3000000000
0.9600000000,0.0123587358,0.0324176061,1.0239229342,1.0366558465,0.9443002915,0.3231617197,0.7219294576,-0.7500000000,-0.3000000000
0.9620000000,0.0124638162,0.0325226865,1.0238153456,1.0366558465,0.9443002915,0.3231617197,0.7219294576,-0.7500000000,-0.3000000000
0.9640000000,0.0125689179,0.0326277882,1.0237077465,1.0366558465,0.9443002915,0.3231617197,0.7219294576,-0.7500000000,-0.3000000000
0.9660000000,0.0126740408,0.0327329111,1.0236001370,1.0366558465,0.9443002915,0.3231617197,0.7219294576,-0.7500000000,-0.3000000000
0.9680000000,0.0127791850,0.0328380553,1.0234925171,1.0366558465,0.9443002915,0.3231617197,0.7219294576,-0.7500000000,-0.3000000000
0.9700000000,0.0128843503,0.0329432206,1.0233848868,1.0366558465,0.9443002915,0.3231617197,0.7219294576,-0.7500000000,-0.3000000000
0.9720000000,0.0129895369,0.0330484072,1.0232772461,1.0366558465,0.9443002915,0.3231617197,0.7219294576,-0.7500000000,-0.3000000000
0.9740000000,0.0130947448,0.0331536151,1.0231695950,1.0366558465,0.9443002915,0.3231617197,0.7219294576,-0.7500000000,-0.3000000000
0.9760000000,0.0131999739,0.0332588442,1.0230619334,1.0366558465,0.9443002915,0.3231617197,0.7219294576,-0.7500000000,-0.3000000000
0.9780000000,0.0133052242,0.0333640945,1.0229542615,1.0366558465,0.9443002915,0.3231617197,0.7219294576,-0.7500000000,-0.3000000000
0.9800000000,0.0134104959,0.0334693662,1.0228465791,1.0366558465,0.9443002915,0.3231617197,0.7219294576,-0.7500000000,-0.3000000000
0.9820000000,0.0135157888,0.0335746591,1.0227388863,1.0366558465,0.9443002915,0.3231617197,0.7219294576,-0.7500000000,-0.3000000000
0.9840000000,0.0136211030,0.0336799732,1.0226311830,1.0366558465,0.9443002915,0.3231617197,0.7219294576,-0.7500000000,-0.3000000000
0.9860000000,0.0137264384,0.0337853087,1.0225234693,1.0366558465,0.9443002915,0.3231617197,0.7219294576,-0.7500000000,-0.3000000000
0.9880000000,0.0138317952,0.0338906655,1.0224157453,1.0366558465,0.9443002915,0.3231617197,0.7219294576,-0.7500000000,-0.3000000000
0.9900000000,0.0139371733,0.0339960436,1.0223080107,1.0366558465,0.9443002915,0.3231617197,0.7219294576,-0.7500000000,-0.3000000000
0.9920000000,0.0140425726,0.0341014429,1.0222002658,1.0366558465,0.9443002915,0.3231617197,0.7219294576,-0.7500000000,-0.3000000000
0.9940000000,0.0141479933,0.0342068636,1.0220925104,1.0366558465,0.9443002915,0.3231617197,0.7219294576,-0.7500000000,-0.3000000000
0.9960000000,0.0142534354,0.0343123057,1.0219847446,1.0366558465,0.9443002915,0.3231617197,0.7219294576,-0.7500000000,-0.3000000000
0.9980000000,0.0143588987,0.0344177690,1.0218769683,1.0366558465,0.9443002915,0.3231617197,0.7219294576,-0.7500000000,-0.3000000000
1.0000000000,0.0144643834,0.0345232537,1.0217691816,1.0366558465,0.9443002915,0.3231617197,0.7219294576,-0.7500000000,-0.3000000000
