scenario,z,G,nominal_effect,real_effect,nominal_income,real_income,regime
baseline,0.5,0.0,-0.3061308357315036,-0.03821504166395595,1.6240371096711501,1.7344154251454285,0
baseline,0.5,0.01,-0.3061308357315036,-0.03821504166395595,1.6240371096711501,1.7344154251454285,0
baseline,0.5,0.02,-0.3061308357315036,-0.03821504166395595,1.6240371096711501,1.7344154251454285,0
baseline,0.5,0.03,-0.3061308357315036,-0.03821504166395595,1.6240371096711501,1.7344154251454285,0
baseline,0.5,0.04,-0.3061308357315036,-0.03821504166395595,1.6240371096711501,1.7344154251454285,0
baseline,0.5,0.05,-0.3061308357315036,-0.03821504166395595,1.6240371096711501,1.7344154251454285,0
baseline,0.5,0.06,-0.3061308357315036,-0.03821504166395595,1.6240371096711501,1.7344154251454285,0
baseline,0.5,0.07,-0.3061308357315036,-0.03821504166395595,1.6240371096711501,1.7344154251454285,0
baseline,0.5,0.08,-0.3061308357315036,-0.03821504166395595,1.6240371096711501,1.7344154251454285,0
baseline,0.5,0.09,-0.3061308357315036,-0.03821504166395595,1.6240371096711501,1.7344154251454285,0
baseline,0.5,0.1,-0.3061308357315036,-0.03821504166395595,1.6240371096711501,1.7344154251454285,0
baseline,0.5,0.11,-0.3061308357315036,-0.03821504166395595,1.6240371096711501,1.7344154251454285,0
baseline,0.5,0.12,-0.3061308357315036,-0.03821504166395595,1.6240371096711501,1.7344154251454285,0
baseline,0.5,0.13,-0.3061308357315036,-0.03821504166395595,1.6240371096711501,1.7344154251454285,0
baseline,0.5,0.14,-0.3061308357315036,-0.03821504166395595,1.6240371096711501,1.7344154251454285,0
baseline,0.5,0.15,-0.3061308357315036,-0.03821504166395595,1.6240371096711501,1.7344154251454285,0
baseline,0.5,0.16,-0.3061308357315036,-0.03821504166395595,1.6240371096711501,1.7344154251454285,0
baseline,0.5,0.17,-0.3061308357315036,-0.03821504166395595,1.6240371096711501,1.7344154251454285,0
baseline,0.5,0.18,-0.3061308357315036,-0.03821504166395595,1.6240371096711501,1.7344154251454285,0
baseline,0.5,0.19,-0.3061308357315036,-0.03821504166395595,1.6240371096711501,1.7344154251454285,0
baseline,0.5,0.2,-0.3061308357315036,-0.03821504166395595,1.6240371096711501,1.7344154251454285,0
baseline,0.5,0.21,-0.3061308357315036,-0.03821504166395595,1.6240371096711501,1.7344154251454285,0
baseline,0.5,0.22,-0.014301457551119612,0.25361433651642806,3.327817820793601,3.5539942567119036,P
baseline,0.5,0.23,-0.013874218704085617,0.25404157536346206,3.3329368376129356,3.5594611895055945,P
baseline,0.5,0.24,-0.013447012490608867,0.2544687815769388,3.338071234541356,3.564944547723483,P
baseline,0.5,0.25,-0.01301984082915153,0.25489595323839614,3.3432210577884707,3.5704443807158324,P
baseline,0.5,0.26,-0.012592705637553714,0.25532308842999396,3.348386353702722,3.5759607379811733,P
baseline,0.5,0.27,-0.012165608833000385,0.2557501852345473,3.3535671687718103,3.581493669166762,P
baseline,0.5,0.28,-0.011738552331986285,0.2561772417355614,3.3587635496231045,3.5870432240690144,P
baseline,0.5,0.29,-0.011311538050281678,0.256604256017266,3.3639755430240674,3.592609452633962,P
baseline,0.5,0.3,-0.010884567902898379,0.2570312261646493,3.3692031958826747,3.598192404957699,P
baseline,0.5,0.31,-0.010457643804055006,0.25745815026349267,3.374446555247838,3.6037921312868355,P
baseline,0.5,0.32,-0.010030767667142781,0.2578850264004049,3.3797056683098265,3.609408682018945,P
baseline,0.5,0.33,-0.009603941404691896,0.2583118526628558,3.384980582400694,3.615042107703023,P
baseline,0.5,0.34,-0.009177166928336533,0.25873862713921114,3.390271344994703,3.620692459039939,P
baseline,0.5,0.35000000000000003,-0.008750446148780788,0.2591653479187669,3.39557800370875,3.6263597868828907,P
baseline,0.5,0.36,-0.008323780975765416,0.25959201309178226,3.4009006063028027,3.6320441422378695,P
baseline,0.5,0.37,-0.007897173318032358,0.2600186207495153,3.4062392006803193,3.6377455762641118,P
baseline,0.5,0.38,-0.007470625083291993,0.2604451689842557,3.4115938348886834,3.6434641402745602,P
baseline,0.5,0.39,-0.007044138178188275,0.2608716558893594,3.416964557119642,3.6491998857363326,P
baseline,0.5,0.4,-0.0066177145082650934,0.2612980795592826,3.4223514157097297,3.654952864271175,P
baseline,0.5,0.41000000000000003,-0.006191355977932189,0.2617244380896155,3.4277544591407096,3.660723127655932,P
baseline,0.5,0.42,-0.005765064490431626,0.26215072957711605,3.4331737360400103,3.666510727823015,P
baseline,0.5,0.43,-0.005338841947803263,0.2625769521197444,3.4386092951811595,3.672315716860863,P
baseline,0.5,0.44,-0.004912690250851781,0.2630031038166959,3.444061185484228,3.6781381470144185,P
baseline,0.5,0.45,-0.00448661129911232,0.26342918276843535,3.4495294560162626,3.6839780706855896,P
baseline,0.5,0.46,-0.004060606990816895,0.2638551870767308,3.4550141559917362,3.68983554043373,P
baseline,0.5,0.47000000000000003,-0.003634679222861037,0.26428111484468664,3.4605153347729862,3.695710608976108,P
baseline,0.5,0.48,-0.0032088298907698154,0.26470696417677786,3.466033041870659,3.7016033291883788,P
baseline,0.5,0.49,-0.002783060888664368,0.2651327331788833,3.4715673269441543,3.7075137541050647,P
baseline,0.5,0.5,-0.002357374109228705,0.26555841995831897,3.477118239802077,3.71344193692003,P
baseline,0.5,0.51,-0.0019317714436759004,0.2659840226238718,3.4826858304026773,3.7193879309869584,P
baseline,0.5,0.52,-0.0015062547817147331,0.26640953928583294,3.4882701488543115,3.7253517898198396,P
baseline,0.5,0.53,-0.0010808260115168222,0.26683496805603085,3.4938712454158813,3.7313335670934404,P
baseline,0.5,0.54,-0.000655487019682599,0.2672603070478651,3.499489170497295,3.737333316643799,P
baseline,0.5,0.55,-0.0002302396912085558,0.2676855543763391,3.5051239746599143,3.7433510924687,P
baseline,0.5,0.56,0.00019491409054567255,0.26811070815809335,3.5107757086170164,3.7493869487281675,P
baseline,0.5,0.5700000000000001,0.0006199724438910592,0.26853576651143873,3.5164444232342453,3.755440939744949,P
baseline,0.5,0.58,0.0010449334888415485,0.2689607275563892,3.5221301695300684,3.7615131200050023,P
baseline,0.5,0.59,0.0014697953471476954,0.26938558941469537,3.5278329986762436,3.7676035441579936,P
baseline,0.5,0.6,0.001894556142328807,0.2698103502098765,3.5335529619982706,3.77371226701778,P
baseline,0.5,0.61,0.0023192139997064154,0.2702350080672541,3.5392901109758568,3.7798393435629074,P
baseline,0.5,0.62,0.002743767046436696,0.27065956111398437,3.5450444972433828,3.7859848289371074,P
baseline,0.5,0.63,0.003168213411543108,0.2710840074790908,3.5508161725903644,3.7921487784497905,P
baseline,0.5,0.64,0.0035925512259494252,0.2715083452934971,3.556605188961917,3.7983312475765416,P
baseline,0.5,0.65,0.004016778622511985,0.27193257269005966,3.5624115984592297,3.804532291959628,P
baseline,0.5,0.66,0.004440893736051943,0.2723566878035996,3.5682354533400247,3.810751967408488,P
baseline,0.5,0.67,0.004864894703388134,0.2727806887709358,3.5740768060190353,3.8169903299002432,P
baseline,0.5,0.68,0.005288779663369214,0.2732045737309169,3.579935709068477,3.8232474355801997,P
baseline,0.5,0.6900000000000001,0.005712546756905745,0.2736283408244534,3.5858122152185152,3.829523340762349,P
baseline,0.5,0.7000000000000001,0.006136194127002892,0.27405198819455057,3.5917063773577453,3.8358181019298807,P
baseline,0.5,0.71,0.006559719918791673,0.27447551398633935,3.5976182485336654,3.8421317757356874,P
baseline,0.5,0.72,0.006983122279561715,0.2748989163471094,3.6035478819531583,3.8484644190028776,P
baseline,0.5,0.73,0.007406399358793059,0.27532219342634073,3.6094953309829636,3.8548160887252827,P
baseline,0.5,0.74,0.007829549308187578,0.27574534337573525,3.6154606491501613,3.8611868420679714,P
baseline,0.5,0.75,0.008252570281701233,0.2761683643492489,3.6214438901426576,3.8675767363677696,P
baseline,0.5,0.76,0.008675460435575655,0.27659125450312333,3.6274451078096592,3.873985829133766,P
baseline,0.5,0.77,0.009098217928369456,0.27701401199591713,3.6334643561621682,3.8804141780478414,P
baseline,0.5,0.78,0.009520840920990203,0.2774366349885379,3.6395016893734593,3.8868618409651785,P
baseline,0.5,0.79,0.009943327576725447,0.2778591216442731,3.6455571617795717,3.8933288759147864,P
baseline,0.5,0.8,0.010365676061274198,0.2782814701288219,3.651630827879798,3.8998153411000236,P
baseline,0.5,0.81,0.010787884542778237,0.2787036786103259,3.657722742337175,3.9063212948991217,P
baseline,0.5,0.8200000000000001,0.011209951191853362,0.27912574525940104,3.6638329599789734,3.912846795865708,P
baseline,0.5,0.8300000000000001,0.011631874181619817,0.2795476682491675,3.669961535797193,3.919391902729335,P
baseline,0.5,0.84,0.012053651687734424,0.2799694457552821,3.6761085249490573,3.925956674396008,P
baseline,0.5,0.85,0.012475281888420453,0.2803910759559681,3.6822739827575117,3.9325411699487187,P
baseline,0.5,0.86,0.012896762964498598,0.2808125570320463,3.688457964711716,3.9391454486479685,P
baseline,0.5,0.87,0.013318093099418116,0.2812338871669658,3.694660526467551,3.945769569932313,P
baseline,0.5,0.88,0.013739270479286747,0.2816550645468344,3.7008817238481138,3.9524135934188864,P
baseline,0.5,0.89,0.014160293292901971,0.28207608736044965,3.707121612844223,3.9590775789039463,P
baseline,0.5,0.9,0.01458115973178048,0.28249695379932815,3.713380249614921,3.965761586363406,P
baseline,0.5,0.91,0.015001867990189433,0.2829176620577371,3.719657690487982,3.9724656759533783,P
baseline,0.5,0.92,0.01542241626517582,0.2833382103327235,3.725953991960415,3.9791899080107145,P
baseline,0.5,0.93,0.01584280275659722,0.2837585968241449,3.732269210698978,3.9859343430535494,P
baseline,0.5,0.9400000000000001,0.016263025667150932,0.2841788197346986,3.7386034035406794,3.9926990417818424,P
baseline,0.5,0.9500000000000001,0.016683083202404858,0.28459887726995253,3.7449566274933006,3.99948406507793,P
baseline,0.5,0.96,0.01710297357082663,0.2850187676383743,3.751328939735898,4.006289474007065,P
baseline,0.5,0.97,0.017522694983813425,0.2854384890513611,3.757720397619324,4.013115329817976,P
baseline,0.5,0.98,0.017942245655721334,0.285858039723269,3.7641310586667442,4.019961693943408,P
baseline,0.5,0.99,0.018361623803895055,0.28627741787144273,3.770560980574152,4.026828628000689,P
baseline,0.5,1.0,0.018780827648697263,0.28669662171624494,3.7770102212108863,4.0337161937922685,P
baseline,0.5,1.01,0.019199855413537747,0.2871156494810854,3.783478838620157,4.040624453306286,P
baseline,0.5,1.02,0.019618705324902175,0.28753449939244985,3.789966891019564,4.0475534687171235,P
baseline,0.5,1.03,0.02003737561238178,0.28795316967992945,3.796474436801625,4.054503302385969,P
baseline,0.5,1.04,0.020455864508701516,0.2883716585762492,3.8030015345342916,4.061474016861367,P
baseline,0.5,1.05,0.02087417024974947,0.28878996431729714,3.8095482429614917,4.068465674879801,P
baseline,0.5,1.06,0.021292291074605063,0.28920808514215274,3.8161146210036434,4.075478339366236,P
baseline,0.5,1.07,0.02171022522556776,0.28962601929311543,3.822700727758193,4.0825120734347005,P
baseline,0.5,1.08,0.022127970948185305,0.290043765015733,3.829306622500147,4.089566940388851,P
baseline,0.5,1.09,0.022545526491282553,0.2904613205588302,3.835932364682602,4.0966430037225345,P
baseline,0.5,1.1,0.14758106544170035,0.41549685950924803,7.960411786345649,8.501444277676061,L
baseline,0.5,1.11,0.14785850989793725,0.4157743039654849,7.9794494525968025,8.521775846337972,L
baseline,0.5,1.12,0.14813546126513644,0.4160512553326841,7.998544317601941,8.54216850128949,L
baseline,0.5,1.1300000000000001,0.1484119196136881,0.4163277136812358,8.017696553214979,8.562622426064642,L
baseline,0.5,1.1400000000000001,0.14868788501816088,0.41660367908570856,8.036906331806165,8.583137804748896,L
baseline,0.5,1.1500000000000001,0.1489633575572868,0.41687915162483447,8.056173826263638,8.603714821980793,L
baseline,0.5,1.16,0.14923833731394448,0.41715413138149215,8.075499209994975,8.624353662953629,L
baseline,0.5,1.17,0.14951282437514335,0.417428618442691,8.094882656928766,8.645054513417115,L
baseline,0.5,1.18,0.14978681883200767,0.41770261289955535,8.114324341516157,8.66581755967904,L
baseline,0.5,1.19,0.15006032077976056,0.41797611484730823,8.133824438732447,8.686642988606962,L
baseline,0.5,1.2,0.15033333031770768,0.41824912438525536,8.153383124078639,8.707530987629886,L
no_consumer_capture_gap,0.5,0.0,0.0,0.2679157940675477,2.197802197802198,2.347176681238845,0
no_consumer_capture_gap,0.5,0.01,0.0,0.2679157940675477,2.197802197802198,2.347176681238845,0
no_consumer_capture_gap,0.5,0.02,0.0,0.2679157940675477,2.197802197802198,2.347176681238845,0
no_consumer_capture_gap,0.5,0.03,0.0,0.2679157940675477,2.197802197802198,2.347176681238845,0
no_consumer_capture_gap,0.5,0.04,0.0,0.2679157940675477,2.197802197802198,2.347176681238845,0
no_consumer_capture_gap,0.5,0.05,0.0,0.2679157940675477,2.197802197802198,2.347176681238845,0
no_consumer_capture_gap,0.5,0.06,0.0,0.2679157940675477,2.197802197802198,2.347176681238845,0
no_consumer_capture_gap,0.5,0.07,0.0,0.2679157940675477,2.197802197802198,2.347176681238845,0
no_consumer_capture_gap,0.5,0.08,0.0,0.2679157940675477,2.197802197802198,2.347176681238845,0
no_consumer_capture_gap,0.5,0.09,0.0,0.2679157940675477,2.197802197802198,2.347176681238845,0
no_consumer_capture_gap,0.5,0.1,0.0,0.2679157940675477,2.197802197802198,2.347176681238845,0
no_consumer_capture_gap,0.5,0.11,0.0,0.2679157940675477,2.197802197802198,2.347176681238845,0
no_consumer_capture_gap,0.5,0.12,0.0,0.2679157940675477,2.197802197802198,2.347176681238845,0
no_consumer_capture_gap,0.5,0.13,0.0,0.2679157940675477,2.197802197802198,2.347176681238845,0
no_consumer_capture_gap,0.5,0.14,0.0,0.2679157940675477,2.197802197802198,2.347176681238845,0
no_consumer_capture_gap,0.5,0.15,0.0,0.2679157940675477,2.197802197802198,2.347176681238845,0
no_consumer_capture_gap,0.5,0.16,0.0,0.2679157940675477,2.197802197802198,2.347176681238845,0
no_consumer_capture_gap,0.5,0.17,0.0,0.2679157940675477,2.197802197802198,2.347176681238845,0
no_consumer_capture_gap,0.5,0.18,0.0,0.2679157940675477,2.197802197802198,2.347176681238845,0
no_consumer_capture_gap,0.5,0.19,0.0,0.2679157940675477,2.197802197802198,2.347176681238845,0
no_consumer_capture_gap,0.5,0.2,0.0,0.2679157940675477,2.197802197802198,2.347176681238845,0
no_consumer_capture_gap,0.5,0.21,0.0,0.2679157940675477,2.197802197802198,2.347176681238845,0
no_consumer_capture_gap,0.5,0.22,0.291829378180384,0.5597451722479316,4.503521056798068,4.8096046216329675,P
no_consumer_capture_gap,0.5,0.23,0.292256617027418,0.5601724110949657,4.510448599493442,4.817002997469123,P
no_consumer_capture_gap,0.5,0.24,0.29268382324089476,0.5605996173084424,4.517396956022042,4.824423601758796,P
no_consumer_capture_gap,0.5,0.25,0.2931109949023521,0.5610267889698998,4.524366188919124,4.831866501287475,P
no_consumer_capture_gap,0.5,0.26,0.2935381300939499,0.5614539241614975,4.531356360907828,4.839331763041305,P
no_consumer_capture_gap,0.5,0.27,0.29396522689850324,0.561881020966051,4.538367534899754,4.846819454207695,P
no_consumer_capture_gap,0.5,0.28,0.29439228339951734,0.562308077467065,4.545399773995512,4.854329642175914,P
no_consumer_capture_gap,0.5,0.29,0.29481929768122195,0.5627350917487697,4.5524531414853024,4.861862394537706,P
no_consumer_capture_gap,0.5,0.3,0.29524626782860525,0.5631620618961529,4.559527700849479,4.86941777908789,P
no_consumer_capture_gap,0.5,0.31,0.2956731919274486,0.5635889859949963,4.566623515759125,4.87699586382498,P
no_consumer_capture_gap,0.5,0.32,0.29610006806436084,0.5640158621319085,4.573740650076622,4.88459671695179,P
no_consumer_capture_gap,0.5,0.33,0.29652689432681173,0.5644426883943594,4.580879167856226,4.892220406876047,P
no_consumer_capture_gap,0.5,0.34,0.2969536688031671,0.5648694628707147,4.588039133344648,4.899867002211017,P
no_consumer_capture_gap,0.5,0.35000000000000003,0.29738038958272284,0.5652961836502706,4.595220610981623,4.907536571776103,P
no_consumer_capture_gap,0.5,0.36,0.2978070547557382,0.5657228488232859,4.602423665400499,4.915229184597488,P
no_consumer_capture_gap,0.5,0.37,0.29823366241347127,0.566149456481019,4.609648361428817,4.922944909908739,P
no_consumer_capture_gap,0.5,0.38,0.29866021064821163,0.5665760047157593,4.616894764088884,4.930683817151432,P
no_consumer_capture_gap,0.5,0.39,0.29908669755331535,0.567002491620863,4.624162938598379,4.938445975975788,P
no_consumer_capture_gap,0.5,0.4,0.29951312122323853,0.5674289152907862,4.631452950370919,4.946231456241289,P
no_consumer_capture_gap,0.5,0.41000000000000003,0.29993947975357144,0.5678552738211191,4.638764865016658,4.9540403280173075,P
no_consumer_capture_gap,0.5,0.42,0.300365771241072,0.5682815653086197,4.6460987483428795,4.961872661583743,P
no_consumer_capture_gap,0.5,0.43,0.30079199378370036,0.5687077878512481,4.65345466635458,4.96972852743165,P
no_consumer_capture_gap,0.5,0.44,0.30121814548065184,0.5691339395481996,4.660832685255077,4.977607996263878,P
no_consumer_capture_gap,0.5,0.45,0.3016442244323913,0.569560018499939,4.668232871446583,4.985511138995694,P
no_consumer_capture_gap,0.5,0.46,0.30207022874068673,0.5699860228082344,4.675655291530828,4.993438026755438,P
no_consumer_capture_gap,0.5,0.47000000000000003,0.3024961565086426,0.5704119505761902,4.683100012309642,5.0013887308851555,P
no_consumer_capture_gap,0.5,0.48,0.3029220058407338,0.5708377999082814,4.690567100785563,5.009363322941235,P
no_consumer_capture_gap,0.5,0.49,0.30334777484283926,0.5712635689103869,4.698056624162437,5.017361874695061,P
no_consumer_capture_gap,0.5,0.5,0.3037734616222749,0.5716892556898225,4.7055686498460245,5.025384458133651,P
no_consumer_capture_gap,0.5,0.51,0.3041990642878277,0.5721148583553755,4.713103245444607,5.03343114546031,P
no_consumer_capture_gap,0.5,0.52,0.3046245809497889,0.5725403750173366,4.720660478769599,5.0415020090952805,P
no_consumer_capture_gap,0.5,0.53,0.3050500097199868,0.5729658037875345,4.728240417836147,5.0495971216763875,P
no_consumer_capture_gap,0.5,0.54,0.305475348711821,0.5733911427793688,4.735843130863756,5.057716556059701,P
no_consumer_capture_gap,0.5,0.55,0.30590059604029507,0.5738163901078428,4.743468686276895,5.065860385320183,P
no_consumer_capture_gap,0.5,0.56,0.3063257498220493,0.5742415438895969,4.751117152705612,5.074028682752352,P
no_consumer_capture_gap,0.5,0.5700000000000001,0.3067508081753947,0.5746666022429423,4.758788598986161,5.0822215218709434,P
no_consumer_capture_gap,0.5,0.58,0.3071757692203452,0.5750915632878928,4.766483094161605,5.090438976411559,P
no_consumer_capture_gap,0.5,0.59,0.3076006310786513,0.575516425146199,4.774200707482455,5.098681120331351,P
no_consumer_capture_gap,0.5,0.6,0.30802539187383243,0.5759411859413801,4.781941508407284,5.106948027809667,P
no_consumer_capture_gap,0.5,0.61,0.30845004973121004,0.5763658437987578,4.78970556660335,5.115239773248729,P
no_consumer_capture_gap,0.5,0.62,0.3088746027779403,0.5767903968454879,4.7974929519472305,5.123556431274304,P
no_consumer_capture_gap,0.5,0.63,0.30929904914304673,0.5772148432105944,4.805303734525448,5.131898076736371,P
no_consumer_capture_gap,0.5,0.64,0.30972338695745305,0.5776391810250008,4.813137984635095,5.140264784709792,P
no_consumer_capture_gap,0.5,0.65,0.3101476143540156,0.5780634084215632,4.820995772784478,5.148656630495001,P
no_consumer_capture_gap,0.5,0.66,0.31057172946755557,0.5784875235351032,4.828877169693742,5.157073689618661,P
no_consumer_capture_gap,0.5,0.67,0.31099573043489176,0.5789115245024394,4.8367822462955115,5.165516037834363,P
no_consumer_capture_gap,0.5,0.68,0.31141961539487284,0.5793354094624206,4.844711073735533,5.1739837511233,P
no_consumer_capture_gap,0.5,0.6900000000000001,0.31184338248840937,0.5797591765559571,4.852663723373303,5.182476905694946,P
no_consumer_capture_gap,0.5,0.7000000000000001,0.3122670298585065,0.5801828239260542,4.860640266782724,5.19099557798775,P
no_consumer_capture_gap,0.5,0.71,0.3126905556502953,0.580606349717843,4.868640775752739,5.19953984466982,P
no_consumer_capture_gap,0.5,0.72,0.31311395801106534,0.581029752078613,4.876665322287985,5.208109782639616,P
no_consumer_capture_gap,0.5,0.73,0.3135372350902967,0.5814530291578444,4.884713978609434,5.2167054690266355,P
no_consumer_capture_gap,0.5,0.74,0.3139603850396912,0.5818761791072389,4.892786817155045,5.225326981192113,P
no_consumer_capture_gap,0.5,0.75,0.31438340601320486,0.5822992000807525,4.900883910580424,5.23397439672972,P
no_consumer_capture_gap,0.5,0.76,0.3148062961670793,0.582722090234627,4.90900533175946,5.242647793466249,P
no_consumer_capture_gap,0.5,0.77,0.3152290536598731,0.5831448477274208,4.917151153785006,5.251347249462335,P
no_consumer_capture_gap,0.5,0.78,0.31565167665249383,0.5835674707200416,4.92532144996951,5.2600728430131385,P
no_consumer_capture_gap,0.5,0.79,0.3160741633082291,0.5839899573757767,4.9335162938456945,5.268824652649059,P
no_consumer_capture_gap,0.5,0.8,0.3164965117927778,0.5844123058603254,4.941735759167209,5.277602757136442,P
no_consumer_capture_gap,0.5,0.81,0.31691872027428186,0.5848345143418295,4.949979919909297,5.286407235478291,P
no_consumer_capture_gap,0.5,0.8200000000000001,0.317340786923357,0.5852565809909047,4.958248850269462,5.295238166914967,P
no_consumer_capture_gap,0.5,0.8300000000000001,0.31776270991312344,0.5856785039806711,4.966542624668132,5.3040956309249125,P
no_consumer_capture_gap,0.5,0.84,0.31818448741923805,0.5861002814867857,4.974861317749332,5.312979707225365,P
no_consumer_capture_gap,0.5,0.85,0.3186061176199241,0.5865219116874718,4.983205004381358,5.321890475773071,P
no_consumer_capture_gap,0.5,0.86,0.3190275986960022,0.5869433927635499,4.991573759657444,5.3308280167650075,P
no_consumer_capture_gap,0.5,0.87,0.31944892883092174,0.5873647228984694,4.999967658896445,5.339792410639102,P
no_consumer_capture_gap,0.5,0.88,0.3198701062107904,0.5877859002783381,5.00838677764351,5.348783738074962,P
no_consumer_capture_gap,0.5,0.89,0.3202911290244056,0.5882069230919533,5.016831191670765,5.3578020799945945,P
no_consumer_capture_gap,0.5,0.9,0.3207119954632841,0.5886277895308318,5.025300976977994,5.366847517563138,P
no_consumer_capture_gap,0.5,0.91,0.32113270372169306,0.5890484977892407,5.03379620979332,5.37592013218959,P
no_consumer_capture_gap,0.5,0.92,0.32155325199667945,0.5894690460642271,5.042316966573897,5.385020005527544,P
no_consumer_capture_gap,0.5,0.93,0.32197363848810084,0.5898894325556485,5.0508633240065945,5.394147219475924,P
no_consumer_capture_gap,0.5,0.9400000000000001,0.32239386139865456,0.5903096554662022,5.059435359008686,5.403301856179714,P
no_consumer_capture_gap,0.5,0.9500000000000001,0.3228139189339085,0.5907297130014562,5.068033148728544,5.412483998030709,P
no_consumer_capture_gap,0.5,0.96,0.32323380930233025,0.591149603369878,5.076656770546335,5.421693727668245,P
no_consumer_capture_gap,0.5,0.97,0.32365353071531705,0.5915693247828647,5.085306302074712,5.430931127979951,P
no_consumer_capture_gap,0.5,0.98,0.32407308138722496,0.5919888754547726,5.093981821159518,5.440196282102493,P
no_consumer_capture_gap,0.5,0.99,0.3244924595353987,0.5924082536029464,5.102683405880484,5.449489273422321,P
no_consumer_capture_gap,0.5,1.0,0.3249116633802009,0.5928274574477486,5.111411134551931,5.458810185576421,P
no_consumer_capture_gap,0.5,1.01,0.3253306911450414,0.593246485212589,5.120165085723475,5.468159102453061,P
no_consumer_capture_gap,0.5,1.02,0.3257495410564058,0.5936653351239535,5.128945338180736,5.4775361081925595,P
no_consumer_capture_gap,0.5,1.03,0.3261682113438854,0.5940840054114331,5.137751970946047,5.486941287188032,P
no_consumer_capture_gap,0.5,1.04,0.32658670024020514,0.5945024943077528,5.146585063279158,5.496374724086148,P
no_consumer_capture_gap,0.5,1.05,0.3270050059812531,0.5949208000488008,5.155444694677965,5.50583650378791,P
no_consumer_capture_gap,0.5,1.06,0.3274231268061087,0.5953389208736564,5.164330944879208,5.515326711449395,P
no_consumer_capture_gap,0.5,1.07,0.3278410609570714,0.5957568550246191,5.173243893859198,5.524845432482536,P
no_consumer_capture_gap,0.5,1.08,0.32825880667968893,0.5961746007472366,5.182183621834537,5.534392752555888,P
no_consumer_capture_gap,0.5,1.09,0.3286763622227862,0.5965921562903338,5.191150209262838,5.543968757595397,P
no_consumer_capture_gap,0.5,1.1,0.453711901173204,0.7216276952407517,10.772789867457904,11.5049667317964,L
no_consumer_capture_gap,0.5,1.11,0.4539893456294409,0.7219051396969886,10.798553456527788,11.532481353244284,L
no_consumer_capture_gap,0.5,1.12,0.45426629699664006,0.7221820910641877,10.824394452417057,11.560078642496215,L
no_consumer_capture_gap,0.5,1.1300000000000001,0.45454275534519173,0.7224585494127393,10.850313087694843,11.587758847927983,L
no_consumer_capture_gap,0.5,1.1400000000000001,0.4548187207496645,0.7227345148172122,10.876309595629044,11.615522218661626,L
no_consumer_capture_gap,0.5,1.1500000000000001,0.4550941932887904,0.723009987356338,10.902384210188409,11.64336900456767,L
no_consumer_capture_gap,0.5,1.16,0.4553691730454481,0.7232849671129957,10.928537166044634,11.671299456267368,L
no_consumer_capture_gap,0.5,1.17,0.455643660106647,0.7235594541741946,10.954768698574512,11.699313825134983,L
no_consumer_capture_gap,0.5,1.18,0.4559176545635113,0.7238334486310589,10.981079043862003,11.727412363300017,L
no_consumer_capture_gap,0.5,1.19,0.4561911565112642,0.7241069505788118,11.007468438700396,11.755595323649507,L
no_consumer_capture_gap,0.5,1.2,0.4564641660492113,0.724379960116759,11.033937120594425,11.783862959830287,L
reverse_consumer_capture_gap,0.5,0.0,0.07336766115077976,0.3412834552183274,2.3353113855504937,2.494031734556042,0
reverse_consumer_capture_gap,0.5,0.01,0.07336766115077976,0.3412834552183274,2.3353113855504937,2.494031734556042,0
reverse_consumer_capture_gap,0.5,0.02,0.07336766115077976,0.3412834552183274,2.3353113855504937,2.494031734556042,0
reverse_consumer_capture_gap,0.5,0.03,0.07336766115077976,0.3412834552183274,2.3353113855504937,2.494031734556042,0
reverse_consumer_capture_gap,0.5,0.04,0.07336766115077976,0.3412834552183274,2.3353113855504937,2.494031734556042,0
reverse_consumer_capture_gap,0.5,0.05,0.07336766115077976,0.3412834552183274,2.3353113855504937,2.494031734556042,0
reverse_consumer_capture_gap,0.5,0.06,0.07336766115077976,0.3412834552183274,2.3353113855504937,2.494031734556042,0
reverse_consumer_capture_gap,0.5,0.07,0.07336766115077976,0.3412834552183274,2.3353113855504937,2.494031734556042,0
reverse_consumer_capture_gap,0.5,0.08,0.07336766115077976,0.3412834552183274,2.3353113855504937,2.494031734556042,0
reverse_consumer_capture_gap,0.5,0.09,0.07336766115077976,0.3412834552183274,2.3353113855504937,2.494031734556042,0
reverse_consumer_capture_gap,0.5,0.1,0.07336766115077976,0.3412834552183274,2.3353113855504937,2.494031734556042,0
reverse_consumer_capture_gap,0.5,0.11,0.07336766115077976,0.3412834552183274,2.3353113855504937,2.494031734556042,0
reverse_consumer_capture_gap,0.5,0.12,0.07336766115077976,0.3412834552183274,2.3353113855504937,2.494031734556042,0
reverse_consumer_capture_gap,0.5,0.13,0.07336766115077976,0.3412834552183274,2.3353113855504937,2.494031734556042,0
reverse_consumer_capture_gap,0.5,0.14,0.07336766115077976,0.3412834552183274,2.3353113855504937,2.494031734556042,0
reverse_consumer_capture_gap,0.5,0.15,0.07336766115077976,0.3412834552183274,2.3353113855504937,2.494031734556042,0
reverse_consumer_capture_gap,0.5,0.16,0.07336766115077976,0.3412834552183274,2.3353113855504937,2.494031734556042,0
reverse_consumer_capture_gap,0.5,0.17,0.07336766115077976,0.3412834552183274,2.3353113855504937,2.494031734556042,0
reverse_consumer_capture_gap,0.5,0.18,0.07336766115077976,0.3412834552183274,2.3353113855504937,2.494031734556042,0
reverse_consumer_capture_gap,0.5,0.19,0.07336766115077976,0.3412834552183274,2.3353113855504937,2.494031734556042,0
reverse_consumer_capture_gap,0.5,0.2,0.07336766115077976,0.3412834552183274,2.3353113855504937,2.494031734556042,0
reverse_consumer_capture_gap,0.5,0.21,0.07336766115077976,0.3412834552183274,2.3353113855504937,2.494031734556042,0
reverse_consumer_capture_gap,0.5,0.22,0.36519703933116376,0.6331128333987115,4.785291419548147,5.110525616967562,P
reverse_consumer_capture_gap,0.5,0.23,0.36562427817819776,0.6335400722457454,4.792652395593477,5.118386884620326,P
reverse_consumer_capture_gap,0.5,0.24,0.3660514843916745,0.6339672784592222,4.800035487724484,5.126271771487155,P
reverse_consumer_capture_gap,0.5,0.25,0.36647865605313185,0.6343944501206795,4.8074407623890485,5.134180348532085,P
reverse_consumer_capture_gap,0.5,0.26,0.36690579124472966,0.6348215853122774,4.814868286234689,5.142112686932358,P
reverse_consumer_capture_gap,0.5,0.27,0.367332888049283,0.6352486821168306,4.822318126109176,5.150068858079082,P
reverse_consumer_capture_gap,0.5,0.28,0.3677599445502971,0.6356757386178448,4.829790349061113,5.158048933577843,P
reverse_consumer_capture_gap,0.5,0.29,0.3681869588320017,0.6361027528995493,4.83728502234056,5.166052985249378,P
reverse_consumer_capture_gap,0.5,0.3,0.368613928979385,0.6365297230469327,4.8448022133996265,5.174081085130205,P
reverse_consumer_capture_gap,0.5,0.31,0.36904085307822837,0.636956647145776,4.852341989893083,5.182133305473278,P
reverse_consumer_capture_gap,0.5,0.32,0.3694677292151406,0.6373835232826883,4.859904419678967,5.190209718748633,P
reverse_consumer_capture_gap,0.5,0.33,0.3698945554775915,0.6378103495451392,4.867489570819201,5.198310397644046,P
reverse_consumer_capture_gap,0.5,0.34,0.37032132995394684,0.6382371240214946,4.875097511580194,5.206435415065681,P
reverse_consumer_capture_gap,0.5,0.35000000000000003,0.3707480507335026,0.6386638448010502,4.882728310433464,5.214584844138748,P
reverse_consumer_capture_gap,0.5,0.36,0.37117471590651796,0.6390905099740656,4.890382036056254,5.222758758208165,P
reverse_consumer_capture_gap,0.5,0.37,0.371601323564251,0.6395171176317986,4.898058757332145,5.230957230839215,P
reverse_consumer_capture_gap,0.5,0.38,0.3720278717989914,0.6399436658665391,4.90575854335168,5.2391803358182045,P
reverse_consumer_capture_gap,0.5,0.39,0.3724543587040951,0.6403701527716428,4.913481463412986,5.247428147153135,P
reverse_consumer_capture_gap,0.5,0.4,0.3728807823740183,0.640796576441566,4.921227587022397,5.255700739074367,P
reverse_consumer_capture_gap,0.5,0.41000000000000003,0.3733071409043512,0.6412229349718989,4.9289969838950745,5.263998186035279,P
reverse_consumer_capture_gap,0.5,0.42,0.37373343239185175,0.6416492264593994,4.936789723955645,5.272320562712951,P
reverse_consumer_capture_gap,0.5,0.43,0.3741596549344801,0.6420754490020277,4.94460587733882,5.2806679440088296,P
reverse_consumer_capture_gap,0.5,0.44,0.3745858066314316,0.6425016006989792,4.952445514390037,5.289040405049406,P
reverse_consumer_capture_gap,0.5,0.45,0.37501188558317106,0.6429276796507187,4.960308705666076,5.29743802118688,P
reverse_consumer_capture_gap,0.5,0.46,0.3754378898914665,0.6433536839590142,4.968195521935716,5.305860867999858,P
reverse_consumer_capture_gap,0.5,0.47000000000000003,0.37586381765942234,0.6437796117269701,4.976106034180355,5.314309021294016,P
reverse_consumer_capture_gap,0.5,0.48,0.37628966699151356,0.6442054610590613,4.984040313594658,5.322782557102793,P
reverse_consumer_capture_gap,0.5,0.49,0.376715435993619,0.6446312300611667,4.9919984315871915,5.3312815516880665,P
reverse_consumer_capture_gap,0.5,0.5,0.37714112277305467,0.6450569168406024,4.999980459781073,5.3398060815408455,P
reverse_consumer_capture_gap,0.5,0.51,0.3775667254386075,0.6454825195061551,5.007986470014607,5.348356223381955,P
reverse_consumer_capture_gap,0.5,0.52,0.37799224210056864,0.6459080361681163,5.016016534341944,5.3569320541627325,P
reverse_consumer_capture_gap,0.5,0.53,0.37841767087076655,0.6463334649383142,5.024070725033712,5.365533651065709,P
reverse_consumer_capture_gap,0.5,0.54,0.3788430098626008,0.6467588039301484,5.032149114577687,5.374161091505319,P
reverse_consumer_capture_gap,0.5,0.55,0.3792682571910748,0.6471840512586224,5.040251775679427,5.3828144531285815,P
reverse_consumer_capture_gap,0.5,0.56,0.37969341097282905,0.6476092050403768,5.048378781262935,5.39149381381581,P
reverse_consumer_capture_gap,0.5,0.5700000000000001,0.38011846932617444,0.6480342633937222,5.056530204471319,5.400199251681311,P
reverse_consumer_capture_gap,0.5,0.58,0.3805434303711249,0.6484592244386727,5.0647061186674405,5.408930845074081,P
reverse_consumer_capture_gap,0.5,0.59,0.38096829222943107,0.6488840862969787,5.072906597434584,5.417688672578523,P
reverse_consumer_capture_gap,0.5,0.6,0.3813930530246122,0.6493088470921599,5.081131714577114,5.426472813015141,P
reverse_consumer_capture_gap,0.5,0.61,0.3818177108819898,0.6497335049495374,5.089381544121138,5.435283345441259,P
reverse_consumer_capture_gap,0.5,0.62,0.38224226392872007,0.6501580579962678,5.0976561603151795,5.444120349151728,P
reverse_consumer_capture_gap,0.5,0.63,0.3826667102938265,0.6505825043613742,5.10595563763084,5.452983903679643,P
reverse_consumer_capture_gap,0.5,0.64,0.3830910481082328,0.6510068421757804,5.114280050763471,5.4618740887970505,P
reverse_consumer_capture_gap,0.5,0.65,0.38351527550479536,0.6514310695723431,5.1226294746328485,5.470790984515682,P
reverse_consumer_capture_gap,0.5,0.66,0.3839393906183353,0.651855184685883,5.13100398438384,5.479734671087655,P
reverse_consumer_capture_gap,0.5,0.67,0.3843633915856715,0.6522791856532192,5.139403655387092,5.488705229006209,P
reverse_consumer_capture_gap,0.5,0.68,0.3847872765456526,0.6527030706132002,5.147828563239702,5.49770273900643,P
reverse_consumer_capture_gap,0.5,0.6900000000000001,0.3852110436391891,0.6531268377067367,5.156278783765893,5.506727282065963,P
reverse_consumer_capture_gap,0.5,0.7000000000000001,0.38563469100928627,0.6535504850768339,5.164754393017712,5.515778939405761,P
reverse_consumer_capture_gap,0.5,0.71,0.38605821680107505,0.6539740108686227,5.173255467275695,5.524857792490798,P
reverse_consumer_capture_gap,0.5,0.72,0.3864816191618451,0.6543974132293928,5.181782083049571,5.533963923030816,P
reverse_consumer_capture_gap,0.5,0.73,0.38690489624107643,0.6548206903086241,5.190334317078938,5.54309741298105,P
reverse_consumer_capture_gap,0.5,0.74,0.38732804619047095,0.6552438402580186,5.198912246333959,5.552258344542969,P
reverse_consumer_capture_gap,0.5,0.75,0.3877510671639846,0.6556668612315323,5.207515948016058,5.561446800165023,P
reverse_consumer_capture_gap,0.5,0.76,0.38817395731785903,0.6560897513854067,5.216145499558605,5.570662862543371,P
reverse_consumer_capture_gap,0.5,0.77,0.38859671481065283,0.6565125088782005,5.224800978627625,5.579906614622639,P
reverse_consumer_capture_gap,0.5,0.78,0.3890193378032736,0.6569351318708212,5.2334824631224865,5.589178139596658,P
reverse_consumer_capture_gap,0.5,0.79,0.3894418244590088,0.6573576185265565,5.242190031176609,5.5984775209092135,P
reverse_consumer_capture_gap,0.5,0.8,0.3898641729435576,0.6577799670111053,5.2509237611581625,5.607804842254801,P
reverse_consumer_capture_gap,0.5,0.81,0.3902863814250616,0.6582021754926093,5.259683731670778,5.617160187579377,P
reverse_consumer_capture_gap,0.5,0.8200000000000001,0.39070844807413674,0.6586242421416844,5.268470021554248,5.626543641081111,P
reverse_consumer_capture_gap,0.5,0.8300000000000001,0.3911303710639032,0.6590461651314509,5.27728270988524,5.6359552872111465,P
reverse_consumer_capture_gap,0.5,0.84,0.3915521485700178,0.6594679426375655,5.28612187597801,5.645395210674366,P
reverse_consumer_capture_gap,0.5,0.85,0.39197377877070383,0.6598895728382514,5.294987599385112,5.654863496430141,P
reverse_consumer_capture_gap,0.5,0.86,0.392395259846782,0.6603110539143296,5.303879959898116,5.664360229693109,P
reverse_consumer_capture_gap,0.5,0.87,0.3928165899817015,0.6607323840492492,5.312799037548326,5.673885495933932,P
reverse_consumer_capture_gap,0.5,0.88,0.3932377673615701,0.6611535614291177,5.321744912607503,5.683439380880072,P
reverse_consumer_capture_gap,0.5,0.89,0.39365879017518535,0.661574584242733,5.330717665588582,5.693021970516559,P
reverse_consumer_capture_gap,0.5,0.9,0.39407965661406386,0.6619954506816115,5.339717377246401,5.702633351086761,P
reverse_consumer_capture_gap,0.5,0.91,0.3945003648724728,0.6624161589400205,5.348744128578424,5.712273609093171,P
reverse_consumer_capture_gap,0.5,0.92,0.3949209131474592,0.6628367072150069,5.357798000825475,5.721942831298174,P
reverse_consumer_capture_gap,0.5,0.93,0.3953412996388806,0.6632570937064283,5.366879075472465,5.731641104724836,P
reverse_consumer_capture_gap,0.5,0.9400000000000001,0.3957615225494343,0.663677316616982,5.375987434249128,5.741368516657683,P
reverse_consumer_capture_gap,0.5,0.9500000000000001,0.39618158008468823,0.6640973741522359,5.385123159130754,5.75112515464349,P
reverse_consumer_capture_gap,0.5,0.96,0.39660147045311,0.6645172645206576,5.394286332338929,5.760911106492063,P
reverse_consumer_capture_gap,0.5,0.97,0.3970211918660968,0.6649369859336445,5.403477036342272,5.770726460277034,P
reverse_consumer_capture_gap,0.5,0.98,0.3974407425380047,0.6653565366055524,5.412695353857182,5.780571304336655,P
reverse_consumer_capture_gap,0.5,0.99,0.39786012068617843,0.6657759147537261,5.4219413678485795,5.790445727274586,P
reverse_consumer_capture_gap,0.5,1.0,0.39827932453098064,0.6661951185985283,5.431215161530654,5.800349817960706,P
reverse_consumer_capture_gap,0.5,1.01,0.3986983522958211,0.6666141463633688,5.440516818367607,5.810283665531891,P
reverse_consumer_capture_gap,0.5,1.02,0.39911720220718555,0.6670329962747332,5.449846422074416,5.82024735939284,P
reverse_consumer_capture_gap,0.5,1.03,0.39953587249466516,0.6674516665622128,5.45920405661758,5.8302409892168665,P
reverse_consumer_capture_gap,0.5,1.04,0.3999543613909849,0.6678701554585326,5.468589806215866,5.840264644946703,P
reverse_consumer_capture_gap,0.5,1.05,0.40037266713203284,0.6682884611995805,5.478003755341089,5.85031841679532,P
reverse_consumer_capture_gap,0.5,1.06,0.40079078795688844,0.6687065820244361,5.4874459887188545,5.860402395246733,P
reverse_consumer_capture_gap,0.5,1.07,0.40120872210785113,0.6691245161753988,5.496916591329324,5.870516671056813,P
reverse_consumer_capture_gap,0.5,1.08,0.4016264678304687,0.6695422618980164,5.5064156484079865,5.880661335254114,P
reverse_consumer_capture_gap,0.5,1.09,0.40204402337356593,0.6699598174411137,5.515943245446421,5.890836479140683,P
reverse_consumer_capture_gap,0.5,1.1,0.5270795623239838,0.7949953563915315,11.446807568385934,12.224794308610424,L
reverse_consumer_capture_gap,0.5,1.11,0.5273570067802207,0.7952728008477683,11.474183099699767,12.254030428585464,L
reverse_consumer_capture_gap,0.5,1.12,0.5276339581474199,0.7955497522149675,11.501640880920712,12.28335438861463,L
reverse_consumer_capture_gap,0.5,1.1300000000000001,0.5279104164959715,0.7958262105635192,11.52918115916899,12.31276645261376,L
reverse_consumer_capture_gap,0.5,1.1400000000000001,0.5281863819004443,0.796102175967992,11.556804182307289,12.342266885291627,L
reverse_consumer_capture_gap,0.5,1.1500000000000001,0.5284618544395702,0.7963776485071179,11.584510198943006,12.37185595215233,L
reverse_consumer_capture_gap,0.5,1.16,0.5287368341962279,0.7966526282637756,11.612299458430469,12.40153391949766,L
reverse_consumer_capture_gap,0.5,1.17,0.5290113212574268,0.7969271153249744,11.640172210873214,12.431301054429538,L
reverse_consumer_capture_gap,0.5,1.18,0.529285315714291,0.7972011097818388,11.668128707126192,12.461157624852367,L
reverse_consumer_capture_gap,0.5,1.19,0.5295588176620439,0.7974746117295917,11.69616919879806,12.491103899475489,L
reverse_consumer_capture_gap,0.5,1.2,0.5298318271999911,0.7977476212675387,11.724293938253437,12.521140147815576,L
producer_payments_localized,0.5,0.0,-0.3061308357315036,-0.03821504166395595,1.6240371096711501,1.7344154251454285,0
producer_payments_localized,0.5,0.01,-0.3061308357315036,-0.03821504166395595,1.6240371096711501,1.7344154251454285,0
producer_payments_localized,0.5,0.02,-0.3061308357315036,-0.03821504166395595,1.6240371096711501,1.7344154251454285,0
producer_payments_localized,0.5,0.03,-0.3061308357315036,-0.03821504166395595,1.6240371096711501,1.7344154251454285,0
producer_payments_localized,0.5,0.04,-0.3061308357315036,-0.03821504166395595,1.6240371096711501,1.7344154251454285,0
producer_payments_localized,0.5,0.05,-0.3061308357315036,-0.03821504166395595,1.6240371096711501,1.7344154251454285,0
producer_payments_localized,0.5,0.06,-0.3061308357315036,-0.03821504166395595,1.6240371096711501,1.7344154251454285,0
producer_payments_localized,0.5,0.07,-0.3061308357315036,-0.03821504166395595,1.6240371096711501,1.7344154251454285,0
producer_payments_localized,0.5,0.08,-0.3061308357315036,-0.03821504166395595,1.6240371096711501,1.7344154251454285,0
producer_payments_localized,0.5,0.09,-0.3061308357315036,-0.03821504166395595,1.6240371096711501,1.7344154251454285,0
producer_payments_localized,0.5,0.1,-0.3061308357315036,-0.03821504166395595,1.6240371096711501,1.7344154251454285,0
producer_payments_localized,0.5,0.11,-0.3061308357315036,-0.03821504166395595,1.6240371096711501,1.7344154251454285,0
producer_payments_localized,0.5,0.12,-0.3061308357315036,-0.03821504166395595,1.6240371096711501,1.7344154251454285,0
producer_payments_localized,0.5,0.13,-0.3061308357315036,-0.03821504166395595,1.6240371096711501,1.7344154251454285,0
producer_payments_localized,0.5,0.14,-0.3061308357315036,-0.03821504166395595,1.6240371096711501,1.7344154251454285,0
producer_payments_localized,0.5,0.15,-0.3061308357315036,-0.03821504166395595,1.6240371096711501,1.7344154251454285,0
producer_payments_localized,0.5,0.16,-0.3061308357315036,-0.03821504166395595,1.6240371096711501,1.7344154251454285,0
producer_payments_localized,0.5,0.17,-0.3061308357315036,-0.03821504166395595,1.6240371096711501,1.7344154251454285,0
producer_payments_localized,0.5,0.18,-0.3061308357315036,-0.03821504166395595,1.6240371096711501,1.7344154251454285,0
producer_payments_localized,0.5,0.19,-0.3061308357315036,-0.03821504166395595,1.6240371096711501,1.7344154251454285,0
producer_payments_localized,0.5,0.2,-0.3061308357315036,-0.03821504166395595,1.6240371096711501,1.7344154251454285,0
producer_payments_localized,0.5,0.21,-0.3061308357315036,-0.03821504166395595,1.6240371096711501,1.7344154251454285,0
producer_payments_localized,0.5,0.22,0.022735348507690545,0.2906511425752382,3.8389520341303367,4.099867906181847,P
producer_payments_localized,0.5,0.23,0.023152624266233657,0.29106841833378133,3.845606755995471,4.106974918813645,P
producer_payments_localized,0.5,0.24,0.023569705560621768,0.29148549962816944,3.8522814720024177,4.1141032844969,P
producer_payments_localized,0.5,0.25,0.023986590651215833,0.2919023847187635,3.8589762422236666,4.121253067386953,P
producer_payments_localized,0.5,0.26,0.0244032778017782,0.2923190718693259,3.8656911269121945,4.128424331831898,P
producer_payments_localized,0.5,0.27,0.024819765279500194,0.29273555934704787,3.872426186502009,4.135617142373163,P
producer_payments_localized,0.5,0.28,0.025236051355029654,0.29315184542257733,3.8791814816086907,4.14283156374609,P
producer_payments_localized,0.5,0.29,0.025652134302498464,0.29356792837004614,3.8859570730299424,4.150067660880522,P
producer_payments_localized,0.5,0.3,0.026068012399549034,0.2939838064670967,3.892753021746132,4.15732549890138,P
producer_payments_localized,0.5,0.31,0.026483683927362778,0.29439947799491045,3.899569388920844,4.164605143129257,P
producer_payments_localized,0.5,0.32,0.026899147170685866,0.29481494123823354,3.90640623590143,4.171906659081,P
producer_payments_localized,0.5,0.33,0.027314400417856766,0.29523019448540444,3.913263624219558,4.179230112470302,P
producer_payments_localized,0.5,0.34,0.027729441960832935,0.2956452360283806,3.920141615591768,4.1865755692082915,P
producer_payments_localized,0.5,0.35000000000000003,0.028144270095217028,0.2960600641627647,3.927040271920031,4.19394309540413,P
producer_payments_localized,0.5,0.36,0.02855888312028404,0.2964746771878317,3.933959655292299,4.201332757365602,P
producer_payments_localized,0.5,0.37,0.02897327933900712,0.2968890734065548,3.94089982798307,4.208744621599717,P
producer_payments_localized,0.5,0.38,0.029387457058083877,0.29730325112563155,3.9478608524539447,4.216178754813301,P
producer_payments_localized,0.5,0.39,0.02980141458796276,0.29771720865551043,3.954842791354191,4.223635223913605,P
producer_payments_localized,0.5,0.4,0.030215150242868694,0.29813094431041637,3.961845707521303,4.231114096008898,P
producer_payments_localized,0.5,0.41000000000000003,0.030628662340829116,0.2985444564083768,3.968869663981578,4.2386154384090835,P
producer_payments_localized,0.5,0.42,0.031041949203699293,0.29895774327124697,3.9759147239506687,4.246139318626291,P
producer_payments_localized,0.5,0.43,0.03145500915718863,0.2993708032247363,3.9829809508341625,4.253685804375493,P
producer_payments_localized,0.5,0.44,0.03186784053088487,0.29978363459843255,3.9900684082281512,4.261254963575115,P
producer_payments_localized,0.5,0.45,0.0322804416582807,0.3001962357258284,3.9971771599197963,4.268846864347638,P
producer_payments_localized,0.5,0.46,0.03269281087679787,0.30060860494434555,4.004307269887913,4.276461575020221,P
producer_payments_localized,0.5,0.47000000000000003,0.03310494652781282,0.3010207405953605,4.011458802303538,4.284099164125312,P
producer_payments_localized,0.5,0.48,0.03351684695668089,0.30143264102422856,4.018631821530512,4.291759700401265,P
producer_payments_localized,0.5,0.49,0.033928510512761856,0.30184430458030953,4.025826392126056,4.2994432527929565,P
producer_payments_localized,0.5,0.5,0.034339935549443645,0.3022557296169913,4.033042578841354,4.30714989045241,P
producer_payments_localized,0.5,0.51,0.0347511204241675,0.3026669144917152,4.040280446622136,4.314879682739418,P
producer_payments_localized,0.5,0.52,0.03516206349845158,0.30307785756599925,4.047540060609261,4.322632699222164,P
producer_payments_localized,0.5,0.53,0.03557276313791563,0.3034885572054633,4.054821486139302,4.330409009677846,P
producer_payments_localized,0.5,0.54,0.03598321771230484,0.3038990117798525,4.062124788745138,4.338208684093311,P
producer_payments_localized,0.5,0.55,0.03639342559551351,0.3043092196630612,4.069450034156545,4.346031792665682,P
producer_payments_localized,0.5,0.56,0.03680338516560877,0.30471917923315645,4.076797288300777,4.35387840580299,P
producer_payments_localized,0.5,0.5700000000000001,0.03721309480485452,0.3051288888724022,4.084166617303174,4.361748594124805,P
producer_payments_localized,0.5,0.58,0.03762255289973421,0.3055383469672819,4.091558087487745,4.369642428462876,P
producer_payments_localized,0.5,0.59,0.038031757840974845,0.3059475519085225,4.0989717653777715,4.377559979861763,P
producer_payments_localized,0.5,0.6,0.03844070802356925,0.3063565020911169,4.106407717696407,4.385501319579486,P
producer_payments_localized,0.5,0.61,0.03884940184679975,0.3067651959143474,4.11386601136727,4.393466519088152,P
producer_payments_localized,0.5,0.62,0.03925783771426078,0.30717363178180845,4.121346713515052,4.4014556500746105,P
producer_payments_localized,0.5,0.63,0.03966601403388109,0.30758180810142877,4.128849891466129,4.409468784441099,P
producer_payments_localized,0.5,0.64,0.04007392921794706,0.30798972328549473,4.136375612749148,4.417505994305876,P
producer_payments_localized,0.5,0.65,0.040481581683124546,0.3083973757506722,4.143923945095653,4.425567352003887,P
producer_payments_localized,0.5,0.66,0.040888969850480794,0.30880476391802847,4.151494956440687,4.433652930087406,P
producer_payments_localized,0.5,0.67,0.041296092145507446,0.3092118862130551,4.159088714923402,4.441762801326688,P
producer_payments_localized,0.5,0.68,0.0417029469981417,0.3096187410656894,4.166705288887675,4.44989703871063,P
producer_payments_localized,0.5,0.6900000000000001,0.0421095328427879,0.3100253269103356,4.174344746882724,4.458055715447425,P
producer_payments_localized,0.5,0.7000000000000001,0.042515848118339916,0.3104316421858876,4.182007157663723,4.466238904965216,P
producer_payments_localized,0.5,0.71,0.04292189126820195,0.3108376853357496,4.189692590192421,4.4744466809127665,P
producer_payments_localized,0.5,0.72,0.043327660740310026,0.3112434548078577,4.197401113637761,4.482679117160113,P
producer_payments_localized,0.5,0.73,0.04373315498715319,0.31164894905470086,4.205132797376508,4.490936287799239,P
producer_payments_localized,0.5,0.74,0.04413837246579416,0.31205416653334184,4.212887710993865,4.499218267144735,P
producer_payments_localized,0.5,0.75,0.04454331163789077,0.31245910570543844,4.22066592428411,4.507525129734472,P
producer_payments_localized,0.5,0.76,0.04494797096971587,0.31286376503726354,4.228467507251213,4.515856950330268,P
producer_payments_localized,0.5,0.77,0.04535234893217838,0.31326814299972605,4.236292530109473,4.524213803918565,P
producer_payments_localized,0.5,0.78,0.04575644400084339,0.31367223806839106,4.244141063284152,4.532595765711103,P
producer_payments_localized,0.5,0.79,0.04616025465595264,0.3140760487235003,4.252013177412098,4.541002911145594,P
producer_payments_localized,0.5,0.8,0.04656377938244399,0.31447957344999167,4.259908943342393,4.549435315886403,P
producer_payments_localized,0.5,0.81,0.04696701666997183,0.3148828107375195,4.267828432136983,4.55789305582523,P
producer_payments_localized,0.5,0.8200000000000001,0.04736996501292651,0.3152857590804742,4.275771715071321,4.566376207081793,P
producer_payments_localized,0.5,0.8300000000000001,0.04777262291045403,0.3156884169780017,4.283738863635006,4.574884846004506,P
producer_payments_localized,0.5,0.84,0.0481749888664752,0.3160907829340229,4.29172994953243,4.583419049171182,P
producer_payments_localized,0.5,0.85,0.048577061389705245,0.3164928554572529,4.29974504468342,4.591978893389705,P
producer_payments_localized,0.5,0.86,0.04897883899367228,0.31689463306121995,4.307784221223885,4.600564455698731,P
producer_payments_localized,0.5,0.87,0.049380320196737104,0.3172961142642848,4.315847551506472,4.609175813368379,P
producer_payments_localized,0.5,0.88,0.04978150352211097,0.31769729758965864,4.323935108101202,4.617813043900924,P
producer_payments_localized,0.5,0.89,0.05018238749787485,0.3180981815654225,4.332046963796145,4.626476225031502,P
producer_payments_localized,0.5,0.9,0.05058297065699746,0.31849876472454514,4.340183191598052,4.6351654347287985,P
producer_payments_localized,0.5,0.91,0.05098325153735378,0.31889904560490145,4.348343864733033,4.6438807511957645,P
producer_payments_localized,0.5,0.92,0.051383228681743,0.3192990227492907,4.356529056647195,4.6526222528703,P
producer_payments_localized,0.5,0.93,0.051782900637906415,0.3196986947054541,4.364738841007327,4.661390018425986,P
producer_payments_localized,0.5,0.9400000000000001,0.05218226595854536,0.32009806002609303,4.372973291701539,4.670184126772767,P
producer_payments_localized,0.5,0.9500000000000001,0.05258132320133868,0.32049711726888636,4.3812324828399465,4.679004657057681,P
producer_payments_localized,0.5,0.96,0.0529800709289599,0.3208958649965076,4.389516488755322,4.687851688665557,P
producer_payments_localized,0.5,0.97,0.05337850770909519,0.32129430177664287,4.397825384003777,4.6967253012197405,P
producer_payments_localized,0.5,0.98,0.05377663211445988,0.32169242618200755,4.4061592433654235,4.705625574582803,P
producer_payments_localized,0.5,0.99,0.05417444272281535,0.322090236790363,4.414518141845053,4.714552588857268,P
producer_payments_localized,0.5,1.0,0.05457193811698635,0.322487732184534,4.422902154672807,4.72350642438632,P
producer_payments_localized,0.5,1.01,0.054969116884877045,0.3228849109524247,4.4313113573048595,4.732487161754544,P
producer_payments_localized,0.5,1.02,0.055365977619487805,0.3232817716870355,4.4397458254240885,4.741494881788633,P
producer_payments_localized,0.5,1.03,0.05576251891893125,0.3236783129864789,4.448205634940767,4.750529665558131,P
producer_payments_localized,0.5,1.04,0.056158739386448386,0.32407453345399606,4.456690861993234,4.759591594376149,P
producer_payments_localized,0.5,1.05,0.05655463763042484,0.3244704316979725,4.465201582948594,4.768680749800112,P
producer_payments_localized,0.5,1.06,0.056950212264406275,0.32486600633195395,4.473737874403391,4.777797213632478,P
producer_payments_localized,0.5,1.07,0.05734546190711398,0.32526125597466166,4.482299813184307,4.786941067921483,P
producer_payments_localized,0.5,1.08,0.05774038518246072,0.3256561792500084,4.490887476348846,4.796112394961877,P
producer_payments_localized,0.5,1.09,0.05813498071956552,0.3260507747871132,4.499500941186037,4.805311277295666,P
producer_payments_localized,0.5,1.1,0.14758106544170035,0.41549685950924803,7.960411786345649,8.501444277676061,L
producer_payments_localized,0.5,1.11,0.14785850989793725,0.4157743039654849,7.9794494525968025,8.521775846337972,L
producer_payments_localized,0.5,1.12,0.14813546126513644,0.4160512553326841,7.998544317601941,8.54216850128949,L
producer_payments_localized,0.5,1.1300000000000001,0.1484119196136881,0.4163277136812358,8.017696553214979,8.562622426064642,L
producer_payments_localized,0.5,1.1400000000000001,0.14868788501816088,0.41660367908570856,8.036906331806165,8.583137804748896,L
producer_payments_localized,0.5,1.1500000000000001,0.1489633575572868,0.41687915162483447,8.056173826263638,8.603714821980793,L
producer_payments_localized,0.5,1.16,0.14923833731394448,0.41715413138149215,8.075499209994975,8.624353662953629,L
producer_payments_localized,0.5,1.17,0.14951282437514335,0.417428618442691,8.094882656928766,8.645054513417115,L
producer_payments_localized,0.5,1.18,0.14978681883200767,0.41770261289955535,8.114324341516157,8.66581755967904,L
producer_payments_localized,0.5,1.19,0.15006032077976056,0.41797611484730823,8.133824438732447,8.686642988606962,L
producer_payments_localized,0.5,1.2,0.15033333031770768,0.41824912438525536,8.153383124078639,8.707530987629886,L
positive_access_infrastructure_complementarity,0.5,0.0,-0.3061308357315036,-0.03821504166395595,1.6240371096711501,1.7344154251454285,0
positive_access_infrastructure_complementarity,0.5,0.01,-0.3061308357315036,-0.03821504166395595,1.6240371096711501,1.7344154251454285,0
positive_access_infrastructure_complementarity,0.5,0.02,-0.3061308357315036,-0.03821504166395595,1.6240371096711501,1.7344154251454285,0
positive_access_infrastructure_complementarity,0.5,0.03,-0.3061308357315036,-0.03821504166395595,1.6240371096711501,1.7344154251454285,0
positive_access_infrastructure_complementarity,0.5,0.04,-0.3061308357315036,-0.03821504166395595,1.6240371096711501,1.7344154251454285,0
positive_access_infrastructure_complementarity,0.5,0.05,-0.3061308357315036,-0.03821504166395595,1.6240371096711501,1.7344154251454285,0
positive_access_infrastructure_complementarity,0.5,0.06,-0.3061308357315036,-0.03821504166395595,1.6240371096711501,1.7344154251454285,0
positive_access_infrastructure_complementarity,0.5,0.07,-0.3061308357315036,-0.03821504166395595,1.6240371096711501,1.7344154251454285,0
positive_access_infrastructure_complementarity,0.5,0.08,-0.3061308357315036,-0.03821504166395595,1.6240371096711501,1.7344154251454285,0
positive_access_infrastructure_complementarity,0.5,0.09,-0.3061308357315036,-0.03821504166395595,1.6240371096711501,1.7344154251454285,0
positive_access_infrastructure_complementarity,0.5,0.1,-0.3061308357315036,-0.03821504166395595,1.6240371096711501,1.7344154251454285,0
positive_access_infrastructure_complementarity,0.5,0.11,0.019489312553977456,0.28740510662152513,3.3278178207936002,3.5539942567119027,P
positive_access_infrastructure_complementarity,0.5,0.12,0.02352357570824093,0.2914393697757886,3.338071234541356,3.564944547723483,P
positive_access_infrastructure_complementarity,0.5,0.13,0.027575670059513113,0.2954914641270608,3.348386353702722,3.5759607379811733,P
positive_access_infrastructure_complementarity,0.5,0.14,0.03164557364267939,0.29956136771022707,3.3587635496231045,3.5870432240690144,P
positive_access_infrastructure_complementarity,0.5,0.15,0.03573326385951292,0.3036490579270606,3.3692031958826747,3.598192404957699,P
positive_access_infrastructure_complementarity,0.5,0.16,0.03983871748053902,0.3077545115480867,3.3797056683098265,3.609408682018945,P
positive_access_infrastructure_complementarity,0.5,0.17,0.04396191064696703,0.3118777047145147,3.390271344994703,3.620692459039939,P
positive_access_infrastructure_complementarity,0.5,0.18,0.048102818872690245,0.3160186129402379,3.4009006063028027,3.6320441422378695,P
positive_access_infrastructure_complementarity,0.5,0.19,0.052261417046350345,0.320177211113898,3.4115938348886834,3.6434641402745602,P
positive_access_infrastructure_complementarity,0.5,0.2,0.056437679433469334,0.324353473501017,3.4223514157097297,3.654952864271175,P
positive_access_infrastructure_complementarity,0.5,0.21,0.06063157967864746,0.32854737374619514,3.4331737360400103,3.666510727823015,P
positive_access_infrastructure_complementarity,0.5,0.22,0.06484309080782547,0.33275888487537314,3.444061185484228,3.6781381470144185,P
positive_access_infrastructure_complementarity,0.5,0.23,0.06907218523061248,0.33698797929816016,3.4550141559917362,3.68983554043373,P
positive_access_infrastructure_complementarity,0.5,0.24,0.0733188347426787,0.34123462881022637,3.466033041870659,3.7016033291883788,P
positive_access_infrastructure_complementarity,0.5,0.25,0.07758301052821198,0.34549880459575966,3.4771182398020763,3.7134419369200296,P
positive_access_infrastructure_complementarity,0.5,0.26,0.08186468316243789,0.34978047722998556,3.4882701488543115,3.7253517898198396,P
positive_access_infrastructure_complementarity,0.5,0.27,0.08616382261420336,0.35407961668175103,3.499489170497295,3.737333316643799,P
positive_access_infrastructure_complementarity,0.5,0.28,0.09048039824862336,0.35839619231617104,3.5107757086170164,3.7493869487281675,P
positive_access_infrastructure_complementarity,0.5,0.29,0.09481437882978899,0.36273017289733667,3.5221301695300684,3.7615131200050023,P
positive_access_infrastructure_complementarity,0.5,0.3,0.099165732523539,0.36708152659108667,3.5335529619982706,3.77371226701778,P
positive_access_infrastructure_complementarity,0.5,0.31,0.10353442690029085,0.37145022096783853,3.5450444972433828,3.7859848289371074,P
positive_access_infrastructure_complementarity,0.5,0.32,0.10792042893793358,0.37583622300548125,3.556605188961917,3.7983312475765416,P
positive_access_infrastructure_complementarity,0.5,0.33,0.11232370502478173,0.3802394990923294,3.5682354533400247,3.810751967408488,P
positive_access_infrastructure_complementarity,0.5,0.34,0.11674422096258685,0.38466001503013453,3.579935709068477,3.8232474355801997,P
positive_access_infrastructure_complementarity,0.5,0.35000000000000003,0.12118194196961052,0.3890977360371582,3.5917063773577453,3.8358181019298807,P
positive_access_infrastructure_complementarity,0.5,0.36,0.12563683268375486,0.39355262675130254,3.6035478819531583,3.8484644190028776,P
positive_access_infrastructure_complementarity,0.5,0.37,0.1301088571657515,0.39802465123329916,3.6154606491501613,3.8611868420679714,P
positive_access_infrastructure_complementarity,0.5,0.38,0.13459797890240732,0.402513772969955,3.6274451078096592,3.873985829133766,P
positive_access_infrastructure_complementarity,0.5,0.39,0.13910416080990873,0.4070199548774564,3.6395016893734593,3.8868618409651785,P
positive_access_infrastructure_complementarity,0.5,0.4,0.14362736523718062,0.4115431593047283,3.651630827879798,3.8998153411000236,P
positive_access_infrastructure_complementarity,0.5,0.41000000000000003,0.1481675539693021,0.41608334803684976,3.6638329599789734,3.912846795865708,P
positive_access_infrastructure_complementarity,0.5,0.42,0.1527246882309765,0.4206404822985242,3.676108524949058,3.925956674396009,P
positive_access_infrastructure_complementarity,0.5,0.43,0.15729872869005745,0.42521452275760513,3.688457964711716,3.9391454486479685,P
positive_access_infrastructure_complementarity,0.5,0.44,0.16188963546112645,0.4298054295286741,3.7008817238481138,3.9524135934188864,P
positive_access_infrastructure_complementarity,0.5,0.45,0.16649736810912558,0.43441316217667325,3.713380249614921,3.965761586363406,P
positive_access_infrastructure_complementarity,0.5,0.46,0.17112188565304176,0.43903767972058944,3.725953991960416,3.9791899080107154,P
positive_access_infrastructure_complementarity,0.5,0.47000000000000003,0.1757631465696432,0.4436789406371909,3.7386034035406803,3.9926990417818433,P
positive_access_infrastructure_complementarity,0.5,0.48,0.1804211087972672,0.44833690286481487,3.751328939735898,4.006289474007065,P
positive_access_infrastructure_complementarity,0.5,0.49,0.18509572973965843,0.4530115238072061,3.7641310586667442,4.019961693943408,P
positive_access_infrastructure_complementarity,0.5,0.5,0.18978696626985564,0.4577027603374033,3.7770102212108863,4.0337161937922685,P
positive_access_infrastructure_complementarity,0.5,0.51,0.19449477473413063,0.4624105688016783,3.789966891019564,4.0475534687171235,P
positive_access_infrastructure_complementarity,0.5,0.52,0.19921911095597172,0.4671349050235194,3.8030015345342916,4.061474016861367,P
positive_access_infrastructure_complementarity,0.5,0.53,0.20395993024011833,0.471875724307666,3.8161146210036434,4.075478339366236,P
positive_access_infrastructure_complementarity,0.5,0.54,0.20871718737664008,0.47663298144418775,3.829306622500147,4.089566940388851,P
positive_access_infrastructure_complementarity,0.5,0.55,0.4102563766472395,0.6781721707147872,7.960411786345649,8.501444277676061,L
positive_access_infrastructure_complementarity,0.5,0.56,0.415913488968419,0.6838292830359667,7.998544317601941,8.54216850128949,L
positive_access_infrastructure_complementarity,0.5,0.5700000000000001,0.4215791174679597,0.6894949115355073,8.036906331806165,8.583137804748896,L
positive_access_infrastructure_complementarity,0.5,0.58,0.42725320085748103,0.6951689949250287,8.075499209994975,8.624353662953629,L
positive_access_infrastructure_complementarity,0.5,0.59,0.4329356779819777,0.7008514720495254,8.114324341516157,8.66581755967904,L
positive_access_infrastructure_complementarity,0.5,0.6,0.43862648782247254,0.7065422818900202,8.153383124078639,8.707530987629886,L
positive_access_infrastructure_complementarity,0.5,0.61,0.44432556949863616,0.7122413635661838,8.192676963802807,8.749495448494077,L
positive_access_infrastructure_complementarity,0.5,0.62,0.45003286227137057,0.7179486563389182,8.23220727527114,8.791712452996741,L
positive_access_infrastructure_complementarity,0.5,0.63,0.4557483055453581,0.7236640996129058,8.271975481579116,8.834183520954594,L
positive_access_infrastructure_complementarity,0.5,0.64,0.4614718388715748,0.7293876329391225,8.311983014386458,8.876910181330672,L
positive_access_infrastructure_complementarity,0.5,0.65,0.46720340194976934,0.735119196017317,8.352231313968671,8.919893972289366,L
positive_access_infrastructure_complementarity,0.5,0.66,0.47294293463090614,0.7408587286984538,8.392721829268883,8.963136441251786,L
positive_access_infrastructure_complementarity,0.5,0.67,0.4786903769195738,0.7466061709871215,8.43345601795002,9.00663914495149,L
positive_access_infrastructure_complementarity,0.5,0.68,0.4844456689763588,0.7523614630439065,8.474435346447274,9.05040364949051,L
positive_access_infrastructure_complementarity,0.5,0.6900000000000001,0.49020875112018397,0.7581245451877316,8.515661290020894,9.094431530395731,L
positive_access_infrastructure_complementarity,0.5,0.7000000000000001,0.49597956383061254,0.7638953578981602,8.557135332809306,9.138724372675627,L
positive_access_infrastructure_complementarity,0.5,0.71,0.5017580477501162,0.7696738418176639,8.598858967882522,9.183283770877297,L
positive_access_infrastructure_complementarity,0.5,0.72,0.5075441436863111,0.7754599377538587,8.64083369729592,9.228111329143896,L
positive_access_infrastructure_complementarity,0.5,0.73,0.5133377926141556,0.7812535866817032,8.683061032144284,9.273208661272356,L
positive_access_infrastructure_complementarity,0.5,0.74,0.5191389356781151,0.7870547297456627,8.725542492616235,9.318577390771509,L
positive_access_infrastructure_complementarity,0.5,0.75,0.5249475141942954,0.792863308261843,8.768279608048934,9.364219150920514,L
positive_access_infrastructure_complementarity,0.5,0.76,0.5307634696525352,0.7986792637200828,8.811273916983152,9.410135584827666,L
positive_access_infrastructure_complementarity,0.5,0.77,0.5365867437184706,0.8045025377860182,8.854526967218657,9.456328345489545,L
positive_access_infrastructure_complementarity,0.5,0.78,0.5424172782355612,0.8103330723031088,8.89804031586993,9.502799095850525,L
positive_access_infrastructure_complementarity,0.5,0.79,0.548255015227084,0.8161708092946316,8.941815529422218,9.54954950886264,L
positive_access_infrastructure_complementarity,0.5,0.8,0.5540998968980932,0.8220156909656409,8.985854183787938,9.596581267545801,L
positive_access_infrastructure_complementarity,0.5,0.81,0.5599518656373461,0.8278676597048937,9.030157864363403,9.643896065048404,L
positive_access_infrastructure_complementarity,0.5,0.8200000000000001,0.5658108640191932,0.8337266580867408,9.0747281660859,9.691495604708267,L
positive_access_infrastructure_complementarity,0.5,0.8300000000000001,0.5716768348054386,0.8395926288729862,9.119566693491103,9.739381600113964,L
positive_access_infrastructure_complementarity,0.5,0.84,0.5775497209471627,0.8454655150147103,9.16467506077084,9.787555775166492,L
positive_access_infrastructure_complementarity,0.5,0.85,0.5834294655865153,0.8513452596540629,9.21005489183121,9.836019864141365,L
positive_access_infrastructure_complementarity,0.5,0.86,0.5893160120584711,0.8572318061260187,9.255707820351024,9.884775611751012,L
positive_access_infrastructure_complementarity,0.5,0.87,0.5952093038925577,0.8631250979601053,9.301635489840647,9.93382477320762,L
positive_access_infrastructure_complementarity,0.5,0.88,0.6011092848145432,0.8690250788820908,9.347839553701137,9.983169114286294,L
positive_access_infrastructure_complementarity,0.5,0.89,0.6070158987481002,0.8749316928156479,9.394321675283782,10.032810411388644,L
positive_access_infrastructure_complementarity,0.5,0.9,0.6129290898164268,0.8808448838839744,9.441083527949985,10.08275045160673,L
positive_access_infrastructure_complementarity,0.5,0.91,0.6188488023438445,0.8867645964113922,9.488126795131484,10.132991032787384,L
positive_access_infrastructure_complementarity,0.5,0.92,0.6247749808573564,0.892690774924904,9.535453170390984,10.183533963596963,L
positive_access_infrastructure_complementarity,0.5,0.93,0.6307075700881783,0.898623364155726,9.583064357483105,10.234381063586433,L
positive_access_infrastructure_complementarity,0.5,0.9400000000000001,0.6366465149732334,0.904562309040781,9.63096207041572,10.285534163256882,L
positive_access_infrastructure_complementarity,0.5,0.9500000000000001,0.6425917606566203,0.9105075547241679,9.679148033511675,10.336995104125428,L
positive_access_infrastructure_complementarity,0.5,0.96,0.6485432524910419,0.9164590465585896,9.727623981470838,10.388765738791495,L
positive_access_infrastructure_complementarity,0.5,0.97,0.6545009360392122,0.9224167301067598,9.776391659432576,10.440847931003526,L
positive_access_infrastructure_complementarity,0.5,0.98,0.6604647570752207,0.9283805511427683,9.82545282303856,10.493243555726062,L
positive_access_infrastructure_complementarity,0.5,0.99,0.6664346615858765,0.9343504556534241,9.874809238495978,10.545954499207252,L
positive_access_infrastructure_complementarity,0.5,1.0,0.6724105957720121,0.9403263898395597,9.924462682641119,10.598982659046758,L
positive_access_infrastructure_complementarity,0.5,1.01,0.6783925060497635,0.9463083001173112,9.974414943003334,10.652329944264057,L
positive_access_infrastructure_complementarity,0.5,1.02,0.6843803390518133,0.9522961331193609,10.02466781786939,10.70599827536718,L
positive_access_infrastructure_complementarity,0.5,1.03,0.6903740416286095,0.9582898356961571,10.075223116348214,10.759989584421847,L
positive_access_infrastructure_complementarity,0.5,1.04,0.6963735608495478,0.9642893549170954,10.126082658436005,10.814305815121008,L
positive_access_infrastructure_complementarity,0.5,1.05,0.7023788440041301,0.9702946380716777,10.177248275081775,10.868948922854841,L
positive_access_infrastructure_complementarity,0.5,1.06,0.7083898386030862,0.9763056326706339,10.228721808253244,10.923920874781118,L
positive_access_infrastructure_complementarity,0.5,1.07,0.7144064923794726,0.9823222864470202,10.280505111003173,10.979223649896051,L
positive_access_infrastructure_complementarity,0.5,1.08,0.720428753289736,0.9883445473572836,10.332600047536047,11.034859239105517,L
positive_access_infrastructure_complementarity,0.5,1.09,0.7264565695147516,0.9943723635822992,10.385008493275212,11.090829645296733,L
positive_access_infrastructure_complementarity,0.5,1.1,0.7324898894608289,1.0004056835283766,10.43773233493037,11.147136883410367,L
positive_access_infrastructure_complementarity,0.5,1.11,0.738528661760693,1.0064444558282406,10.49077347056552,11.203782980513076,L
positive_access_infrastructure_complementarity,0.5,1.12,0.7445728352744301,1.0124886293419777,10.54413380966727,11.26076997587047,L
positive_access_infrastructure_complementarity,0.5,1.1300000000000001,0.7506223590904133,1.018538153157961,10.597815273213591,11.318099921020538,L
positive_access_infrastructure_complementarity,0.5,1.1400000000000001,0.756677182526192,1.0245929765937396,10.65181979374297,11.375774879847496,L
positive_access_infrastructure_complementarity,0.5,1.1500000000000001,0.7627372551293596,1.0306530491969073,10.706149315423977,11.433796928656093,L
positive_access_infrastructure_complementarity,0.5,1.16,0.7688025266783873,1.036718320745935,10.760805794125258,11.492168156246349,L
positive_access_infrastructure_complementarity,0.5,1.17,0.7748729471834368,1.0427887412509844,10.815791197485954,11.550890663988763,L
positive_access_infrastructure_complementarity,0.5,1.18,0.7809484668871394,1.048864260954687,10.87110750498652,11.609966565899958,L
positive_access_infrastructure_complementarity,0.5,1.19,0.7870290362653518,1.0549448303328994,10.926756708020005,11.66939798871878,L
positive_access_infrastructure_complementarity,0.5,1.2,0.7931146060278833,1.061030400095431,10.982740809963724,11.72918707198287,L
partial_platform_localization,0.5,0.0,-0.3061308357315036,-0.03821504166395595,1.6240371096711501,1.7344154251454285,0
partial_platform_localization,0.5,0.01,-0.3061308357315036,-0.03821504166395595,1.6240371096711501,1.7344154251454285,0
partial_platform_localization,0.5,0.02,-0.3061308357315036,-0.03821504166395595,1.6240371096711501,1.7344154251454285,0
partial_platform_localization,0.5,0.03,-0.3061308357315036,-0.03821504166395595,1.6240371096711501,1.7344154251454285,0
partial_platform_localization,0.5,0.04,-0.3061308357315036,-0.03821504166395595,1.6240371096711501,1.7344154251454285,0
partial_platform_localization,0.5,0.05,-0.3061308357315036,-0.03821504166395595,1.6240371096711501,1.7344154251454285,0
partial_platform_localization,0.5,0.06,-0.3061308357315036,-0.03821504166395595,1.6240371096711501,1.7344154251454285,0
partial_platform_localization,0.5,0.07,-0.3061308357315036,-0.03821504166395595,1.6240371096711501,1.7344154251454285,0
partial_platform_localization,0.5,0.08,-0.3061308357315036,-0.03821504166395595,1.6240371096711501,1.7344154251454285,0
partial_platform_localization,0.5,0.09,-0.3061308357315036,-0.03821504166395595,1.6240371096711501,1.7344154251454285,0
partial_platform_localization,0.5,0.1,-0.3061308357315036,-0.03821504166395595,1.6240371096711501,1.7344154251454285,0
partial_platform_localization,0.5,0.11,-0.3061308357315036,-0.03821504166395595,1.6240371096711501,1.7344154251454285,0
partial_platform_localization,0.5,0.12,-0.3061308357315036,-0.03821504166395595,1.6240371096711501,1.7344154251454285,0
partial_platform_localization,0.5,0.13,-0.3061308357315036,-0.03821504166395595,1.6240371096711501,1.7344154251454285,0
partial_platform_localization,0.5,0.14,-0.3061308357315036,-0.03821504166395595,1.6240371096711501,1.7344154251454285,0
partial_platform_localization,0.5,0.15,-0.3061308357315036,-0.03821504166395595,1.6240371096711501,1.7344154251454285,0
partial_platform_localization,0.5,0.16,-0.3061308357315036,-0.03821504166395595,1.6240371096711501,1.7344154251454285,0
partial_platform_localization,0.5,0.17,-0.3061308357315036,-0.03821504166395595,1.6240371096711501,1.7344154251454285,0
partial_platform_localization,0.5,0.18,-0.3061308357315036,-0.03821504166395595,1.6240371096711501,1.7344154251454285,0
partial_platform_localization,0.5,0.19,-0.3061308357315036,-0.03821504166395595,1.6240371096711501,1.7344154251454285,0
partial_platform_localization,0.5,0.2,-0.3061308357315036,-0.03821504166395595,1.6240371096711501,1.7344154251454285,0
partial_platform_localization,0.5,0.21,-0.3061308357315036,-0.03821504166395595,1.6240371096711501,1.7344154251454285,0
partial_platform_localization,0.5,0.22,0.005537678466269513,0.2734534725338172,3.583384927461969,3.826931081446875,P
partial_platform_localization,0.5,0.23,0.005961375469448971,0.27387716953699665,3.589271796804203,3.8332180541596195,P
partial_platform_localization,0.5,0.24,0.0063849516595386735,0.27430074572708635,3.5951763532718872,3.839523916110192,P
partial_platform_localization,0.5,0.25,0.0068084051829335746,0.27472419925048125,3.6010986500060684,3.8458487240513923,P
partial_platform_localization,0.5,0.26,0.007231734188205663,0.27514752825575334,3.607038740307458,3.8521925349065356,P
partial_platform_localization,0.5,0.27,0.007654936826135994,0.27557073089368367,3.6129966776369096,3.8585554057699625,P
partial_platform_localization,0.5,0.28,0.00807801124974672,0.2759938053172944,3.618972515615897,3.8649373939075513,P
partial_platform_localization,0.5,0.29,0.008500955614332117,0.2764167496818798,3.6249663080270054,3.871338556757242,P
partial_platform_localization,0.5,0.3,0.008923768077490957,0.27683956214503863,3.630978108814403,3.8777589519295392,P
partial_platform_localization,0.5,0.31,0.009346446799157582,0.27726224086670526,3.6370079720843407,3.8841986372080455,P
partial_platform_localization,0.5,0.32,0.009768989941633499,0.2776847840091812,3.6430559521056285,3.890657670549973,P
partial_platform_localization,0.5,0.33,0.010191395669618797,0.27810718973716647,3.649122103310126,3.8971361100866626,P
partial_platform_localization,0.5,0.34,0.010613662150243397,0.27852945621779107,3.6552064802932356,3.903634014124115,P
partial_platform_localization,0.5,0.35000000000000003,0.011035787553098253,0.2789515816206459,3.6613091378143907,3.9101514411435105,P
partial_platform_localization,0.5,0.36,0.01145777005026638,0.27937356411781405,3.667430130797551,3.916688449801736,P
partial_platform_localization,0.5,0.37,0.011879607816354165,0.27979540188390184,3.6735695143316947,3.9232450989319143,P
partial_platform_localization,0.5,0.38,0.012301299028521617,0.2802170930960693,3.6797273436713147,3.9298214475439317,P
partial_platform_localization,0.5,0.39,0.012722841866514123,0.2806386359340618,3.6859036742369162,3.9364175548249687,P
partial_platform_localization,0.5,0.4,0.01314423451269231,0.28106002858024,3.6920985616155164,3.9430334801400364,P
partial_platform_localization,0.5,0.41000000000000003,0.013565475152063244,0.2814812692196109,3.698312061561144,3.9496692830325077,P
partial_platform_localization,0.5,0.42,0.013986561972310518,0.2819023560398582,3.7045442299953386,3.956325023224652,P
partial_platform_localization,0.5,0.43,0.014407493163825058,0.28232328723137273,3.710795123007662,3.9630007606181787,P
partial_platform_localization,0.5,0.44,0.014828266919735433,0.2827440609872831,3.7170647968561887,3.969696555294766,P
partial_platform_localization,0.5,0.45,0.01524888143593739,0.28316467550348506,3.7233533079680297,3.976412467516614,P
partial_platform_localization,0.5,0.46,0.01566933491112532,0.283585128978673,3.7296607129398245,3.9831485577269756,P
partial_platform_localization,0.5,0.47000000000000003,0.016089625546820863,0.28400541961436854,3.735987068538262,3.98990488655071,P
partial_platform_localization,0.5,0.48,0.01650975154740375,0.2844255456149514,3.7423324317005853,3.9966815147948216,P
partial_platform_localization,0.5,0.49,0.01692971112014119,0.28484550518768886,3.7486968595351056,4.003478503449011,P
partial_platform_localization,0.5,0.5,0.01734950247521777,0.28526529654276545,3.755080409321716,4.010295913686221,P
partial_platform_localization,0.5,0.51,0.01776912382576501,0.2856849178933127,3.7614831385124066,4.017133806863188,P
partial_platform_localization,0.5,0.52,0.01818857338789076,0.28610436745543844,3.7679051047317866,4.023992244521002,P
partial_platform_localization,0.5,0.53,0.018607849380708585,0.28652364344825626,3.7743463657775917,4.030871288385643,P
partial_platform_localization,0.5,0.54,0.019026950026367118,0.2869427440939148,3.7808069796212167,4.037771000368555,P
partial_platform_localization,0.5,0.55,0.019445873550079373,0.28736166761762705,3.78728700440823,4.044691442567191,P
partial_platform_localization,0.5,0.56,0.019864618180151228,0.2877804122476989,3.793786498458897,4.051632677265579,P
partial_platform_localization,0.5,0.5700000000000001,0.02028318214801106,0.28819897621555873,3.8003055202687093,4.058594766934877,P
partial_platform_localization,0.5,0.58,0.020701563688238056,0.28861735775578573,3.8068441285089065,4.0655777742339385,P
partial_platform_localization,0.5,0.59,0.02111976103859109,0.28903555510613876,3.8134023820270078,4.072581762009879,P
partial_platform_localization,0.5,0.6,0.02153777244003735,0.289453566507585,3.819980339847338,4.079606793298632,P
partial_platform_localization,0.5,0.61,0.021955596136780664,0.28987139020432834,3.8265780611715634,4.08665293132553,P
partial_platform_localization,0.5,0.62,0.022373230376290076,0.29028902444383775,3.8331956053792187,4.093720239505861,P
partial_platform_localization,0.5,0.63,0.022790673409327777,0.29070646747687545,3.8398330320282463,4.100808781445444,P
partial_platform_localization,0.5,0.64,0.023207923489977356,0.29112371755752503,3.8464904008555325,4.107918620941209,P
partial_platform_localization,0.5,0.65,0.02362497887567211,0.2915407729432198,3.853167771777442,4.115049821981758,P
partial_platform_localization,0.5,0.66,0.02404183782722208,0.29195763189476975,3.8598652048903555,4.122202448747947,P
partial_platform_localization,0.5,0.67,0.024458498608842805,0.2923742926763905,3.866582760471218,4.129376565613465,P
partial_platform_localization,0.5,0.68,0.02487495948818208,0.29279075355572975,3.8733204989780763,4.136572237145415,P
partial_platform_localization,0.5,0.6900000000000001,0.025291218736348098,0.2932070128038958,3.88007848105062,4.143789528104887,P
partial_platform_localization,0.5,0.7000000000000001,0.025707274627936372,0.29362306869548405,3.8868567675107344,4.151028503447549,P
partial_platform_localization,0.5,0.71,0.026123125441057105,0.2940389195086048,3.8936554193630433,4.158289228324227,P
partial_platform_localization,0.5,0.72,0.026538769457362554,0.29445456352491023,3.9004744977954595,4.165571768081495,P
partial_platform_localization,0.5,0.73,0.026954204962073625,0.2948699990296213,3.9073140641797357,4.172876188262261,P
partial_platform_localization,0.5,0.74,0.027369430244006787,0.29528522431155446,3.914174180072013,4.180202554606353,P
partial_platform_localization,0.5,0.75,0.02778444359560145,0.2957002376631491,3.921054907213384,4.187550933051121,P
partial_platform_localization,0.5,0.76,0.028199243312945488,0.29611503738049316,3.9279563075304362,4.194921389732017,P
partial_platform_localization,0.5,0.77,0.028613827695802452,0.2965296217633501,3.9348784431358212,4.202313990983203,P
partial_platform_localization,0.5,0.78,0.029028195047637817,0.2969439891151855,3.9418213763288055,4.209728803338141,P
partial_platform_localization,0.5,0.79,0.029442343675644855,0.29735813774319253,3.948785169595835,4.217165893530191,P
partial_platform_localization,0.5,0.8,0.029856271890771224,0.2977720659583189,3.955769885611095,4.224625328493213,P
partial_platform_localization,0.5,0.81,0.03026997800774439,0.29818577207529207,3.9627755872370782,4.2321071753621755,P
partial_platform_localization,0.5,0.8200000000000001,0.030683460345097557,0.29859925441264523,3.9698023375251474,4.2396115014737505,P
partial_platform_localization,0.5,0.8300000000000001,0.031096717225195747,0.2990125112927434,3.9768501997161,4.247138374366921,P
partial_platform_localization,0.5,0.84,0.03150974697426062,0.2994255410418083,3.9839192372407437,4.254687861783595,P
partial_platform_localization,0.5,0.85,0.031922547922396516,0.2998383419899442,3.9910095137204658,4.262260031669212,P
partial_platform_localization,0.5,0.86,0.03233511840361525,0.3002509124711629,3.9981210929678004,4.2698549521733495,P
partial_platform_localization,0.5,0.87,0.03274745675586149,0.30066325082340917,4.005254038987012,4.277472691650346,P
partial_platform_localization,0.5,0.88,0.03315956132103759,0.30107535538858526,4.012408415974658,4.285113318659905,P
partial_platform_localization,0.5,0.89,0.033571430445028416,0.3014872245125761,4.019584288320184,4.2927769019677235,P
partial_platform_localization,0.5,0.9,0.0339830624777262,0.3018988565452739,4.026781720606486,4.300463510546102,P
partial_platform_localization,0.5,0.91,0.03439445577305489,0.30231024984060256,4.034000777610507,4.308173213574571,P
partial_platform_localization,0.5,0.92,0.03480560868899457,0.30272140275654225,4.041241524303805,4.315906080440508,P
partial_platform_localization,0.5,0.93,0.03521651958760591,0.3031323136551536,4.048504025853152,4.323662180739768,P
partial_platform_localization,0.5,0.9400000000000001,0.035627186835054114,0.3035429809026018,4.055788347621109,4.331441584277305,P
partial_platform_localization,0.5,0.9500000000000001,0.036037608801632925,0.3039534028691806,4.063094555166623,4.339244361067805,P
partial_platform_localization,0.5,0.96,0.03644778386178843,0.3043635779293361,4.070422714245609,4.34707058133631,P
partial_platform_localization,0.5,0.97,0.03685771039414287,0.30477350446169055,4.077772890811551,4.354920315518858,P
partial_platform_localization,0.5,0.98,0.037267386781517975,0.30518318084906565,4.085145151016084,4.362793634263106,P
partial_platform_localization,0.5,0.99,0.03767681141095852,0.3055926054785062,4.092539561209602,4.370690608428977,P
partial_platform_localization,0.5,1.0,0.03808598267375546,0.30600177674130313,4.099956187941847,4.378611309089294,P
partial_platform_localization,0.5,1.01,0.038494898965469204,0.3064106930330169,4.107395097962508,4.3865558075304145,P
partial_platform_localization,0.5,1.02,0.0389035586859523,0.3068193527535,4.114856358221826,4.394524175252878,P
partial_platform_localization,0.5,1.03,0.03931196023937211,0.3072277543069198,4.122340035871196,4.402516483972049,P
partial_platform_localization,0.5,1.04,0.039720102034234206,0.3076358961017819,4.129846198263762,4.410532805618757,P
partial_platform_localization,0.5,1.05,0.04012798248340388,0.30804377655095155,4.137374912955043,4.418573212339956,P
partial_platform_localization,0.5,1.06,0.04053560000412931,0.308451394071677,4.144926247703517,4.426637776499357,P
partial_platform_localization,0.5,1.07,0.040942953018063,0.3088587470856107,4.15250027047125,4.434726570678092,P
partial_platform_localization,0.5,1.08,0.04135003995128467,0.30926583401883234,4.160097049424497,4.442839667675364,P
partial_platform_localization,0.5,1.09,0.04175685923432215,0.3096726533018698,4.1677166529343195,4.4509771405091,P
partial_platform_localization,0.5,1.1,0.14758106544170035,0.41549685950924803,7.960411786345649,8.501444277676061,L
partial_platform_localization,0.5,1.11,0.14785850989793725,0.4157743039654849,7.9794494525968025,8.521775846337972,L
partial_platform_localization,0.5,1.12,0.14813546126513644,0.4160512553326841,7.998544317601941,8.54216850128949,L
partial_platform_localization,0.5,1.1300000000000001,0.1484119196136881,0.4163277136812358,8.017696553214979,8.562622426064642,L
partial_platform_localization,0.5,1.1400000000000001,0.14868788501816088,0.41660367908570856,8.036906331806165,8.583137804748896,L
partial_platform_localization,0.5,1.1500000000000001,0.1489633575572868,0.41687915162483447,8.056173826263638,8.603714821980793,L
partial_platform_localization,0.5,1.16,0.14923833731394448,0.41715413138149215,8.075499209994975,8.624353662953629,L
partial_platform_localization,0.5,1.17,0.14951282437514335,0.417428618442691,8.094882656928766,8.645054513417115,L
partial_platform_localization,0.5,1.18,0.14978681883200767,0.41770261289955535,8.114324341516157,8.66581755967904,L
partial_platform_localization,0.5,1.19,0.15006032077976056,0.41797611484730823,8.133824438732447,8.686642988606962,L
partial_platform_localization,0.5,1.2,0.15033333031770768,0.41824912438525536,8.153383124078639,8.707530987629886,L
