vartheta,G,z,platform_share,nominal_income_effect,real_income_effect,nominal_income,real_income,consumer_price_index,regime
0.1,0.3260946873285365,0.0,0.21130570018256817,-0.22699900266395118,-0.15304200760005232,4.024275466254708,3.9479775954106313,1.056212955723166,P
0.1,0.3260946873285365,0.0075,0.21762293556508933,-0.23352276022137125,-0.15735473277359,4.017331562292691,3.94338460496037,1.0545155105476287,P
0.1,0.3260946873285365,0.015,0.22407537497684202,-0.23998003415214414,-0.16155365291024942,4.010204393899799,3.9386712102267376,1.0527703787522575,P
0.1,0.3260946873285365,0.0225,0.23066272352694134,-0.24635904693750466,-0.1656270937030752,4.0028971516855645,3.9338413853620753,1.0509767415547924,P
0.1,0.3260946873285365,0.03,0.2373844802577759,-0.25264779041490976,-0.16956322232468818,3.9954133912342407,3.9288994441389526,1.0491337971571602,P
0.1,0.3260946873285365,0.0375,0.24423993077188524,-0.2588340625270031,-0.17335008675684327,3.987757034836869,3.923850040724533,1.047240762797321,P
0.1,0.3260946873285365,0.045,0.2512281403081434,-0.2649055069329486,-0.17697565782509844,3.979932371799708,3.918698169127835,1.0452968768403346,P
0.1,0.3260946873285365,0.0525,0.25834794733002264,-0.2708496553496735,-0.18042787378416555,3.9719440572688405,3.913449161266132,1.0433014009019939,P
0.1,0.3260946873285365,0.06,0.2655979576890529,-0.27665397245669054,-0.18369468726552202,3.9637971095192426,3.908108683604522,1.0412536219977946,P
0.1,0.3260946873285365,0.0675,0.27297653942635997,-0.28230590316402815,-0.18676411436480217,3.955496905666279,3.9026827323316042,1.039152854709441,P
0.1,0.3260946873285365,0.075,0.28048181827432583,-0.28779292200883716,-0.18962428561282313,3.9470491757678903,3.897177627043695,1.0369984433605488,P
0.1,0.3260946873285365,0.08249999999999999,0.2881116739189399,-0.2931025844130047,-0.19226349854137573,3.9384599952970523,3.8916000029203643,1.0347897641926973,P
0.1,0.3260946873285365,0.09,0.2958637370812426,-0.2982225795020935,-0.19467027152365862,3.9297357759759635,3.885956801385033,1.0325262275325142,P
0.1,0.3260946873285365,0.0975,0.3037353874734178,-0.30314078415571544,-0.19683339854001922,3.920883254975915,3.880255259255774,1.0302072799400441,P
0.1,0.3260946873285365,0.105,0.31172375268151287,-0.307845317931574,-0.1987420044930445,3.911909482499761,3.874502896403407,1.0278324063282867,P
0.1,0.3260946873285365,0.11249999999999999,0.31982570802249355,-0.3123245984804528,-0.20038560067258004,3.902821807777162,3.86870750194609,1.0254011320434713,P
0.1,0.3260946873285365,0.12,0.328037877418331,-0.3165673970478795,-0.20175413995146366,3.893627863516141,3.862877119021897,1.0229130248953915,P
0.1,0.3260946873285365,0.1275,0.33635663532413357,-0.3205628936406109,-0.2028380712771642,3.8843355488679325,3.8570200281931615,1.0203676971269517,P
0.1,0.3260946873285365,0.135,0.34477810974097983,-0.32430073142288063,-0.2036283930135377,3.8749530109752306,3.851144729548453,1.017764807311978,P
0.1,0.3260946873285365,0.1425,0.3532981863371098,-0.327771069898965,-0.20411670468097656,3.865488625186846,3.8452599235798424,1.0151040621703415,P
0.1,0.3260946873285365,0.15,0.36191251369358296,-0.3309646364353861,-0.20429525664263207,3.855950974034017,3.8393744909243654,1.012385218289522,P
0.1,0.3260946873285365,0.1575,0.37061650968242715,-0.3338727756782432,-0.2041569972893937,3.84634882507525,3.8334974710692906,1.0096080837419046,P
0.1,0.3260946873285365,0.16499999999999998,0.37940536897679167,-0.3364874964289313,-0.2036956172870542,3.836691107727261,3.8276380401305907,1.0067725195873762,P
0.1,0.3260946873285365,0.1725,0.38827407168376277,-0.3388015155549505,-0.20290559046563356,3.826986889209297,3.8218054878229815,1.003878441251151,P
0.1,0.3260946873285365,0.18,0.39721739308137116,-0.3408082985316059,-0.20178221095312598,3.817245349736614,3.8160091937477105,1.0009258197672068,P
0.1,0.3260946873285365,0.1875,0.40622991443206613,-0.3425020962350446,-0.20032162618382143,3.80747575710614,3.810258603130975,0.9979146828782808,P
0.1,0.3260946873285365,0.195,0.41530603483561324,-0.34387797763702543,-0.19852086544456082,3.7976874408231707,3.804563202151235,0.9948451159840103,P
0.1,0.3260946873285365,0.20249999999999999,0.424439984075152,-0.3449318580867635,-0.19637786366046034,3.787889765922263,3.7989324929977104,0.9917172629295553,P
0.1,0.3260946873285365,0.21,0.4336258364011165,-0.34566052290469174,-0.19389148016430097,3.778092106638317,3.793375968805016,0.9885313266278514,P
0.1,0.3260946873285365,0.2175,0.4428575251890083,-0.3460616460565231,-0.19106151224037024,3.768303820084974,3.7879030886099723,0.9852875695095512,P
0.1,0.3260946873285365,0.22499999999999998,0.45212885839874417,-0.34613380372298663,-0.1878887032834262,3.7585342200971095,3.7825232524764223,0.9819863137956825,P
0.1,0.3260946873285365,0.23249999999999998,0.4614335347555847,-0.34587648263034676,-0.18437474546589214,3.7487925513921145,3.7772457769320122,0.9786279415890863,P
0.1,0.3260946873285365,0.24,0.47076516056560286,-0.3452900830586083,-0.1805222768606473,3.73908796420114,3.772079870857752,0.975212894781788,P
0.1,0.3260946873285365,0.2475,0.48011726707238256,-0.34437591649733823,-0.17633487302200435,3.729429489516372,3.7670346119665563,0.9717416747765798,P
0.1,0.3260946873285365,0.255,0.48948332825622753,-0.3431361979725376,-0.17181703308285795,3.719826015093882,3.7621189240010398,0.9682148420222599,P
0.1,0.3260946873285365,0.2625,0.4988567789727054,-0.3415740331211337,-0.16697416048068683,3.7102862623438244,3.7573415547737676,0.964633015363144,P
0.1,0.3260946873285365,0.27,0.5082310333239092,-0.3396934001416383,-0.1618125384782701,3.7008187642306667,3.752711055164866,0.960996871204657,P
0.1,0.3260946873285365,0.27749999999999997,0.5175995031534458,-0.33749912679957017,-0.15633930069586413,3.6914318442960887,3.748235759182714,0.9573071424979853,P
0.1,0.3260946873285365,0.285,0.5269556165549071,-0.3349968627135895,-0.15056239691937207,3.6821335969061715,3.7439237651833297,0.9535646175479308,P
0.1,0.3260946873285365,0.2925,0.5362928362834192,-0.33219304719230724,-0.14449055449311055,3.6729318688127326,3.7397829183332902,0.9497701386492359,P
0.1,0.3260946873285365,0.3,0.5456046779608855,-0.32909487293176154,-0.13813323564545163,3.663834242106345,3.7358207943896713,0.9459246005577261,P
0.1,0.3260946873285365,0.3075,0.5548847279676152,-0.3257102459190875,-0.13150059113042217,3.6548480186257866,3.7320446848587268,0.9420289488036512,P
0.1,0.3260946873285365,0.315,0.564126660916236,-0.3220477419185005,-0.1246034105978179,3.6459802058756914,3.7284615835830532,0.9380841778555603,P
0.1,0.3260946873285365,0.3225,0.5733242566079858,-0.3181165599410306,-0.11745307012823558,3.637237504491088,3.7250781747948762,0.9340913291439366,P
0.1,0.3260946873285365,0.32999999999999996,0.5824714163766769,-0.25173658698404844,-0.04787159125221155,7.72596323727648,7.9245605837853335,0.9300514889546114,L
0.1,0.3260946873285365,0.33749999999999997,0.5915621787316858,-0.24733212264506113,-0.0402853600889711,7.711516387375605,7.9219401461389065,0.9259657862026932,L
0.1,0.3260946873285365,0.345,0.6005907342181902,-0.2426898856402251,-0.032483128663858524,7.697357734043145,7.919777650609567,0.9218353900983477,L
0.1,0.3260946873285365,0.3525,0.6095514394204364,-0.2378210571615646,-0.02447805336441186,7.683499169774517,7.9180851608760365,0.91766150771628,L
0.1,0.3260946873285365,0.36,0.6184388300419681,-0.23273717887227163,-0.016283588357582812,7.669951870594986,7.916874021887046,0.9134453814811625,L
0.1,0.3260946873285365,0.3675,0.6272476330053605,-0.22745009742340586,-0.007913425871529711,7.6567262876234405,7.916154851701126,0.90918828658155,L
0.1,0.3260946873285365,0.375,0.6359727775229647,-0.22197190900576558,0.0006185631272720427,7.643832141770242,7.915937536323681,0.9048915283250006,L
0.1,0.3260946873285365,0.3825,0.6446094050993673,-0.21631490434360087,0.009298387441177641,7.631278421469462,7.916231227451591,0.9005564394472012,L
0.1,0.3260946873285365,0.39,0.6531528784355568,-0.2104915145157712,0.018111992936673676,7.619073383328602,7.917044343019247,0.8961843773878627,L
0.1,0.3260946873285365,0.39749999999999996,0.6615987892140902,-0.2045142579653724,0.027045318259559165,7.607224555563718,7.918384570425395,0.8917767215460198,L
0.1,0.3260946873285365,0.40499999999999997,0.6699429647536994,-0.19839568903133434,0.03608434863246043,7.595738744074768,7.920258872307535,0.8873348705271401,L
0.1,0.3260946873285365,0.4125,0.6781814735307292,-0.1921483483055195,0.04521516743023571,7.584622041004899,7.9226734947198825,0.8828602393941288,L
0.1,0.3260946873285365,0.42,0.6863106295733888,-0.1857847150870555,0.05442400526363059,7.573879835618539,7.925633977562085,0.878354256933911,L
0.1,0.3260946873285365,0.4275,0.6943269957429958,-0.17931716217250143,0.0636972863375471,7.563516827326088,7.929145167098896,0.8738183629507894,L
0.1,0.3260946873285365,0.435,0.7022273859240851,-0.17275791318655964,0.07302167188687012,7.553537040678125,7.933211230405866,0.8692540055972293,L
0.1,0.3260946873285365,0.4425,0.7100088661523849,-0.16611900262389653,0.08238410052943818,7.543943842148921,7.9378356715727465,0.8646626387521115,L
0.1,0.3260946873285365,0.44999999999999996,0.7176687547161785,-0.15941223873870936,0.09177182541195311,7.5347399585277754,7.943021349494513,0.8600457194558303,L
0.1,0.3260946873285365,0.45749999999999996,0.7252046212724373,-0.15264916938540374,0.1011724480599493,7.525927496736976,7.948770497079731,0.855404705410914,L
0.1,0.3260946873285365,0.46499999999999997,0.7326142850242627,-0.14584105088156687,0.1105739488769251,7.517507964897172,7.9550847417073145,0.8507410525561028,L
0.1,0.3260946873285365,0.4725,0.7398958120106486,-0.1389988199336128,0.11996471427011418,7.509482294464121,7.961965126765181,0.8460562127210655,L
0.1,0.3260946873285365,0.48,0.7470475115633112,-0.13213306863641308,0.1293335604107458,7.501850863265368,7.96941213410814,0.841351631368152,L
0.1,0.3260946873285365,0.4875,0.754067931988358,-0.1252540225311059,0.13866975366481937,7.494613519271017,7.977425707277162,0.8366287454267991,L
0.1,0.3260946873285365,0.495,0.7609558555329041,-0.1183715216803087,0.1479630277562077,7.487769604939263,7.98600527532782,0.8318889812254194,L
0.1,0.3260946873285365,0.5025,0.7677102926983722,-0.11149500469731191,0.15720359774711837,7.481317981984844,7.995149777122298,0.8271337525248337,L
0.1,0.3260946873285365,0.51,0.7743304759632208,-0.10463349564555735,0.16638217094156993,7.475257056426467,8.004857685946474,0.8223644586565357,L
0.1,0.3260946873285365,0.5175,0.7808158529782064,-0.09779559370690785,0.1754899548354644,7.469584803777888,8.015127034321232,0.8175824827683488,L
0.1,0.3260946873285365,0.525,0.7871660792970923,-0.09098946550186388,0.18451866225211838,7.46429879425627,8.025955438885372,0.8127891901793067,L
0.1,0.3260946873285365,0.5325,0.7933810107049734,-0.08422283993198201,0.19346051381475862,7.459396217890567,8.037340125235698,0.8079859268449214,L
0.1,0.3260946873285365,0.54,0.7994606952051798,-0.07750300540421692,0.20230823791759597,7.454873909422126,8.049277952618612,0.8031740179333349,L
0.1,0.3260946873285365,0.5475,0.8054053647240603,-0.07083680928866973,0.21105506836475138,7.4507283728990386,8.061765438376051,0.7983547665122567,L
0.1,0.3260946873285365,0.5549999999999999,0.8112154265909266,-0.0642306594551591,0.2196947398516652,7.446955805875138,8.074798782057359,0.7935294523460068,L
0.1,0.3260946873285365,0.5625,0.8168914548480709,-0.05769052773001346,0.22822148146681134,7.443552123133803,8.088373889117207,0.7886993308014617,L
0.1,0.3260946873285365,0.57,0.8224341814431363,-0.051221955112350614,0.23663000839274706,7.440512979865661,8.102486394128107,0.783865631861218,L
0.1,0.3260946873285365,0.5775,0.827844487353257,-0.04483005858871997,0.24491551198491995,7.437833794238159,8.11713168344435,0.7790295592418446,L
0.1,0.3260946873285365,0.585,0.8331233936873393,-0.038519539386162566,0.25307364840440616,7.43550976930324,8.132304917261944,0.7741922896147061,L
0.1,0.3260946873285365,0.5925,0.8382720528096814,-0.03229469250631717,0.2611005259770713,7.433535914197579,8.148001051027048,0.76935497192649,L
0.1,0.3260946873285365,0.6,0.8432917395248677,-0.026159417387005418,0.26899269144669824,7.431907064597384,8.16421485615241,0.7645187268162622,L
0.1,0.3260946873285365,0.6074999999999999,0.8481838423605624,-0.0201172295425886,0.27674711528360824,7.4306179023970484,8.180940940008425,0.7596846461256157,L
0.1,0.3260946873285365,0.615,0.852949854981496,-0.014171273040155669,0.28436117620336787,7.429662974587696,8.198173765161823,0.7548537924982626,L
0.1,0.3260946873285365,0.6224999999999999,0.857591367764646,-0.00832433367508617,0.2918326450425399,7.429036711317989,8.215907667841192,0.750027199065226,L
0.1,0.3260946873285365,0.63,0.8621100595623525,-0.0025788527166276387,0.2991596681301957,7.428733443125411,8.234136875614121,0.7452058692116607,L
0.1,0.3260946873285365,0.6375,0.8665076896769397,0.003063058898345794,0.3063407502852747,7.428747417331595,8.252855524266097,0.7403907764212146,L
0.1,0.3260946873285365,0.645,0.870786090067335,0.008599606037366314,0.31337473756093354,7.429072813600242,8.272057673876112,0.7355828641937728,L
0.1,0.3260946873285365,0.6525,0.8749471578052206,0.01402929461611424,0.3202607998479414,7.429703758660526,8.291737324088249,0.7307830460323861,L
0.1,0.3260946873285365,0.6599999999999999,0.8789928477954336,0.019350916711637467,0.3269984134400392,7.430634340202968,8.311888428582641,0.7259922054951674,L
0.1,0.3260946873285365,0.6675,0.882925165772644,0.024563535634653466,0.33358734365507886,7.431858619958336,8.332504908752794,0.7212111963079569,L
0.1,0.3260946873285365,0.6749999999999999,0.886746161583826,0.029666471042477632,0.3400276275968167,7.4333706459731985,8.353580666599322,0.7164408425335884,L
0.1,0.3260946873285365,0.6825,0.8904579227636753,0.034659284166199206,0.3463195571334855,7.435164464098671,8.375109596853235,0.7116819387936496,L
0.1,0.3260946873285365,0.69,0.8940625684079335,0.03954176321803338,0.3524636621608101,7.437234128711142,8.3970855983442,0.7069352505387039,L
0.1,0.3260946873285365,0.6975,0.897562243347555,0.04431390903734145,0.3584606942089857,7.439573712685931,8.419502584631504,0.702201514363035,L
0.1,0.3260946873285365,0.705,0.9009591126248,0.04897592102670012,0.3643116104453801,7.442177316646401,8.442354493917179,0.6974814383600799,L
0.1,0.3260946873285365,0.7125,0.904255356270647,0.05352818342261931,0.3700175581173457,7.445039077512682,8.46563529826247,0.6927757025148379,L
0.1,0.3260946873285365,0.72,0.9074531643813942,0.05797125193910793,0.37557985947259587,7.448153176374965,8.489339012129863,0.6880849591296694,L
0.1,0.3260946873285365,0.7274999999999999,0.9105547324909549,0.06230584081626425,0.3809999971880984,7.4515138457175185,8.513459700274188,0.6834098332800402,L
0.1,0.3260946873285365,0.735,0.9135622572341423,0.06653281030045158,0.3862796003324014,7.455115376019967,8.537991485006927,0.6787509232969047,L
0.1,0.3260946873285365,0.7424999999999999,0.9164779322951714,0.07065315457739836,0.3914204308807083,7.458952121762895,8.562928552858482,0.6741088012725756,L
0.1,0.3260946873285365,0.75,0.9193039446346871,0.07466799017475532,0.3964243707968958,7.463018506865016,8.588265160663607,0.669484013587078,L
0.1,0.3260946873285365,0.7575,0.9220424709878301,0.07857854484622054,0.40129340969196103,7.467309029579208,8.61399564109535,0.6648770814521399,L
0.1,0.3260946873285365,0.765,0.9246956746251912,0.08238614694533174,0.40602963306414863,7.471818266874563,8.640114407672947,0.660288501470127,L
0.1,0.3260946873285365,0.7725,0.9272657023679475,0.08609221529337267,0.4106352111221543,7.476540878331399,8.666615959269024,0.6557187462053852,L
0.1,0.3260946873285365,0.78,0.9297546818480363,0.0896982495425793,0.415112388189392,7.481471609575715,8.693494884141217,0.6511682647656059,L
0.1,0.3260946873285365,0.7875,0.9321647190038718,0.09320582103289284,0.41946347268424794,7.486605295279242,8.720745863513102,0.6466374833909855,L
0.1,0.3260946873285365,0.7949999999999999,0.9344978958018618,0.09661656413793406,0.4236908276685857,7.491936861750482,8.748363674728774,0.6421268060490938,L
0.1,0.3260946873285365,0.8025,0.9367562681738099,0.0999321680935882,0.4277968619544216,7.497461329141656,8.776343194005042,0.6376366150335158,L
0.1,0.3260946873285365,0.8099999999999999,0.9389418641601882,0.10315436930061654,0.4317840217566824,7.503173813295663,8.804679398804558,0.6331672715644738,L
0.1,0.3260946873285365,0.8175,0.941056682249247,0.10628494409101417,0.4356547828782506,7.509069527256436,8.83336736985266,0.6287191163897672,L
0.1,0.3260946873285365,0.825,0.9431026899019493,0.10932570194638626,0.4394116434120685,7.515143782465267,8.862402292819903,0.6242924703845096,L
0.1,0.3260946873285365,0.8325,0.9450818222528121,0.11227847915541246,0.44305711694389666,7.521391989664856,8.891779459691708,0.6198876351482624,L
0.1,0.3260946873285365,0.84,0.9469959809768614,0.11514513289648236,0.44659372623838384,7.527809659531972,8.921494269845674,0.6155048935982895,L
0.1,0.3260946873285365,0.8474999999999999,0.9488470333130871,0.11792753573079873,0.4500239973903792,7.534392403058738,8.951542230856417,0.6111445105577733,L
0.1,0.3260946873285365,0.855,0.950636811234984,0.1206275704906377,0.4533504544228821,7.541135931701673,8.981918959046958,0.6068067333379439,L
0.1,0.3260946873285365,0.8624999999999999,0.9523671107590098,0.12324712554701497,0.45657561431266835,7.548036057316781,9.012620179804975,0.6024917923131794,L
0.1,0.3260946873285365,0.87,0.9540396913820465,0.12578809044071362,0.45970198242442983,7.555088691898048,9.043641727681349,0.5981999014882313,L
0.1,0.3260946873285365,0.8775,0.9556562756392364,0.12825235186046174,0.46273204833419446,7.562289847135869,9.07497954628769,0.5939312590568296,L
0.1,0.3260946873285365,0.885,0.9572185487738638,0.13064178995200848,0.4656682820228608,7.569635633811071,9.10662968800875,0.5896860479510027,L
0.1,0.3260946873285365,0.8925,0.9587281585112604,0.13295827494189905,0.46851313042084014,7.577122261039341,9.138588313544798,0.5854644363805386,L
0.1,0.3260946873285365,0.8999999999999999,0.9601867149290333,0.13520366405989448,0.47126901428505613,7.58474603538008,9.17085169129833,0.5812665783620865,L
0.1,0.3260946873285365,0.9075,0.9615957904162425,0.13737979874421055,0.47393832538989544,7.59250335982285,9.203416196618685,0.5770926142374707,L
0.1,0.3260946873285365,0.9149999999999999,0.9629569197144808,0.1394885021140375,0.47652342401410575,7.600390732663869,9.236278310917447,0.5729426711808601,L
0.1,0.3260946873285365,0.9225,0.9642716000341397,0.1415315766941497,0.4790266367060986,7.608404746284179,9.269434620666699,0.5688168636944944,L
0.1,0.3260946873285365,0.9299999999999999,0.9655412912394746,0.14351080237680847,0.48145025431062455,7.6165420858405035,9.302881816291707,0.5647152940927331,L
0.1,0.3260946873285365,0.9375,0.9667674160964091,0.1454279346065972,0.48379653024034036,7.6247995278789364,9.336616690968647,0.5606380529742376,L
0.1,0.3260946873285365,0.945,0.9679513605773364,0.1472847027742878,0.4860676789763555,7.633173938881122,9.370636139337623,0.5565852196821555,L
0.1,0.3260946873285365,0.9525,0.9690944742174943,0.14908280880632804,0.488265874782451,7.641662273751808,9.404937156140395,0.5525568627522169,L
0.1,0.3260946873285365,0.96,0.9701980705177978,0.15082392593704677,0.490393250618276,7.650261574256099,9.439516834791764,0.5485530403486938,L
0.1,0.3260946873285365,0.9674999999999999,0.9712634273893133,0.15250969765119005,0.49245189723744964,7.658968967414115,9.474372365892863,0.5445738006882127,L
0.1,0.3260946873285365,0.975,0.9722917876348479,0.15414173678492965,0.4944438624571264,7.66778166386027,9.50950103569424,0.5406191824514459,L
0.1,0.3260946873285365,0.9824999999999999,0.9732843594634157,0.15572162477401635,0.49637115058621184,7.676696956173714,9.544900224515779,0.5366892151827356,L
0.1,0.3260946873285365,0.99,0.9742423170336054,0.15725091103827588,0.49823572200003774,7.685712217186186,9.580567405130406,0.5327839196777346,L
0.1,0.3260946873285365,0.9974999999999999,0.975166801022145,0.15873111249217675,0.5000394928499274,7.694824898272816,9.616500141117687,0.5289033083591732,L
0.1,0.3260946873285365,1.005,0.9760589192142043,0.16016371317171402,0.5017843348966855,7.704032527631147,9.652696085193162,0.5250473856408815,L
0.1,0.3260946873285365,1.0125,0.9769197471122185,0.16155016396836674,0.5034720754576432,7.713332708553123,9.6891529775188,0.5212161482802201,L
0.1,0.3260946873285365,1.02,0.9777503285602462,0.1628918824613844,0.5051044974574705,7.722723117694415,9.725868643999501,0.5174095857190874,L
0.1,0.3260946873285365,1.0274999999999999,0.9785516763810947,0.16419025284014882,0.506683339573532,7.732201503345076,9.762840994570235,0.5136276804136859,L
0.1,0.3260946873285365,1.035,0.9793247730236506,0.16544662590882547,0.5082102964671031,7.741765683705168,9.800068021478038,0.5098704081532475,L
0.1,0.3260946873285365,1.0425,0.980070571218057,0.16666231916598417,0.5096870190923041,7.751413545168651,9.837547797562657,0.5061377383679251,L
0.1,0.3260946873285365,1.05,0.9807899946365598,0.16783861695230498,0.5111151150751009,7.761143040618528,9.875278474539462,0.5024296344260689,L
0.1,0.3260946873285365,1.0574999999999999,0.9814839385580285,0.16897677065991715,0.5124961491552271,7.770952187735946,9.913258281287803,0.4987460539211161,L
0.1,0.3260946873285365,1.065,0.9821532705343196,0.17007799899732515,0.513831643684337,7.780839067325675,9.951485522147754,0.4950869489483249,L
0.1,0.3260946873285365,1.0725,0.9827988310568119,0.17114348830427029,0.5151230791741543,7.790801821660117,9.989958575227924,0.4914522663715949,L
0.1,0.3260946873285365,1.08,0.9834214342215888,0.1721743929112483,0.5163718948888043,7.800838652843792,10.028675890726744,0.4878419480806136,L
0.1,0.3260946873285365,1.0875,0.9840218683918853,0.17317183553876875,0.5175794894759286,7.810947821200017,10.06763598926943,0.48425593123857735,L
0.1,0.3260946873285365,1.095,0.9846008968565442,0.1741369077317735,0.518747221631564,7.821127643681231,10.106837460262541,0.4806941485207338,L
0.1,0.3260946873285365,1.1025,0.9851592584833513,0.17507067032496282,0.5198764107941358,7.831376492304349,10.146278960267914,0.47715652834399536,L
0.1,0.3260946873285365,1.1099999999999999,0.9856976683662347,0.17597415393508223,0.5209683378632644,7.841692792612232,10.185959211397545,0.47364299508787205,L
0.1,0.3260946873285365,1.1175,0.9862168184654171,0.17684835947651584,0.5220242459394118,7.852075022162239,10.225876999730737,0.47015346930697327,L
0.1,0.3260946873285365,1.125,0.9867173782397105,0.177694258696803,0.5230453410807017,7.862521709042734,10.266031173754811,0.4666878679353257,L
0.1,0.3260946873285365,1.1325,0.9871999952702404,0.1785127947289643,0.5240327930735484,7.87303143041815,10.306420642830348,0.4632461044827528,L
0.1,0.3260946873285365,1.14,0.9876652958749633,0.17930488265775626,0.5249877362139934,7.883602811103262,10.347044375681962,0.4598280892235595,L
0.1,0.3260946873285365,1.1475,0.9881138857134317,0.18007141009721583,0.5259112700969168,7.89423452216701,10.387901398915323,0.4564337293777616,L
0.1,0.3260946873285365,1.155,0.9885463503813258,0.1808132377770639,0.5268044604105279,7.90492527956626,10.428990795561077,0.45306292928509934,L
0.1,0.3260946873285365,1.1624999999999999,0.9889632559943464,0.1815312001357483,0.5276683397337696,7.915673842809724,10.470311703646304,0.4497155905720651,L
0.1,0.3260946873285365,1.17,0.9893651497611234,0.1822261059180911,0.5285039083344842,7.926479013652156,10.511863314793821,0.4463916123121781,L
0.1,0.3260946873285365,1.1775,0.9897525605448516,0.18289873877568788,0.529312134966386,7.93733963481891,10.55364487284975,0.4430908911797308,L
0.1,0.3260946873285365,1.185,0.9901259994134225,0.18354985786837305,0.5300939576630709,7.948254588760833,10.595655672539623,0.43981332159722564,L
0.1,0.3260946873285365,1.1925,0.9904859601778679,0.18418019846522088,0.5308502845274746,7.959222796439395,10.6378950581531,0.4365587958767217,L
0.1,0.3260946873285365,1.2,0.9908329199189752,0.18479047254369638,0.5315819945153376,7.97024321614194,10.68036242225753,0.4333272043553004,L
0.5,0.44339811320566036,0.0,0.21130570018256817,-0.18885967959201572,-0.11490268452811686,4.096690302546889,4.019019489449493,1.056212955723166,P
0.5,0.44339811320566036,0.0075,0.21762293556508933,-0.19530940793380686,-0.1191413804860256,4.090792564929311,4.015493412105199,1.0545155105476287,P
0.5,0.44339811320566036,0.015,0.22407537497684202,-0.20169266191282534,-0.12326628067093064,4.084706712290356,4.011844571910348,1.0527703787522575,P
0.5,0.44339811320566036,0.0225,0.23066272352694134,-0.20799766434314462,-0.12726571110871515,4.078435822698462,4.00807690502829,1.0509767415547924,P
0.5,0.44339811320566036,0.03,0.2373844802577759,-0.21421240739494618,-0.1311278393047246,4.071983349204315,4.004194697933313,1.0491337971571602,P
0.5,0.44339811320566036,0.0375,0.24423993077188524,-0.22032468934348004,-0.13484071357332023,4.065353122163339,4.0002025887248625,1.047240762797321,P
0.5,0.44339811320566036,0.045,0.2512281403081434,-0.22632215418039323,-0.13839230507254305,4.058549350113073,3.996105567093151,1.0452968768403346,P
0.5,0.44339811320566036,0.0525,0.25834794733002264,-0.23219233395496866,-0.14177055238946074,4.051576619141153,3.9919089728786252,1.0433014009019939,P
0.5,0.44339811320566036,0.06,0.2655979576890529,-0.23792269367894256,-0.14496340848777406,4.0444398906880386,3.9876184931754803,1.0412536219977946,P
0.5,0.44339811320566036,0.0675,0.27297653942635997,-0.24350067859443011,-0.14795888979520413,4.0371444977383995,3.98324015793845,1.039152854709441,P
0.5,0.44339811320566036,0.075,0.28048181827432583,-0.2489137635705276,-0.15074512717451358,4.029696139365455,3.9787803340616184,1.0369984433605488,P
0.5,0.44339811320566036,0.08249999999999999,0.2881116739189399,-0.25414950436092176,-0.1533104184892928,4.022100873603969,3.9742457179084907,1.0347897641926973,P
0.5,0.44339811320566036,0.09,0.2958637370812426,-0.2591955904228248,-0.1556432824443899,4.014365108639724,3.9696433262837054,1.0325262275325142,P
0.5,0.44339811320566036,0.0975,0.3037353874734178,-0.2640398989673427,-0.15773251335164648,4.006495592315964,3.964980485848359,1.0302072799400441,P
0.5,0.44339811320566036,0.105,0.31172375268151287,-0.2686705498835138,-0.1595672364449843,3.9984993999705605,3.960264820993124,1.0278324063282867,P
0.5,0.44339811320566036,0.11249999999999999,0.31982570802249355,-0.2730759611532927,-0.16113696334541994,3.990383920631173,3.9555042401957152,1.0254011320434713,P
0.5,0.44339811320566036,0.12,0.328037877418331,-0.27724490435320925,-0.1624316472567934,3.9821568416094673,3.9507069209019043,1.0229130248953915,P
0.5,0.44339811320566036,0.1275,0.33635663532413357,-0.2811665598208494,-0.1634417374574027,3.97382613154919,3.945881292981906,1.0203676971269517,P
0.5,0.44339811320566036,0.135,0.34477810974097983,-0.28483057105109844,-0.1641582326417555,3.965400021996508,3.9410360208264184,1.017764807311978,P
0.5,0.44339811320566036,0.1425,0.3532981863371098,-0.28822709787870193,-0.1645727326607135,3.9568869875743284,3.9361799841588403,1.0151040621703415,P
0.5,0.44339811320566036,0.15,0.36191251369358296,-0.21137579771240297,-0.08470641791964895,8.40985013475884,8.373696734559436,1.012385218289522,L
0.5,0.44339811320566036,0.1575,0.37061650968242715,-0.21426692577325357,-0.08455114738440409,8.396435855263098,8.36838182936174,1.0096080837419046,L
0.5,0.44339811320566036,0.16499999999999998,0.37940536897679167,-0.2168648007206583,-0.08407292157878124,8.382870379615706,8.363090134068198,1.0067725195873762,L
0.5,0.44339811320566036,0.1725,0.38827407168376277,-0.21916213926022338,-0.0832662141709064,8.369173149742174,8.357842030348309,1.003878441251151,L
0.5,0.44339811320566036,0.18,0.39721739308137116,-0.2211524067043608,-0.08212631912588089,8.355363925426508,8.352658169780856,1.0009258197672068,L
0.5,0.44339811320566036,0.1875,0.40622991443206613,-0.22282985376532993,-0.08064938371410679,8.3414627299283,8.34755942177354,0.9979146828782808,L
0.5,0.44339811320566036,0.195,0.41530603483561324,-0.22418954925001056,-0.07883243705754595,8.327489794296781,8.342566820297389,0.9948451159840103,L
0.5,0.44339811320566036,0.20249999999999999,0.424439984075152,-0.225227408341751,-0.07667341391544782,8.313465500710581,8.337701509741628,0.9917172629295553,L
0.5,0.44339811320566036,0.21,0.4336258364011165,-0.22594021619413374,-0.07417117345374297,8.299410325180567,8.332984690202547,0.9885313266278514,L
0.5,0.44339811320566036,0.2175,0.4428575251890083,-0.2263256466050417,-0.07132551278888882,8.285344779957967,8.328437562524773,0.9852875695095512,L
0.5,0.44339811320566036,0.22499999999999998,0.45212885839874417,-0.22638227558639698,-0.06813717514683654,8.271289355991902,8.32408127341508,0.9819863137956825,L
0.5,0.44339811320566036,0.23249999999999998,0.4614335347555847,-0.22610958969468511,-0.06460785253023049,8.257264465778057,8.319936860947035,0.9786279415890863,L
0.5,0.44339811320566036,0.24,0.47076516056560286,-0.2255079890391634,-0.06074018284120239,8.24329038693522,8.316025200770287,0.975212894781788,L
0.5,0.44339811320566036,0.2475,0.48011726707238256,-0.2245787849376861,-0.056537741462352215,8.229387206837297,8.312366953330166,0.9717416747765798,L
0.5,0.44339811320566036,0.255,0.48948332825622753,-0.22332419224358097,-0.052005027353901334,8.21557476861658,8.308982512392541,0.9682148420222599,L
0.5,0.44339811320566036,0.2625,0.4988567789727054,-0.22174731642014414,-0.04714744377969726,8.201872618838916,8.305891955155248,0.964633015363144,L
0.5,0.44339811320566036,0.27,0.5082310333239092,-0.21985213549130328,-0.041971273827935085,8.188299957133616,8.303114994211066,0.960996871204657,L
0.5,0.44339811320566036,0.27749999999999997,0.5175995031534458,-0.2176434770470433,-0.03648365094333725,8.17487558804061,8.300670931608806,0.9573071424979853,L
0.5,0.44339811320566036,0.285,0.5269556165549071,-0.21512699052954473,-0.03069252473532727,8.161617875314757,8.298578615238288,0.9535646175479308,L
0.5,0.44339811320566036,0.2925,0.5362928362834192,-0.21230911506999658,-0.024606622370799885,8.148544698902967,8.296856397742872,0.9497701386492359,L
0.5,0.44339811320566036,0.3,0.5456046779608855,-0.2091970431860774,-0.018235405899767493,8.135673414783705,8.295522098139179,0.9459246005577261,L
0.5,0.44339811320566036,0.3075,0.5548847279676152,-0.20579868068562795,-0.011589025896962646,8.123020817831556,8.294592966298934,0.9420289488036512,L
0.5,0.44339811320566036,0.315,0.564126660916236,-0.20212260315263927,-0.004678271831956682,8.110603107841635,8.294085650422174,0.9380841778555603,L
0.5,0.44339811320566036,0.3225,0.5733242566079858,-0.19817800941699001,0.002485480395805012,8.098435858820448,8.294016167604973,0.9340913291439366,L
0.5,0.44339811320566036,0.32999999999999996,0.5824714163766769,-0.1939746724291675,0.009890323302669396,8.08653399162156,8.294399877578819,0.9300514889546114,L
0.5,0.44339811320566036,0.33749999999999997,0.5915621787316858,-0.18952288797534833,0.0175238745807417,8.074911749976412,8.295251459672633,0.9259657862026932,L
0.5,0.44339811320566036,0.345,0.6005907342181902,-0.18483342167669803,0.025373335299668537,8.063582679943451,8.296584893023317,0.9218353900983477,L
0.5,0.44339811320566036,0.3525,0.6095514394204364,-0.1799174547195903,0.03342554907756243,8.05255961277212,8.298413440035779,0.91766150771628,L
0.5,0.44339811320566036,0.36,0.6184388300419681,-0.17478652876088713,0.04166706175380169,8.04185465115327,8.300749633070124,0.9134453814811625,L
0.5,0.44339811320566036,0.3675,0.6272476330053605,-0.16945249044464067,0.050084181107235476,8.031479158803664,8.303605264311221,0.90918828658155,L
0.5,0.44339811320566036,0.375,0.6359727775229647,-0.16392743595396678,0.05866303617907084,8.021443753310129,8.30699137875513,0.9048915283250006,L
0.5,0.44339811320566036,0.3825,0.6446094050993673,-0.1582236560047594,0.06738963578001911,8.011758302138624,8.310918270227615,0.9005564394472012,L
0.5,0.44339811320566036,0.39,0.6531528784355568,-0.15235358166685115,0.07624992578559373,8.002431921695159,8.315395480332631,0.8961843773878627,L
0.5,0.44339811320566036,0.39749999999999996,0.6615987892140902,-0.1463297313736417,0.08522984485128987,7.993472979308988,8.320431800212873,0.8917767215460198,L
0.5,0.44339811320566036,0.40499999999999997,0.6699429647536994,-0.14016465945369774,0.09431537821009703,7.984889097994586,8.326035274991128,0.8873348705271401,L
0.5,0.44339811320566036,0.4125,0.6781814735307292,-0.13387090648785394,0.10349260924790127,7.9766871638364325,8.332213210749021,0.8828602393941288,L
0.5,0.44339811320566036,0.42,0.6863106295733888,-0.12746095176354708,0.112747768587139,7.968873335831006,8.338972183890315,0.878354256933911,L
0.5,0.44339811320566036,0.4275,0.6943269957429958,-0.12094716806498465,0.12206728044506387,7.961453058012282,8.346318052727877,0.8738183629507894,L
0.5,0.44339811320566036,0.435,0.7022273859240851,-0.11434177900385911,0.13143780606957065,7.954431073681345,8.354255971127534,0.8692540055972293,L
0.5,0.44339811320566036,0.4425,0.7100088661523849,-0.10765681906117025,0.14084628409216446,7.947811441556709,8.362790404037774,0.8646626387521115,L
0.5,0.44339811320566036,0.44999999999999996,0.7176687547161785,-0.10090409647679432,0.15027996767386814,7.94159755366011,8.371925144732003,0.8600457194558303,L
0.5,0.44339811320566036,0.45749999999999996,0.7252046212724373,-0.0940951590901638,0.15972645835518923,7.9357921547520816,8.381663333589076,0.855404705410914,L
0.5,0.44339811320566036,0.46499999999999997,0.7326142850242627,-0.08724126320324255,0.16917373655524942,7.930397363133107,8.392007478238705,0.8507410525561028,L
0.5,0.44339811320566036,0.4725,0.7398958120106486,-0.08035334550617323,0.17861018869755374,7.925414692628847,8.40295947490029,0.8460562127210655,L
0.5,0.44339811320566036,0.48,0.7470475115633112,-0.07344199807690999,0.1880246309702489,7.920845075582188,8.414520630747235,0.841351631368152,L
0.5,0.44339811320566036,0.4875,0.754067931988358,-0.06651744643903007,0.1974063297568952,7.91668888668008,8.42669168713319,0.8366287454267991,L
0.5,0.44339811320566036,0.495,0.7609558555329041,-0.05958953063694811,0.2067450187995683,7.912945967449517,8.439472843522196,0.8318889812254194,L
0.5,0.44339811320566036,0.5025,0.7677102926983722,-0.05266768926511228,0.216030913179318,7.909615651264215,8.452863781971008,0.8271337525248337,L
0.5,0.44339811320566036,0.51,0.7743304759632208,-0.045760946367484845,0.22525472021964243,7.906696788711466,8.466863692018894,0.8223644586565357,L
0.5,0.44339811320566036,0.5175,0.7808158529782064,-0.038877901105813684,0.23440764743655856,7.904187773177168,8.481471295847879,0.8175824827683488,L
0.5,0.44339811320566036,0.525,0.7871660792970923,-0.032026720079851356,0.2434814076741309,7.902086566515986,8.496684873584465,0.8127891901793067,L
0.5,0.44339811320566036,0.5325,0.7933810107049734,-0.025215132169775667,0.25246822157696497,7.900390724682855,8.512502288622228,0.8079859268449214,L
0.5,0.44339811320566036,0.54,0.7994606952051798,-0.018450425760533407,0.2613608175612795,7.8990974232115345,8.52892101285342,0.8031740179333349,L
0.5,0.44339811320566036,0.5475,0.8054053647240603,-0.011739448199591385,0.2701524294538297,7.898203482435482,8.545938151706467,0.7983547665122567,L
0.5,0.44339811320566036,0.5549999999999999,0.8112154265909266,-0.005088607333509465,0.27883679197331485,7.897705392355814,8.563550468895025,0.7935294523460068,L
0.5,0.44339811320566036,0.5625,0.8168914548480709,0.0014961250352650834,0.2874081342320899,7.897599337070619,8.581754410793032,0.7886993308014617,L
0.5,0.44339811320566036,0.57,0.8224341814431363,0.00800920793211582,0.29586117143721347,7.897881218689147,8.600546130358893,0.783865631861218,L
0.5,0.44339811320566036,0.5775,0.827844487353257,0.014445524395612641,0.30419109496925256,7.898546680663369,8.619921510540266,0.7790295592418446,L
0.5,0.44339811320566036,0.585,0.8331233936873393,0.020800373224449803,0.3123935610150186,7.899591130478174,8.639876187099196,0.7741922896147061,L
0.5,0.44339811320566036,0.5925,0.8382720528096814,0.027069459443337246,0.3204646779267257,7.901009761649792,8.660405570805233,0.76935497192649,L
0.5,0.44339811320566036,0.6,0.8432917395248677,0.033248883641413846,0.32840099247511756,7.902797574989965,8.681504868951645,0.7645187268162622,L
0.5,0.44339811320566036,0.6074999999999999,0.8481838423605624,0.039335130331887846,0.3361994751580847,7.904949399101001,8.703169106157167,0.7596846461256157,L
0.5,0.44339811320566036,0.615,0.852949854981496,0.045325055475847253,0.3438575047193708,7.907459910073858,8.725393144422394,0.7548537924982626,L
0.5,0.44339811320566036,0.6224999999999999,0.857591367764646,0.05121587330669419,0.3513728520243203,7.910323650368045,8.74817170241636,0.750027199065226,L
0.5,0.44339811320566036,0.63,0.8621100595623525,0.05700514258456582,0.3587436634313892,7.913535046858302,8.77149937397486,0.7452058692116607,L
0.5,0.44339811320566036,0.6375,0.8665076896769397,0.06269075240257302,0.3659684437895019,7.9170884280386575,8.795370645797464,0.7403907764212146,L
0.5,0.44339811320566036,0.645,0.870786090067335,0.06827090765883187,0.3730460391823991,7.9209780403797065,8.819779914335472,0.7355828641937728,L
0.5,0.44339811320566036,0.6525,0.8749471578052206,0.07374411430020233,0.3799756195320295,7.925198063839605,8.84472150186753,0.7307830460323861,L
0.5,0.44339811320566036,0.6599999999999999,0.8789928477954336,0.0791091644355062,0.38675666116390794,7.929742626533625,8.870189671764011,0.7259922054951674,L
0.5,0.44339811320566036,0.6675,0.882925165772644,0.08436512140782673,0.3933889294282521,7.934605818570944,8.89617864294511,0.7212111963079569,L
0.5,0.44339811320566036,0.6749999999999999,0.886746161583826,0.08951130490743456,0.3998724614617737,7.93978170507065,8.922682603540972,0.7164408425335884,L
0.5,0.44339811320566036,0.6825,0.8904579227636753,0.09454727619896197,0.4062075491662483,7.945264338372077,8.94969572376532,0.7116819387936496,L
0.5,0.44339811320566036,0.69,0.8940625684079335,0.09947282352875211,0.41239472247152886,7.951047769457078,8.977212168016706,0.7069352505387039,L
0.5,0.44339811320566036,0.6975,0.897562243347555,0.10428794777087755,0.41843473294252176,7.95712605860418,9.005226106223922,0.702201514363035,L
0.5,0.44339811320566036,0.705,0.9009591126248,0.10899284836320688,0.42432853778188684,7.963493285296359,9.03373172445406,0.6974814383600799,L
0.5,0.44339811320566036,0.7125,0.904255356270647,0.11358790957812082,0.43007728427284725,7.970143557405884,9.062723234803537,0.6927757025148379,L
0.5,0.44339811320566036,0.72,0.9074531643813942,0.11807368716607525,0.4356822946995632,7.977071019680857,9.092194884593763,0.6880849591296694,L
0.5,0.44339811320566036,0.7274999999999999,0.9105547324909549,0.12245089540418996,0.44114505177602414,7.984269861559114,9.122140964894362,0.6834098332800402,L
0.5,0.44339811320566036,0.735,0.9135622572341423,0.12672039457642165,0.4464671846083714,7.99173432433596,9.152555818397742,0.6787509232969047,L
0.5,0.44339811320566036,0.7424999999999999,0.9164779322951714,0.13088317890666196,0.45165045520997193,7.999458707712688,9.1834338466696,0.6741088012725756,L
0.5,0.44339811320566036,0.75,0.9193039446346871,0.13494036496129252,0.456696745583433,8.007437375753147,9.214769516800319,0.669484013587078,L
0.5,0.44339811320566036,0.7575,0.9220424709878301,0.13889318053330768,0.4616080453790482,8.015664762275847,9.246557367482703,0.6648770814521399,L
0.5,0.44339811320566036,0.765,0.9246956746251912,0.14274295401610443,0.4663864401349213,8.024135375708953,9.278792014541512,0.660288501470127,L
0.5,0.44339811320566036,0.7725,0.9272657023679475,0.14649110427138734,0.47103410010016894,8.032843803435409,9.31146815594028,0.6557187462053852,L
0.5,0.44339811320566036,0.78,0.9297546818480363,0.15013913099237122,0.4755532696391839,8.04178471565511,9.344580576290857,0.6511682647656059,L
0.5,0.44339811320566036,0.7875,0.9321647190038718,0.1536886055605331,0.4799462572118882,8.050952868790649,9.378124150890772,0.6466374833909855,L
0.5,0.44339811320566036,0.7949999999999999,0.9344978958018618,0.15714116239158404,0.48421542592223565,8.06034310846256,9.412093849313163,0.6421268060490938,L
0.5,0.44339811320566036,0.8025,0.9367562681738099,0.1604984907640512,0.48836318462488465,8.069950372059497,9.446484738573657,0.6376366150335158,L
0.5,0.44339811320566036,0.8099999999999999,0.9389418641601882,0.16376232712188793,0.4923919795779538,8.07976969092801,9.481291985897922,0.6331672715644738,L
0.5,0.44339811320566036,0.8175,0.941056682249247,0.16693444784082923,0.49630428662806564,8.089796192205943,9.51651086111323,0.6287191163897672,L
0.5,0.44339811320566036,0.825,0.9431026899019493,0.1700166624467654,0.5001026039124477,8.100025100322595,9.552136738686478,0.6242924703845096,L
0.5,0.44339811320566036,0.8325,0.9450818222528121,0.17301080727320445,0.5037894450616887,8.110451738188083,9.588165099430634,0.6198876351482624,L
0.5,0.44339811320566036,0.84,0.9469959809768614,0.17591873954390524,0.5073673328858067,8.121071528093415,9.624591531900773,0.6155048935982895,L
0.5,0.44339811320566036,0.8474999999999999,0.9488470333130871,0.178742331865979,0.5108387935255594,8.131879992341995,9.661411733500103,0.6111445105577733,L
0.5,0.44339811320566036,0.855,0.950636811234984,0.18148346711814622,0.5142063510503906,8.142872753632302,9.698621511315604,0.6068067333379439,L
0.5,0.44339811320566036,0.8624999999999999,0.9523671107590098,0.18414403371840204,0.5174725224840555,8.15404553521075,9.736216782702211,0.6024917923131794,L
0.5,0.44339811320566036,0.87,0.9540396913820465,0.1867259212550405,0.5206398132387567,8.165394160812731,9.774193575633559,0.5981999014882313,L
0.5,0.44339811320566036,0.8775,0.9556562756392364,0.1892310164648307,0.5237107129385634,8.176914554409022,9.812548028836584,0.5939312590568296,L
0.5,0.44339811320566036,0.885,0.9572185487738638,0.1916611995420906,0.5266876916129429,8.188602739773897,9.851276391726513,0.5896860479510027,L
0.5,0.44339811320566036,0.8925,0.9587281585112604,0.19401834076245927,0.5295731962414003,8.200454839890376,9.890375024157864,0.5854644363805386,L
0.5,0.44339811320566036,0.8999999999999999,0.9601867149290333,0.19630429740531516,0.5323696476304768,8.212467076207282,9.929840396006517,0.5812665783620865,L
0.5,0.44339811320566036,0.9075,0.9615957904162425,0.19852091095901225,0.5350794376046971,8.224635767761848,9.969669086596872,0.5770926142374707,L
0.5,0.44339811320566036,0.9149999999999999,0.9629569197144808,0.20067000459339784,0.5377049264934661,8.236957330180998,10.009857783987675,0.5729426711808601,L
0.5,0.44339811320566036,0.9225,0.9642716000341397,0.20275338088441963,0.5402484408963686,8.249428274573477,10.050403284129125,0.5688168636944944,L
0.5,0.44339811320566036,0.9299999999999999,0.9655412912394746,0.2047728197760268,0.5427122717098429,8.262045206324393,10.091302489903262,0.5647152940927331,L
0.5,0.44339811320566036,0.9375,0.9667674160964091,0.2067300767650026,0.5450986723987458,8.274804823802935,10.13255241005899,0.5606380529742376,L
0.5,0.44339811320566036,0.945,0.9679513605773364,0.20862688129482843,0.5474098574968962,8.287703916993388,10.17415015805232,0.5565852196821555,L
0.5,0.44339811320566036,0.9525,0.9690944742174943,0.21046493534516938,0.5496480013212923,8.300739366058906,10.216092950801901,0.5525568627522169,L
0.5,0.44339811320566036,0.96,0.9701980705177978,0.21224591220407682,0.5518152368853061,8.313908139846813,10.258378107369156,0.5485530403486938,L
0.5,0.44339811320566036,0.9674999999999999,0.9712634273893133,0.21397145541052254,0.5539136549967821,8.327207294343667,10.301003047571863,0.5445738006882127,L
0.5,0.44339811320566036,0.975,0.9722917876348479,0.2156431778554049,0.5559453035276016,8.340633971087728,10.343965290539431,0.5406191824514459,L
0.5,0.44339811320566036,0.9824999999999999,0.9732843594634157,0.21726266102970004,0.5579121868418955,8.35418539554583,10.38726245321744,0.5366892151827356,L
0.5,0.44339811320566036,0.99,0.9742423170336054,0.2188314544089554,0.5598162653707173,8.367858875461321,10.430892248828762,0.5327839196777346,L
0.5,0.44339811320566036,0.9974999999999999,0.975166801022145,0.22035107496385545,0.5616594553216062,8.381651799179012,10.474852485297784,0.5289033083591732,L
0.5,0.44339811320566036,1.005,0.9760589192142043,0.2218230067871031,0.5634436285120745,8.395561633952823,10.519141063644058,0.5250473856408815,L
0.5,0.44339811320566036,1.0125,0.9769197471122185,0.22324870082737525,0.5651706123166518,8.409585924241176,10.563755976350985,0.5212161482802201,L
0.5,0.44339811320566036,1.02,0.9777503285602462,0.2246295747216066,0.5668421897176927,8.423722289994933,10.60869530571499,0.5174095857190874,L
0.5,0.44339811320566036,1.0274999999999999,0.9785516763810947,0.22596701271734962,0.5684600994507327,8.437968424942135,10.653957222179999,0.5136276804136859,L
0.5,0.44339811320566036,1.035,0.9793247730236506,0.2272623656774233,0.570026036235701,8.452322094873582,10.699539982661843,0.5098704081532475,L
0.5,0.44339811320566036,1.0425,0.980070571218057,0.22851695115953202,0.571541651085852,8.466781135932749,10.745441928866668,0.5061377383679251,L
0.5,0.44339811320566036,1.05,0.9807899946365598,0.22973205356396895,0.5730085516867649,8.481343452913416,10.791661485607293,0.5024296344260689,L
0.5,0.44339811320566036,1.0574999999999999,0.9814839385580285,0.23090892434295304,0.574428302838263,8.4960070175679,10.838197159120925,0.4987460539211161,L
0.5,0.44339811320566036,1.065,0.9821532705343196,0.23204878226555234,0.5758024269525641,8.510769866928621,10.88504753539154,0.4950869489483249,L
0.5,0.44339811320566036,1.0725,0.9827988310568119,0.233152813732544,0.5771324046024281,8.525630101645397,10.932211278479807,0.4914522663715949,L
0.5,0.44339811320566036,1.08,0.9834214342215888,0.23422217313592913,0.5784196751134851,8.540585884340596,10.979687128863219,0.4878419480806136,L
0.5,0.44339811320566036,1.0875,0.9840218683918853,0.23525798325819036,0.5796656371953501,8.555635437984117,11.02747390178887,0.48425593123857735,L
0.5,0.44339811320566036,1.095,0.9846008968565442,0.2362613357067078,0.5808716496064983,8.570777044289882,11.075570485641059,0.4806941485207338,L
0.5,0.44339811320566036,1.1025,0.9851592584833513,0.23723329137908306,0.582039031848256,8.586009042135325,11.123975840325638,0.47715652834399536,L
0.5,0.44339811320566036,1.1099999999999999,0.9856976683662347,0.23817488095542388,0.5831690648836061,8.601329826005246,11.172688995672951,0.47364299508787205,L
0.5,0.44339811320566036,1.1175,0.9862168184654171,0.23908710541393535,0.5842629918768314,8.61673784446111,11.22170904986084,0.47015346930697327,L
0.5,0.44339811320566036,1.125,0.9867173782397105,0.23997093656643403,0.5853220189503328,8.632231598636809,11.271035167859166,0.4666878679353257,L
0.5,0.44339811320566036,1.1325,0.9871999952702404,0.24082731761067216,0.5863473159552564,8.647809640761723,11.320666579897065,0.4632461044827528,L
0.5,0.44339811320566036,1.14,0.9876652958749633,0.2416571636965897,0.5873400172528268,8.66347057271174,11.37060257995398,0.4598280892235595,L
0.5,0.44339811320566036,1.1475,0.9881138857134317,0.24246136250385691,0.588301222503558,8.679213044588836,11.420842524275477,0.4564337293777616,L
0.5,0.44339811320566036,1.155,0.9885463503813258,0.24324077482827566,0.5892319974617397,8.695035753329657,11.471385829914519,0.45306292928509934,L
0.5,0.44339811320566036,1.1624999999999999,0.9889632559943464,0.24399623517482,0.5901333747728412,8.71093744134343,11.52223197329902,0.4497155905720651,L
0.5,0.44339811320566036,1.17,0.9893651497611234,0.24472855235528138,0.5910063547716745,8.72691689517948,11.57338048882612,0.4463916123121781,L
0.5,0.44339811320566036,1.1775,0.9897525605448516,0.2454385100886659,0.5918519062793639,8.742972944224498,11.62483096748374,0.4430908911797308,L
0.5,0.44339811320566036,1.185,0.9901259994134225,0.24612686760265692,0.5926709673973548,8.759104459429604,11.676583055499687,0.43981332159722564,L
0.5,0.44339811320566036,1.1925,0.9904859601778679,0.24679436023461454,0.5934644462968683,8.775310352067288,11.728636453018678,0.4365587958767217,L
0.5,0.44339811320566036,1.2,0.9908329199189752,0.2474417000307237,0.594233222002365,8.791589572518077,11.780990912807427,0.4333272043553004,L
0.9,0.716868616888952,0.0,0.21130570018256817,0.025053663767254875,0.09901065883115373,9.187060015986837,9.012878818796352,1.056212955723166,L
0.9,0.716868616888952,0.0075,0.21762293556508933,0.018711161225640316,0.09487918867342157,9.188567557475874,9.019433742508895,1.0545155105476287,L
0.9,0.716868616888952,0.015,0.22407537497684202,0.012434544840671857,0.09086092608256656,9.18964039976188,9.025717524507563,1.0527703787522575,L
0.9,0.716868616888952,0.0225,0.23066272352694134,0.006235592248311106,0.08696754548274056,9.190283336349767,9.031737654441756,1.0509767415547924,L
0.9,0.716868616888952,0.03,0.2373844802577759,0.00012631173634042314,0.08321087982656199,9.19050204289754,9.037502463929922,1.0491337971571602,L
0.9,0.716868616888952,0.0375,0.24423993077188524,-0.005881094504634532,0.0796028812655253,9.190303089495803,9.04302113618216,1.047240762797321,L
0.9,0.716868616888952,0.045,0.2512281403081434,-0.011774269992550379,0.0761555791152998,9.189693949769278,9.048303712638642,1.0452968768403346,L
0.9,0.716868616888952,0.0525,0.25834794733002264,-0.01754074629516278,0.07288103527034515,9.18868300661801,9.053361096459094,1.0433014009019939,L
0.9,0.716868616888952,0.06,0.2655979576890529,-0.02316798793490138,0.06979129725626713,9.187279554433145,9.05820505271453,1.0412536219977946,L
0.9,0.716868616888952,0.0675,0.27297653942635997,-0.028643439656833025,0.06689834914239295,9.185493797642163,9.062848205150786,1.039152854709441,L
0.9,0.716868616888952,0.075,0.28048181827432583,-0.033954575825301925,0.0642140605707121,9.183336845460628,9.067304029413945,1.0369984433605488,L
0.9,0.716868616888952,0.08249999999999999,0.2881116739189399,-0.03908895168157639,0.06175013419005257,9.180820702752051,9.07158684265028,1.0347897641926973,L
0.9,0.716868616888952,0.09,0.2958637370812426,-0.04403425616282258,0.059518051815612316,9.177958256924157,9.0757117894179,1.0325262275325142,L
0.9,0.716868616888952,0.0975,0.3037353874734178,-0.04877836595251017,0.05752901966318605,9.17476326081804,9.079694823873183,1.0302072799400441,L
0.9,0.716868616888952,0.105,0.31172375268151287,-0.05330940040449006,0.05579391303403944,9.171250311576935,9.083552688222932,1.0278324063282867,L
0.9,0.716868616888952,0.11249999999999999,0.31982570802249355,-0.05761577695801556,0.054323220849857176,9.167434825512228,9.08730288746147,1.0254011320434713,L
0.9,0.716868616888952,0.12,0.328037877418331,-0.06168626663944021,0.05312699045697564,9.163333009016643,9.090963660441691,1.0229130248953915,L
0.9,0.716868616888952,0.1275,0.33635663532413357,-0.06551004922873732,0.052214773134709416,9.158961825607046,9.094553947358802,1.0203676971269517,L
0.9,0.716868616888952,0.135,0.34477810974097983,-0.0690767676557813,0.05159557075356164,9.154338959211943,9.098093353755639,1.017764807311978,L
0.9,0.716868616888952,0.1425,0.3532981863371098,-0.0723765811829481,0.051277784035040325,9.149482773851348,9.101602111188239,1.0151040621703415,L
0.9,0.716868616888952,0.15,0.36191251369358296,-0.07540021692735172,0.05126916286540231,9.144412269888148,9.10510103471938,1.012385218289522,L
0.9,0.716868616888952,0.1575,0.37061650968242715,-0.07813901927821076,0.05157675911063872,9.139147037060857,9.108611477436078,1.0096080837419046,L
0.9,0.716868616888952,0.16499999999999998,0.37940536897679167,-0.08058499677260056,0.05220688236927651,9.133707204536487,9.112155282213545,1.0067725195873762,L
0.9,0.716868616888952,0.1725,0.38827407168376277,-0.08273086600629798,0.053165059083018995,9.128113388249348,9.115754730973128,1.003878441251151,L
0.9,0.716868616888952,0.18,0.39721739308137116,-0.08457009217551481,0.054455995402965085,9.122386635816204,9.119432491704472,1.0009258197672068,L
0.9,0.716868616888952,0.1875,0.40622991443206613,-0.08609692586997025,0.05608354418125289,9.116548369340304,9.123211563542522,0.9979146828782808,L
0.9,0.716868616888952,0.195,0.41530603483561324,-0.08730643576769476,0.058050676424769854,9.110620326435614,9.127115220207493,0.9948451159840103,L
0.9,0.716868616888952,0.20249999999999999,0.424439984075152,-0.08819453691690954,0.060359457509393644,9.104624499818419,9.131166952130636,0.9917172629295553,L
0.9,0.716868616888952,0.21,0.4336258364011165,-0.088758014329823,0.06301102841056777,9.098583075825584,9.135390407599958,0.9885313266278514,L
0.9,0.716868616888952,0.2175,0.4428575251890083,-0.0889945416567281,0.06600559215942478,9.092518372227282,9.139809333268142,0.9852875695095512,L
0.9,0.716868616888952,0.22499999999999998,0.45212885839874417,-0.08890269475577267,0.06934240568378777,9.086452775706876,9.144447514369624,0.9819863137956825,L
0.9,0.716868616888952,0.23249999999999998,0.4614335347555847,-0.0884819600235145,0.07301977714094013,9.080408679381428,9.149328714994745,0.9786279415890863,L
0.9,0.716868616888952,0.24,0.47076516056560286,-0.08773273740316112,0.07703506879479988,9.074408420733581,9.154476618766676,0.975212894781788,L
0.9,0.716868616888952,0.2475,0.48011726707238256,-0.0866563380404266,0.08138470543490728,9.068474220318867,9.159914770260905,0.9717416747765798,L
0.9,0.716868616888952,0.255,0.48948332825622753,-0.08525497661043924,0.0860641882792404,9.062628121602302,9.165666517498003,0.9682148420222599,L
0.9,0.716868616888952,0.2625,0.4988567789727054,-0.08353175839226812,0.09106811424817876,9.056891932264477,9.171754955828023,0.964633015363144,L
0.9,0.716868616888952,0.27,0.5082310333239092,-0.08149066121961751,0.09639020044375068,9.051287167300462,9.178202873509647,0.960996871204657,L
0.9,0.716868616888952,0.27749999999999997,0.5175995031534458,-0.0791365124862845,0.10202331361742153,9.045834994215028,9.185032699269183,0.9573071424979853,L
0.9,0.716868616888952,0.285,0.5269556165549071,-0.0764749614323289,0.10795950436188856,9.040556180595338,9.192266452104079,0.9535646175479308,L
0.9,0.716868616888952,0.2925,0.5362928362834192,-0.07351244698091769,0.11419004571827901,9.0354710443175,9.199925693573078,0.9497701386492359,L
0.9,0.716868616888952,0.3,0.5456046779608855,-0.07025616143583757,0.12070547585047234,9.030599406616775,9.20803148279074,0.9459246005577261,L
0.9,0.716868616888952,0.3075,0.5548847279676152,-0.06671401038520008,0.12749564440346522,9.025960548223187,9.216604334318253,0.9420289488036512,L
0.9,0.716868616888952,0.315,0.564126660916236,-0.06289456918746061,0.13454976213322198,9.021573168734985,9.225664179115638,0.9380841778555603,L
0.9,0.716868616888952,0.3225,0.5733242566079858,-0.05880703644118834,0.14185645337160668,9.017455349372451,9.235230328692694,0.9340913291439366,L
0.9,0.716868616888952,0.32999999999999996,0.5824714163766769,-0.054461184859818546,0.14940381087201834,9.013624519224306,9.245321442568212,0.9300514889546114,L
0.9,0.716868616888952,0.33749999999999997,0.5915621787316858,-0.04986730998676542,0.1571794525693246,9.010097425068633,9.255955499118802,0.9259657862026932,L
0.9,0.716868616888952,0.345,0.6005907342181902,-0.04503617719475356,0.165170579781613,9.006890104820569,9.267149769871223,0.9218353900983477,L
0.9,0.716868616888952,0.3525,0.6095514394204364,-0.0399789674160691,0.17336403638108364,9.004017864629724,9.27892079726477,0.91766150771628,L
0.9,0.716868616888952,0.36,0.6184388300419681,-0.0347072220478723,0.18174636846681652,9.001495259622502,9.291284375884434,0.9134453814811625,L
0.9,0.716868616888952,0.3675,0.6272476330053605,-0.029232787468930765,0.19030388408294538,8.999336078257642,9.304255537140318,0.90918828658155,L
0.9,0.716868616888952,0.375,0.6359727775229647,-0.023567759591525184,0.19902271254151244,8.99755333023836,9.317848537345448,0.9048915283250006,L
0.9,0.716868616888952,0.3825,0.6446094050993673,-0.017724428855196206,0.2078888629295823,8.996159237901038,9.33207684912198,0.9005564394472012,L
0.9,0.716868616888952,0.39,0.6531528784355568,-0.011715226047936622,0.21688828140450825,8.995165230979225,9.346953156045757,0.8961843773878627,L
0.9,0.716868616888952,0.39749999999999996,0.6615987892140902,-0.005552669315852188,0.22600690690907937,8.99458194462236,9.362489350420748,0.8917767215460198,L
0.9,0.716868616888952,0.40499999999999997,0.6699429647536994,0.0007506873052065544,0.23523072496900133,8.994419220531606,9.37869653405863,0.8873348705271401,L
0.9,0.716868616888952,0.4125,0.6781814735307292,0.007182303532511147,0.24454581926826635,8.994686111060442,9.395585021924443,0.8828602393941288,L
0.9,0.716868616888952,0.42,0.6863106295733888,0.013729700382088483,0.25393842073277456,8.995390886114945,9.413164348497023,0.878354256933911,L
0.9,0.716868616888952,0.4275,0.6943269957429958,0.020380505378520652,0.26339495388856915,8.996541042678578,9.43144327668278,0.8738183629507894,L
0.9,0.716868616888952,0.435,0.7022273859240851,0.027122495224198184,0.27290208029762797,8.998143316778059,9.45042980911319,0.8692540055972293,L
0.9,0.716868616888952,0.4425,0.7100088661523849,0.03394363575746551,0.2824467389108002,9.00020369770103,9.470131201650304,0.8646626387521115,L
0.9,0.716868616888952,0.44999999999999996,0.7176687547161785,0.0408321190630197,0.29201618321368217,9.00272744427228,9.490553978920211,0.8600457194558303,L
0.9,0.716868616888952,0.45749999999999996,0.7252046212724373,0.04777639763119845,0.3015980150765515,9.005719102993302,9.51170395169199,0.855404705410914,L
0.9,0.716868616888952,0.46499999999999997,0.7326142850242627,0.05476521549497271,0.3111802152534647,9.009182527849948,9.533586235919016,0.8507410525561028,L
0.9,0.716868616888952,0.4725,0.7398958120106486,0.06178763630426698,0.32075117050799395,9.013120901594245,9.556205273260145,0.8460562127210655,L
0.9,0.716868616888952,0.48,0.7470475115633112,0.06883306832629449,0.3302996973734534,9.017536758309697,9.579564852900672,0.841351631368152,L
0.9,0.716868616888952,0.4875,0.754067931988358,0.07589128638771364,0.3398150625836389,9.022432007073672,9.603668134496509,0.8366287454267991,L
0.9,0.716868616888952,0.495,0.7609558555329041,0.08295245079938074,0.34928700023589715,9.027807956536162,9.628517672069727,0.8318889812254194,L
0.9,0.716868616888952,0.5025,0.7677102926983722,0.0900071233271224,0.3587057257715527,9.03366534024087,9.65411543868936,0.8271337525248337,L
0.9,0.716868616888952,0.51,0.7743304759632208,0.0970462802922224,0.3680619468793497,9.040004342522098,9.680462851777966,0.8223644586565357,L
0.9,0.716868616888952,0.5175,0.7808158529782064,0.10406132290311793,0.3773468714454902,9.046824624819301,9.707560798891814,0.8175824827683488,L
0.9,0.716868616888952,0.525,0.7871660792970923,0.11104408493514867,0.3865522126891309,9.054125352259973,9.735409663830504,0.8127891901793067,L
0.9,0.716868616888952,0.5325,0.7933810107049734,0.11798683788810349,0.3956701916348441,9.061905220370951,9.764009352940205,0.8079859268449214,L
0.9,0.716868616888952,0.54,0.7994606952051798,0.12488229376184501,0.4046935370836579,9.070162481787825,9.793359321483491,0.8031740179333349,L
0.9,0.716868616888952,0.5475,0.8054053647240603,0.13172360559852603,0.41361548325194714,9.078894972842024,9.823458599957702,0.7983547665122567,L
0.9,0.716868616888952,0.5549999999999999,0.8112154265909266,0.13850436594598464,0.42242976525280895,9.088100139915145,9.854305820252984,0.7935294523460068,L
0.9,0.716868616888952,0.5625,0.8168914548480709,0.1452186034009174,0.4311306125977422,9.097775065459842,9.885899241550083,0.7886993308014617,L
0.9,0.716868616888952,0.57,0.8224341814431363,0.1518607773925659,0.43971274089766355,9.10791649359665,9.918236775867333,0.783865631861218,L
0.9,0.716868616888952,0.5775,0.827844487353257,0.1584257713680396,0.4481713419416795,9.11852085520548,9.951316013175015,0.7790295592418446,L
0.9,0.716868616888952,0.585,0.8331233936873393,0.164908884539222,0.4565020723297908,9.129584292440082,9.985134246004108,0.7741922896147061,L
0.9,0.716868616888952,0.5925,0.8382720528096814,0.1713058223486302,0.4647010408320187,9.141102682602716,10.019688493485017,0.76935497192649,L
0.9,0.716868616888952,0.6,0.8432917395248677,0.17761268580779546,0.4727647946414991,9.153071661324944,10.054975524759879,0.7645187268162622,L
0.9,0.716868616888952,0.6074999999999999,0.8481838423605624,0.18382595985687228,0.4806903046830691,9.165486645008734,10.090991881720067,0.7596846461256157,L
0.9,0.716868616888952,0.615,0.852949854981496,0.18994250088841613,0.4884749501319397,9.178342852489948,10.127733901027902,0.7548537924982626,L
0.9,0.716868616888952,0.6224999999999999,0.857591367764646,0.1959595235717862,0.4961165022894123,9.191635325893515,10.165197735388613,0.750027199065226,L
0.9,0.716868616888952,0.63,0.8621100595623525,0.20187458710753456,0.5036131079543579,9.205358950656622,10.20337937404528,0.7452058692116607,L
0.9,0.716868616888952,0.6375,0.8665076896769397,0.20768558103361226,0.5109632724205412,9.219508474702547,10.242274662475676,0.7403907764212146,L
0.9,0.716868616888952,0.645,0.870786090067335,0.21339071069736937,0.5181658422209365,9.234078526753729,10.281879321275701,0.7355828641937728,L
0.9,0.716868616888952,0.6525,0.8749471578052206,0.2189884824992619,0.525219987731089,9.249063633778036,10.322188964219338,0.7307830460323861,L
0.9,0.716868616888952,0.6599999999999999,0.8789928477954336,0.22447768900603748,0.5321251857344392,9.264458237567224,10.363199115490149,0.7259922054951674,L
0.9,0.716868616888952,0.6675,0.882925165772644,0.22985739402300356,0.5388812020434289,9.280256710450894,10.404905226083489,0.7212111963079569,L
0.9,0.716868616888952,0.6749999999999999,0.886746161583826,0.23512691770692132,0.5454880742612604,9.296453370153486,10.447302689382976,0.7164408425335884,L
0.9,0.716868616888952,0.6825,0.8904579227636753,0.2402858217931481,0.5519460947604344,9.313042493805215,10.4903868559181,0.7116819387936496,L
0.9,0.716868616888952,0.69,0.8940625684079335,0.24533389500295552,0.5582557939457322,9.330018331121158,10.534153047313286,0.7069352505387039,L
0.9,0.716868616888952,0.6975,0.897562243347555,0.25027113868951545,0.5644179238611597,9.3473751167654,10.578596569441492,0.702201514363035,L
0.9,0.716868616888952,0.705,0.9009591126248,0.2550977527739357,0.5704334421926156,9.36510708191955,10.623712724797961,0.6974814383600799,L
0.9,0.716868616888952,0.7125,0.904255356270647,0.2598141220159443,0.5763034967106707,9.383208465076972,10.669496824111938,0.6927757025148379,L
0.9,0.716868616888952,0.72,0.9074531643813942,0.2644208026574211,0.582029410190909,9.401673522085778,10.715944197215991,0.6880849591296694,L
0.9,0.716868616888952,0.7274999999999999,0.9105547324909549,0.2689185094709544,0.5876126658427886,9.420496535465015,10.763050203194158,0.6834098332800402,L
0.9,0.716868616888952,0.735,0.9135622572341423,0.2733081032399837,0.5930548932719335,9.439671823019648,10.810810239831453,0.6787509232969047,L
0.9,0.716868616888952,0.7424999999999999,0.9164779322951714,0.277590578691865,0.5983578549951749,9.459193745780704,10.859219752388261,0.6741088012725756,L
0.9,0.716868616888952,0.75,0.9193039446346871,0.28176705290039544,0.6035234335225359,9.479056715297649,10.908274241724005,0.669484013587078,L
0.9,0.716868616888952,0.7575,0.9220424709878301,0.2858387541699041,0.6085536190156446,9.499255200310456,10.95796927179504,0.6648770814521399,L
0.9,0.716868616888952,0.765,0.9246956746251912,0.2898070114090111,0.613450497527828,9.519783732828978,11.008300476552135,0.660288501470127,L
0.9,0.716868616888952,0.7725,0.9272657023679475,0.2936732439985009,0.6182162398272826,9.540636913647392,11.059263566263166,0.6557187462053852,L
0.9,0.716868616888952,0.78,0.9297546818480363,0.2974389521544941,0.6228530908013068,9.561809417321193,11.110854333286612,0.6511682647656059,L
0.9,0.716868616888952,0.7875,0.9321647190038718,0.3011057077851683,0.6273633594365234,9.583295996634195,11.16306865732156,0.6466374833909855,L
0.9,0.716868616888952,0.7949999999999999,0.9344978958018618,0.30467514583669836,0.6317494093673499,9.605091486582383,11.215902510159527,0.6421268060490938,L
0.9,0.716868616888952,0.8025,0.9367562681738099,0.30814895612180815,0.6360136499826416,9.627190807901167,11.269351959963265,0.6376366150335158,L
0.9,0.716868616888952,0.8099999999999999,0.9389418641601882,0.31152887562234916,0.640158528078415,9.64958897016193,11.323413175097205,0.6331672715644738,L
0.9,0.716868616888952,0.8175,0.941056682249247,0.31481668125562523,0.6441865200428616,9.672281074463164,11.378082427533846,0.6287191163897672,L
0.9,0.716868616888952,0.825,0.9431026899019493,0.3180141830927353,0.6481001245584176,9.695262315740752,11.433356095859683,0.6242924703845096,L
0.9,0.716868616888952,0.8325,0.9450818222528121,0.32112321801600524,0.6519018558044894,9.718527984721243,11.489230667903794,0.6198876351482624,L
0.9,0.716868616888952,0.84,0.9469959809768614,0.32414564380159006,0.6555942371434915,9.74207346954112,11.54570274301149,0.6155048935982895,L
0.9,0.716868616888952,0.8474999999999999,0.9488470333130871,0.32708333361254427,0.6591797952721248,9.765894257054313,11.602769033984746,0.6111445105577733,L
0.9,0.716868616888952,0.855,0.950636811234984,0.32993817088704963,0.6626610548192939,9.789985933849247,11.660426368710391,0.6068067333379439,L
0.9,0.716868616888952,0.8624999999999999,0.9523671107590098,0.33271204460604803,0.6660405333717014,9.81434418699595,11.71867169149628,0.6024917923131794,L
0.9,0.716868616888952,0.87,0.9540396913820465,0.3354068449242368,0.669320736907953,9.838964804542861,11.777502064134964,0.5981999014882313,L
0.9,0.716868616888952,0.8775,0.9556562756392364,0.3380244591482137,0.6725041556219464,9.863843675782025,11.836914666713486,0.5939312590568296,L
0.9,0.716868616888952,0.885,0.9572185487738638,0.34056676804552044,0.6755932601163728,9.888976791300573,11.896906798187242,0.5896860479510027,L
0.9,0.716868616888952,0.8925,0.9587281585112604,0.343035642468385,0.6785904979473261,9.914360242835496,11.957475876734993,0.5854644363805386,L
0.9,0.716868616888952,0.8999999999999999,0.9601867149290333,0.3454329402761092,0.6814982905012709,9.939990222947852,12.018619439911427,0.5812665783620865,L
0.9,0.716868616888952,0.9075,0.9615957904162425,0.34776050354027477,0.6843190301859596,9.96586302453169,12.080335144612732,0.5770926142374707,L
0.9,0.716868616888952,0.9149999999999999,0.9629569197144808,0.35002015601723135,0.6870550779172997,9.991975040172257,12.142620766870118,0.5729426711808601,L
0.9,0.716868616888952,0.9225,0.9642716000341397,0.3522137008726734,0.6897087608846223,10.018322761367056,12.205474201485186,0.5688168636944944,L
0.9,0.716868616888952,0.9299999999999999,0.9655412912394746,0.3543429186435109,0.692282370577327,10.044902777622795,12.268893461520618,0.5647152940927331,L
0.9,0.716868616888952,0.9375,0.9667674160964091,0.35640956542267277,0.6947781610564159,10.071711775440278,12.332876677658696,0.5606380529742376,L
0.9,0.716868616888952,0.945,0.9679513605773364,0.3584153712529407,0.6971983474550084,10.098746537198716,12.39742209743961,0.5565852196821555,L
0.9,0.716868616888952,0.9525,0.9690944742174943,0.36036203871640504,0.6995451046925281,10.12600393995017,12.462528084390778,0.5525568627522169,L
0.9,0.716868616888952,0.96,0.9701980705177978,0.36225124170663753,0.7018205663878667,10.153480954134157,12.528193117057784,0.5485530403486938,L
0.9,0.716868616888952,0.9674999999999999,0.9712634273893133,0.36408462437119626,0.7040268239574559,10.18117464222184,12.594415787946911,0.5445738006882127,L
0.9,0.716868616888952,0.975,0.9722917876348479,0.3658638002126021,0.7061659258847989,10.209082157298567,12.661194802388609,0.5406191824514459,L
0.9,0.716868616888952,0.9824999999999999,0.9732843594634157,0.3675903513364602,0.7082398771486557,10.23720074159289,12.728528977330642,0.5366892151827356,L
0.9,0.716868616888952,0.99,0.9742423170336054,0.36926582783592454,0.7102506387976864,10.265527724959796,12.796417240069268,0.5327839196777346,L
0.9,0.716868616888952,0.9974999999999999,0.975166801022145,0.3708917473022342,0.712200127659985,10.294060523325085,12.864858626925956,0.5289033083591732,L
0.9,0.716868616888952,1.005,0.9760589192142043,0.3724695944515655,0.714090216176537,10.322796637097557,12.933852281876998,0.5250473856408815,L
0.9,0.716868616888952,1.0125,0.9769197471122185,0.37400082085895875,0.7159227323482352,10.35173364955505,13.003397455142599,0.5212161482802201,L
0.9,0.716868616888952,1.02,0.9777503285602462,0.3754868447905722,0.7176994597866584,10.380869225209894,13.073493501741694,0.5174095857190874,L
0.9,0.716868616888952,1.0274999999999999,0.9785516763810947,0.37692905112601416,0.7194221378593972,10.410201108159063,13.144139880018344,0.5136276804136859,L
0.9,0.716868616888952,1.035,0.9793247730236506,0.37832879136296194,0.7210924619212397,10.439727120423695,13.215336150145042,0.5098704081532475,L
0.9,0.716868616888952,1.0425,0.980070571218057,0.37968738369675237,0.7227120836230723,10.469445160282381,13.287081972607885,0.5061377383679251,L
0.9,0.716868616888952,1.05,0.9807899946365598,0.3810061131680563,0.7242826112908523,10.49935320060227,13.359377106678277,0.5024296344260689,L
0.9,0.716868616888952,1.0574999999999999,0.9814839385580285,0.3822862318721871,0.725805610367497,10.529449287171591,13.432221408875378,0.4987460539211161,L
0.9,0.716868616888952,1.065,0.9821532705343196,0.3835289592239951,0.727282603911007,10.55973153703699,13.505614831423197,0.4950869489483249,L
0.9,0.716868616888952,1.0725,0.9827988310568119,0.38473548227269955,0.7287150731425837,10.590198136848707,13.57955742070601,0.4914522663715949,L
0.9,0.716868616888952,1.08,0.9834214342215888,0.38590695606137476,0.7301044580389309,10.62084734121629,13.654049315725274,0.4878419480806136,L
0.9,0.716868616888952,1.0875,0.9840218683918853,0.3870445040261795,0.7314521579633393,10.651677471077441,13.729090746561216,0.48425593123857735,L
0.9,0.716868616888952,1.095,0.9846008968565442,0.38814921843074474,0.7327595323305351,10.682686912082119,13.804682032841713,0.4806941485207338,L
0.9,0.716868616888952,1.1025,0.9851592584833513,0.38922216083146943,0.7340279013006423,10.713874112993972,13.880823582221053,0.47715652834399536,L
0.9,0.716868616888952,1.1099999999999999,0.9856976683662347,0.3902643625697773,0.7352585464979595,10.745237584110898,13.957515888870882,0.47364299508787205,L
0.9,0.716868616888952,1.1175,0.9862168184654171,0.39127682528767976,0.7364527117505757,10.77677589570627,14.034759531985323,0.47015346930697327,L
0.9,0.716868616888952,1.125,0.9867173782397105,0.3922605214632626,0.7376116038471613,10.808487676492254,14.112555174302171,0.4666878679353257,L
0.9,0.716868616888952,1.1325,0.9871999952702404,0.39321639496298216,0.7387363933075664,10.840371612106479,14.190903560641875,0.4632461044827528,L
0.9,0.716868616888952,1.14,0.9876652958749633,0.3941453616078897,0.7398282151641269,10.872426443623057,14.269805516465697,0.4598280892235595,L
0.9,0.716868616888952,1.1475,0.9881138857134317,0.3950483097511464,0.7408881697508475,10.90465096608895,14.349261946454527,0.4564337293777616,L
0.9,0.716868616888952,1.155,0.9885463503813258,0.3959261008643972,0.7419173234978612,10.937044027086392,14.429273833109372,0.45306292928509934,L
0.9,0.716868616888952,1.1624999999999999,0.9889632559943464,0.396779570130784,0.7429167097288052,10.969604525322042,14.509842235374643,0.4497155905720651,L
0.9,0.716868616888952,1.17,0.9893651497611234,0.3976095270425635,0.7438873294589567,11.002331409243471,14.590968287285197,0.4463916123121781,L
0.9,0.716868616888952,1.1775,0.9897525605448516,0.3984167560014771,0.7448301521921752,11.035223675683284,14.672653196637734,0.4430908911797308,L
0.9,0.716868616888952,1.185,0.9901259994134225,0.39920201692018664,0.7457461167148844,11.068280368531298,14.754898243687405,0.43981332159722564,L
0.9,0.716868616888952,1.1925,0.9904859601778679,0.3999660458232466,0.7466361318855004,11.101500577435003,14.837704779870068,0.4365587958767217,L
0.9,0.716868616888952,1.2,0.9908329199189752,0.4007095554462255,0.7475010774178668,11.134883436528437,14.921074226550708,0.4333272043553004,L
