z,c,G_E,G_L,platform_interval_width
0.5,0.45,0.0,0.0,0.0
0.5,0.45125,0.0,0.0,0.0
0.5,0.4525,0.0,0.0,0.0
0.5,0.45375,0.0,0.0,0.0
0.5,0.455,0.0,0.0,0.0
0.5,0.45625,0.0,0.0,0.0
0.5,0.4575,0.0,0.0,0.0
0.5,0.45875,0.0,0.0,0.0
0.5,0.46,0.0,0.0,0.0
0.5,0.46125,0.0,0.0,0.0
0.5,0.4625,0.0,0.0,0.0
0.5,0.46375,0.0,0.0,0.0
0.5,0.465,0.0,0.0,0.0
0.5,0.46625,0.0,0.0,0.0
0.5,0.4675,0.0,0.0,0.0
0.5,0.46875,0.0,0.0,0.0
0.5,0.47000000000000003,0.0,0.0,0.0
0.5,0.47125,0.0,0.0,0.0
0.5,0.47250000000000003,0.0,0.0,0.0
0.5,0.47375,0.0,0.0,0.0
0.5,0.47500000000000003,0.0,0.0,0.0
0.5,0.47625,0.0,0.0,0.0
0.5,0.47750000000000004,0.0,0.0,0.0
0.5,0.47875,0.0,0.0,0.0
0.5,0.48,0.0,0.0,0.0
0.5,0.48125,0.0,0.0,0.0
0.5,0.48250000000000004,0.0,0.0,0.0
0.5,0.48375,0.0,0.0,0.0
0.5,0.485,0.0,0.0,0.0
0.5,0.48625,0.0,0.0,0.0
0.5,0.4875,0.0,0.0,0.0
0.5,0.48875,0.0,0.0,0.0
0.5,0.49,0.0,0.0,0.0
0.5,0.49125,0.0,0.0,0.0
0.5,0.4925,0.0,0.0,0.0
0.5,0.49375,0.0,0.0,0.0
0.5,0.495,0.0,0.0,0.0
0.5,0.49625,0.0,0.0,0.0
0.5,0.4975,0.0,0.0,0.0
0.5,0.49875,0.0,0.0,0.0
0.5,0.5,0.0,0.0,0.0
0.5,0.50125,0.0,0.0,0.0
0.5,0.5025000000000001,0.0,0.0,0.0
0.5,0.50375,0.0,0.0,0.0
0.5,0.505,0.0,0.0,0.0
0.5,0.50625,0.0,0.0,0.0
0.5,0.5075000000000001,0.0,0.0,0.0
0.5,0.50875,0.0,0.0,0.0
0.5,0.51,0.0,0.0,0.0
0.5,0.51125,0.0,0.0,0.0
0.5,0.5125,0.0,0.0,0.0
0.5,0.51375,0.0,0.0,0.0
0.5,0.515,0.0,0.0,0.0
0.5,0.51625,0.0,0.0,0.0
0.5,0.5175000000000001,0.0,0.0,0.0
0.5,0.51875,0.0,0.0,0.0
0.5,0.52,0.0,0.0,0.0
0.5,0.52125,0.0,0.0,0.0
0.5,0.5225,0.0,0.0,0.0
0.5,0.52375,0.0,0.0,0.0
0.5,0.525,0.0,0.0,0.0
0.5,0.52625,0.0,0.0,0.0
0.5,0.5275,0.0,0.0,0.0
0.5,0.52875,0.0,0.0,0.0
0.5,0.53,0.0,0.0,0.0
0.5,0.53125,0.0,0.0,0.0
0.5,0.5325,0.0,0.0,0.0
0.5,0.5337500000000001,0.0,0.0,0.0
0.5,0.535,0.0,0.0,0.0
0.5,0.53625,0.0,0.0,0.0
0.5,0.5375,0.0,0.0,0.0
0.5,0.5387500000000001,0.0,0.0,0.0
0.5,0.54,0.0,0.0,0.0
0.5,0.54125,0.0,0.0,0.0
0.5,0.5425,0.0,0.0,0.0
0.5,0.54375,0.0,0.0,0.0
0.5,0.545,0.0,0.0,0.0
0.5,0.54625,0.0,0.0,0.0
0.5,0.5475,0.0,0.0,0.0
0.5,0.5487500000000001,0.0,0.0,0.0
0.5,0.55,0.0,0.0,0.0
0.5,0.55125,0.0,0.0,0.0
0.5,0.5525,0.0,0.0,0.0
0.5,0.55375,0.0,0.0,0.0
0.5,0.555,0.0,0.0,0.0
0.5,0.55625,0.0,0.0,0.0
0.5,0.5575,0.0,0.0,0.0
0.5,0.55875,0.0,0.0,0.0
0.5,0.56,0.0,0.0,0.0
0.5,0.56125,0.0,0.0,0.0
0.5,0.5625,0.0,0.0,0.0
0.5,0.56375,0.0,0.0,0.0
0.5,0.5650000000000001,0.0,0.0,0.0
0.5,0.56625,0.0,0.0,0.0
0.5,0.5675,0.0,0.0,0.0
0.5,0.56875,0.0,0.0,0.0
0.5,0.5700000000000001,0.0,0.0,0.0
0.5,0.57125,0.0,0.0,0.0
0.5,0.5725,0.0,0.0,0.0
0.5,0.57375,0.0,0.0,0.0
0.5,0.575,0.0,0.0,0.0
0.5,0.57625,0.0,0.0,0.0
0.5,0.5775,0.0,0.0,0.0
0.5,0.57875,0.0,0.0,0.0
0.5,0.5800000000000001,0.0,0.0,0.0
0.5,0.58125,0.0,0.0,0.0
0.5,0.5825,0.0,0.0,0.0
0.5,0.58375,0.0,0.0,0.0
0.5,0.585,0.0,0.0,0.0
0.5,0.58625,0.0,0.0,0.0
0.5,0.5875,0.0,0.0,0.0
0.5,0.58875,0.0,0.0,0.0
0.5,0.5900000000000001,0.0,0.0,0.0
0.5,0.59125,0.0,0.0,0.0
0.5,0.5925,0.0,0.0,0.0
0.5,0.59375,0.0,0.0,0.0
0.5,0.595,0.0,0.0,0.0
0.5,0.59625,0.0,0.0,0.0
0.5,0.5975,0.0,0.0,0.0
0.5,0.59875,0.0,0.0,0.0
0.5,0.6,0.0,0.0,0.0
0.5,0.6012500000000001,0.0,0.0,0.0
0.5,0.6025,0.0,0.0,0.0
0.5,0.60375,0.0,0.0,0.0
0.5,0.605,0.0,0.0,0.0
0.5,0.60625,0.0,0.0,0.0
0.5,0.6075,0.0,0.0,0.0
0.5,0.60875,0.0,0.0,0.0
0.5,0.61,0.0,0.0,0.0
0.5,0.6112500000000001,0.0,0.0,0.0
0.5,0.6125,0.0,0.0,0.0
0.5,0.61375,0.0,0.0,0.0
0.5,0.615,0.0,0.0,0.0
0.5,0.61625,0.0,0.0,0.0
0.5,0.6175,0.0,0.0,0.0
0.5,0.61875,0.0,0.0,0.0
0.5,0.62,0.0,0.0,0.0
0.5,0.6212500000000001,0.0,0.0,0.0
0.5,0.6225,0.0,0.0,0.0
0.5,0.62375,0.0,0.0,0.0
0.5,0.625,0.0,0.0,0.0
0.5,0.62625,0.0,0.0,0.0
0.5,0.6275,0.0,0.0,0.0
0.5,0.62875,0.0,0.0,0.0
0.5,0.63,0.0,0.0,0.0
0.5,0.63125,0.0,0.0,0.0
0.5,0.6325000000000001,0.0,0.0,0.0
0.5,0.63375,0.0,0.0,0.0
0.5,0.635,0.0,0.0,0.0
0.5,0.63625,0.0,0.0,0.0
0.5,0.6375,0.0,0.0,0.0
0.5,0.63875,0.0,0.0,0.0
0.5,0.64,0.0,0.0,0.0
0.5,0.64125,0.0,0.0,0.0
0.5,0.6425000000000001,0.0,0.0,0.0
0.5,0.64375,0.0,0.0,0.0
0.5,0.645,0.0,0.0,0.0
0.5,0.64625,0.0,0.0,0.0
0.5,0.6475,0.0,0.0,0.0
0.5,0.64875,0.0,0.0,0.0
0.5,0.65,0.0,0.0,0.0
0.5,0.65125,0.0,0.0,0.0
0.5,0.6525000000000001,0.0,0.0,0.0
0.5,0.65375,0.0,0.0,0.0
0.5,0.655,0.0,0.0,0.0
0.5,0.65625,0.0,0.0,0.0
0.5,0.6575,0.0,0.0,0.0
0.5,0.65875,0.0,0.0,0.0
0.5,0.66,0.0,0.0,0.0
0.5,0.66125,0.0,0.0,0.0
0.5,0.6625,0.0,0.0,0.0
0.5,0.6637500000000001,0.0,0.0,0.0
0.5,0.665,0.0,0.0,0.0
0.5,0.66625,0.0,0.0,0.0
0.5,0.6675,0.0,0.0,0.0
0.5,0.66875,0.0,0.0,0.0
0.5,0.67,0.0,0.0,0.0
0.5,0.67125,0.0,0.0,0.0
0.5,0.6725,0.0,0.0,0.0
0.5,0.6737500000000001,0.0,0.0,0.0
0.5,0.675,0.0,0.0,0.0
0.5,0.67625,0.0,0.0,0.0
0.5,0.6775,0.0,0.0,0.0
0.5,0.67875,0.0,0.0,0.0
0.5,0.68,0.0,0.0,0.0
0.5,0.68125,0.0,0.0,0.0
0.5,0.6825,0.0,0.0,0.0
0.5,0.6837500000000001,0.0,0.0,0.0
0.5,0.685,0.0,0.0,0.0
0.5,0.68625,0.0,0.0,0.0
0.5,0.6875,0.0,0.0,0.0
0.5,0.68875,0.0,0.0,0.0
0.5,0.69,0.0,0.0,0.0
0.5,0.69125,0.0,0.0,0.0
0.5,0.6925,0.0,0.0,0.0
0.5,0.69375,0.0,0.0,0.0
0.5,0.6950000000000001,0.0,0.0,0.0
0.5,0.69625,0.0,0.0,0.0
0.5,0.6975,0.0,0.0,0.0
0.5,0.69875,0.0,0.0,0.0
0.5,0.7,0.0,0.0,0.0
0.5,0.70125,0.0,0.0,0.0
0.5,0.7025,0.0,0.0,0.0
0.5,0.7037500000000001,0.0,0.0,0.0
0.5,0.7050000000000001,0.0,0.0,0.0
0.5,0.70625,0.0,0.0,0.0
0.5,0.7075,0.0,0.0,0.0
0.5,0.70875,0.0,0.0,0.0
0.5,0.71,0.0,0.0,0.0
0.5,0.7112499999999999,0.0,0.0,0.0
0.5,0.7125,0.0,0.0,0.0
0.5,0.71375,0.0,0.0,0.0
0.5,0.7150000000000001,0.0,0.0,0.0
0.5,0.71625,0.0,0.0,0.0
0.5,0.7175,0.0,0.0,0.0
0.5,0.71875,0.0,0.0,0.0
0.5,0.72,0.0,0.0,0.0
0.5,0.72125,0.0,0.0,0.0
0.5,0.7225,0.0,0.0,0.0
0.5,0.72375,0.0,0.0,0.0
0.5,0.7250000000000001,0.0,0.0,0.0
0.5,0.7262500000000001,0.0,0.0,0.0
0.5,0.7275,0.0,0.0,0.0
0.5,0.72875,0.0,0.0,0.0
0.5,0.73,0.0,0.0,0.0
0.5,0.73125,0.0,0.0,0.0
0.5,0.7325,0.0,0.0,0.0
0.5,0.73375,0.0,0.0,0.0
0.5,0.7350000000000001,0.0,0.0,0.0
0.5,0.7362500000000001,0.0,0.0,0.0
0.5,0.7375,0.0,0.0,0.0
0.5,0.73875,0.0,0.0,0.0
0.5,0.74,0.0,0.0,0.0
0.5,0.74125,0.0,0.0,0.0
0.5,0.7424999999999999,0.0,0.0,0.0
0.5,0.74375,0.0,0.0,0.0
0.5,0.745,0.0,0.0,0.0
0.5,0.7462500000000001,0.0,0.0,0.0
0.5,0.7475,0.0,0.0,0.0
0.5,0.74875,0.0,0.0,0.0
0.5,0.75,0.0,0.0,0.0
0.5,0.75125,0.0,0.0,0.0
0.5,0.7525,0.0,0.0,0.0
0.5,0.75375,0.0,0.0,0.0
0.5,0.755,0.0,0.0,0.0
0.5,0.7562500000000001,0.0,0.0,0.0
0.5,0.7575000000000001,0.0,0.0,0.0
0.5,0.75875,0.0,0.0,0.0
0.5,0.76,0.0,0.0,0.0
0.5,0.76125,0.0,0.0,0.0
0.5,0.7625,0.0,0.0,0.0
0.5,0.76375,0.0,0.0,0.0
0.5,0.765,0.0,0.0,0.0
0.5,0.7662500000000001,0.0,0.0,0.0
0.5,0.7675000000000001,0.0,0.0,0.0
0.5,0.76875,0.0,0.0,0.0
0.5,0.77,0.0,0.0,0.0
0.5,0.77125,0.0,0.0,0.0
0.5,0.7725,0.0,0.0,0.0
0.5,0.7737499999999999,0.0,0.0,0.0
0.5,0.775,0.0,0.0,0.0
0.5,0.77625,0.0,0.0,0.0
0.5,0.7775000000000001,0.0,0.0,0.0
0.5,0.77875,0.0,0.0,0.0
0.5,0.78,0.0,0.0,0.0
0.5,0.78125,0.0,0.0,0.0
0.5,0.7825,0.0,0.0,0.0
0.5,0.78375,0.0,0.0,0.0
0.5,0.785,0.0,0.0,0.0
0.5,0.78625,0.0,0.0,0.0
0.5,0.7875000000000001,0.0,0.0,0.0
0.5,0.7887500000000001,0.0,0.0,0.0
0.5,0.79,0.0,0.0,0.0
0.5,0.79125,0.0,0.0,0.0
0.5,0.7925,0.0,0.0,0.0
0.5,0.79375,0.0,0.0,0.0
0.5,0.795,0.0,0.0,0.0
0.5,0.79625,0.0,0.0,0.0
0.5,0.7975000000000001,0.0,0.0,0.0
0.5,0.7987500000000001,0.0,0.0,0.0
0.5,0.8,0.0,0.0,0.0
0.5,0.80125,0.0,0.0,0.0
0.5,0.8025,0.0,0.0,0.0
0.5,0.80375,0.0,0.0,0.0
0.5,0.8049999999999999,0.0,0.0,0.0
0.5,0.80625,0.0,0.0,0.0
0.5,0.8075,0.0,0.0,0.0
0.5,0.8087500000000001,0.0,0.0,0.0
0.5,0.81,0.0,0.0,0.0
0.5,0.81125,0.0,0.0,0.0
0.5,0.8125,0.0,0.0028849645608141944,0.0028849645608141944
0.5,0.81375,0.0,0.01909133327541093,0.01909133327541093
0.5,0.815,0.0,0.03527740629795784,0.03527740629795784
0.5,0.81625,0.0,0.051443235784154225,0.051443235784154225
0.5,0.8175,0.0,0.06758887368451091,0.06758887368451091
0.5,0.8187500000000001,0.0,0.08371437174543701,0.08371437174543701
0.5,0.8200000000000001,0.0,0.09981978151031813,0.09981978151031813
0.5,0.82125,0.0,0.11590515432061312,0.11590515432061312
0.5,0.8225,0.0,0.13197054131689687,0.13197054131689687
0.5,0.82375,0.0,0.1480159934399577,0.1480159934399577
0.5,0.825,0.0,0.16404156143182094,0.16404156143182094
0.5,0.82625,0.0,0.18004729583682844,0.18004729583682844
0.5,0.8275,0.0,0.1960332470026519,0.1960332470026519
0.5,0.8287500000000001,0.0,0.21199946508135598,0.21199946508135598
0.5,0.8300000000000001,0.0,0.22794600003040927,0.22794600003040927
0.5,0.83125,0.0,0.24387290161370645,0.24387290161370645
0.5,0.8325,0.0,0.2597802194025989,0.2597802194025989
0.5,0.83375,0.0,0.2756680027768839,0.2756680027768839
0.5,0.835,0.0,0.2915363009258215,0.2915363009258215
0.5,0.8362499999999999,0.0,0.3073851628491149,0.3073851628491149
0.5,0.8375,0.0,0.32321463735792083,0.32321463735792083
0.5,0.83875,0.0,0.33902477307580053,0.33902477307580053
0.5,0.8400000000000001,0.0,0.35481561843972614,0.35481561843972614
0.5,0.84125,0.0,0.3705872217010328,0.3705872217010328
0.5,0.8425,0.0,0.38633963092638124,0.38633963092638124
0.5,0.84375,0.0,0.40207289399872564,0.40207289399872564
0.5,0.845,0.0,0.4177870586182502,0.4177870586182502
0.5,0.84625,0.0,0.43348217230332425,0.43348217230332425
0.5,0.8475,0.0,0.44915828239143096,0.44915828239143096
0.5,0.84875,0.0,0.4648154360401085,0.4648154360401085
0.5,0.8500000000000001,0.0,0.48045368022786716,0.48045368022786716
0.5,0.8512500000000001,0.0,0.496073061755109,0.496073061755109
0.5,0.8525,0.0,0.5116736272450569,0.5116736272450569
0.5,0.85375,0.0,0.527255423144638,0.527255423144638
0.5,0.855,0.0,0.5428184957254093,0.5428184957254093
0.5,0.85625,0.0,0.5583628910844342,0.5583628910844342
0.5,0.8575,0.0,0.5738886551451894,0.5738886551451894
0.5,0.85875,0.0,0.58939583365843,0.58939583365843
0.5,0.8600000000000001,0.0,0.6048844722030933,0.6048844722030933
0.5,0.8612500000000001,0.0,0.6203546161871513,0.6203546161871513
0.5,0.8625,0.0,0.6358063108484826,0.6358063108484826
0.5,0.86375,0.0,0.6512396012557478,0.6512396012557478
0.5,0.865,0.0,0.6666545323092262,0.6666545323092262
0.5,0.86625,0.0,0.6820511487416833,0.6820511487416833
0.5,0.8674999999999999,0.0,0.697429495119203,0.697429495119203
0.5,0.86875,0.0,0.7127896158420435,0.7127896158420435
0.5,0.87,0.0,0.7281315551454518,0.7281315551454518
0.5,0.8712500000000001,0.0,0.7434553571005159,0.7434553571005159
0.5,0.8725,0.0,0.7587610656149725,0.7587610656149725
0.5,0.87375,0.0066297377786533095,0.7740487244340277,0.7674189866553744
0.5,0.875,0.016438468334570282,0.7893183771411851,0.7728799088066148
0.5,0.87625,0.0262375871980603,0.8045700671590316,0.7783324799609712
0.5,0.8775,0.03602711318789988,0.8198038377500692,0.7837767245621693
0.5,0.87875,0.04580706506766839,0.8350197320174819,0.7892126669498135
0.5,0.88,0.05557746154593519,0.8502177929059561,0.7946403313600209
0.5,0.8812500000000001,0.06533832127648902,0.865398063202457,0.8000597419259681
0.5,0.8825000000000001,0.07508966285855315,0.8805605855370049,0.8054709226784518
0.5,0.88375,0.08483150483698564,0.8957054023834787,0.8108738975464931
0.5,0.885,0.09456386570250908,0.9108325560603572,0.8162686903578481
0.5,0.88625,0.10428676389189881,0.925942088731519,0.8216553248396201
0.5,0.8875,0.1140002177882183,0.9410340424069799,0.8270338246187615
0.5,0.88875,0.1237042457210034,0.956108458943676,0.8324042132226727
0.5,0.89,0.13339886596648415,0.9711653800461949,0.8377665140797108
0.5,0.8912500000000001,0.14308409674779055,0.9862048472675478,0.8431207505197572
0.5,0.8925000000000001,0.1527599562351474,1.0012269020099003,0.8484669457747529
0.5,0.89375,0.16242646254609885,1.0162315855253141,0.8538051229792153
0.5,0.895,0.17208363374568633,1.0312189389164979,0.8591353051708115
0.5,0.89625,0.18173148784667786,1.0461890031375134,0.8644575152908356
0.5,0.8975,0.1913700428097417,1.0611418189945299,0.8697717761847882
0.5,0.8987499999999999,0.20099931654367775,1.0760774271465186,0.8750781106028408
0.5,0.9,0.21061932690558702,1.0909958681060012,0.8803765412004142
0.5,0.90125,0.2202300917010927,1.1058971822397337,0.885667090538641
0.5,0.9025000000000001,0.22983162868452697,1.1207814097694395,0.8909497810849125
0.5,0.90375,0.23942395555912743,1.1356485907724974,0.8962246352133699
0.5,0.905,0.2490070899772457,1.150498765182651,0.9014916752054054
0.5,0.90625,0.2585810495405166,1.165331972790708,0.9067509232501916
0.5,0.9075,0.2681458518000867,1.180148253245219,0.9120024014451322
0.5,0.90875,0.27770151425677086,1.1949476460531823,0.9172461317964113
0.5,0.91,0.2872480543612787,1.20973019058071,0.9224821362194313
0.5,0.91125,0.2967854895143756,1.2244959260537214,0.9277104365393458
0.5,0.9125000000000001,0.30631383706709375,1.2392448915586178,0.9329310544915241
0.5,0.9137500000000001,0.31583311432091626,1.2539771260429298,0.9381440117220134
0.5,0.915,0.32534333852795483,1.2686926683160267,0.9433493297880718
0.5,0.91625,0.3348445268911591,1.2833915570497374,0.9485470301585783
0.5,0.9175,0.3443366965644793,1.2980738307790416,0.9537371342145623
0.5,0.91875,0.3538198646530728,1.3127395279027017,0.9589196632496289
0.5,0.92,0.3632940482134719,1.3273886866839286,0.9640946384704567
0.5,0.92125,0.37275926425378036,1.3420213452510248,0.9692620809972444
0.5,0.9225000000000001,0.3822155297338518,1.3566375415980236,0.9744220118641718
0.5,0.9237500000000001,0.39166286156546803,1.3712373135853295,0.9795744520198615
0.5,0.925,0.40110127661253275,1.3858206989403543,0.9847194223278215
0.5,0.92625,0.4105307916912347,1.4003877352581602,0.9898569435669256
0.5,0.9275,0.41995142357024573,1.4149384600020651,0.9949870364318194
0.5,0.92875,0.4293631889708814,1.4294729105042907,1.0001097215334094
0.5,0.9299999999999999,0.4387661045673005,1.4439911239665586,1.005225019399258
0.5,0.93125,0.4481601869866587,1.458493137460732,1.0103329504740732
0.5,0.9325,0.45754545280930214,1.472978987929408,1.0154335351201058
0.5,0.9337500000000001,0.4669219185689381,1.4874487121865425,1.0205267936176043
0.5,0.935,0.47628960075280513,1.5019023469180395,1.0256127461652342
0.5,0.93625,0.4856485158018564,1.5163399286823669,1.0306914128805105
0.5,0.9375,0.49499868011092113,1.5307614939111571,1.035762813800236
0.5,0.93875,0.5043401100288922,1.5451670789097842,1.040826968880892
0.5,0.94,0.5136728218588757,1.5595567198579785,1.0458838979991028
0.5,0.94125,0.5229968318583881,1.5739304528103903,1.0509336209520024
0.5,0.9425,0.5323121562395036,1.5882883136971986,1.0559761574576951
0.5,0.9437500000000001,0.5416188111690351,1.6026303383246783,1.0610115271556433
0.5,0.9450000000000001,0.5509168127687022,1.6169565623757685,1.0660397496070662
0.5,0.94625,0.5602061771152886,1.6312670214106737,1.071060844295385
0.5,0.9475,0.569486920240829,1.6455617508674083,1.0760748306265793
0.5,0.94875,0.5787590581327493,1.6598407860623845,1.0810817279296352
0.5,0.95,0.5880226067340582,1.674104162190955,1.0860815554568968
0.5,0.9512499999999999,0.5972775819434848,1.6883519143280015,1.0910743323845167
0.5,0.9525000000000001,0.6065239996156722,1.7025840774284615,1.0960600778127894
0.5,0.9537500000000001,0.6157618755613116,1.7168006863279026,1.1010388107665912
0.5,0.9550000000000001,0.6249912255473181,1.731001775743076,1.1060105501957578
0.5,0.95625,0.634212065297004,1.7451873802724447,1.1109753149754407
0.5,0.9575,0.6434244104902108,1.7593575343967527,1.115933123906542
0.5,0.95875,0.652628276763499,1.7735122724795453,1.1208839957160464
0.5,0.96,0.6618236797102816,1.787651628767724,1.1258279490574425
0.5,0.9612499999999999,0.6710106348810086,1.8017756373920655,1.130765002511057
0.5,0.9624999999999999,0.680189157783296,1.815884332367773,1.1356951745844768
0.5,0.9637500000000001,0.6893592638821118,1.8299777475949874,1.1406184837128757
0.5,0.9650000000000001,0.698520968599909,1.8440559168593205,1.1455349482594115
0.5,0.96625,0.707674287316789,1.8581188738323866,1.1504445865155977
0.5,0.9675,0.7168192353706696,1.8721666520723013,1.1553474167016318
0.5,0.96875,0.7259558280574149,1.8861992850242264,1.1602434569668114
0.5,0.97,0.7350840806310127,1.900216806020855,1.1651327253898422
0.5,0.97125,0.7442040083037045,1.9142192482829483,1.1700152399792438
0.5,0.9724999999999999,0.7533156262461628,1.928206644919821,1.1748910186736583
0.5,0.9737500000000001,0.7624189495876191,1.9421790289298673,1.1797600793422482
0.5,0.9750000000000001,0.7715139934160228,1.956136433201046,1.1846224397850231
0.5,0.9762500000000001,0.780600772778205,1.970078890511385,1.18947811773318
0.5,0.9775,0.7896793026800007,1.9840064335294916,1.1943271308494907
0.5,0.97875,0.7987495980864291,1.9979190948150205,1.1991694967285915
0.5,0.98,0.8078116739218086,2.011816906819195,1.2040052328973863
0.5,0.98125,0.8168655450699365,2.0256999018852606,1.2088343568153241
0.5,0.9824999999999999,0.8259112263742031,2.0395681122490052,1.2136568858748022
0.5,0.9837500000000001,0.8349487326377724,2.053421570039217,1.2184728374014444
0.5,0.9850000000000001,0.8439780786236957,2.067260307278167,1.2232822286544713
0.5,0.9862500000000001,0.8529992790550736,2.081084355882108,1.2280850768270344
0.5,0.9875,0.8620123486152027,2.094893747661715,1.2328813990465124
0.5,0.98875,0.8710173019477031,2.108688514322592,1.237671212374889
0.5,0.99,0.8800141536566812,2.1224686874657084,1.2424545338090272
0.5,0.99125,0.8890029183068504,2.136234298587893,1.2472313802810426
0.5,0.9924999999999999,0.8979836104236966,2.1499853790822763,1.2520017686585798
0.5,0.9937500000000001,0.9069562444935968,2.163721960238772,1.256765715745175
0.5,0.9950000000000001,0.915920834963966,2.1774440732445153,1.2615232382805492
0.5,0.9962500000000001,0.924877396243412,2.191151749184327,1.266274352940915
0.5,0.9975,0.933825942701848,2.2048450190411852,1.2710190763393372
0.5,0.99875,0.942766488670657,2.218523913696637,1.2757574250259798
0.5,1.0,0.9516990484428047,2.23218846393129,1.2804894154884854
0.5,1.00125,0.9606236362730033,2.245838700425222,1.2852150641522186
0.5,1.0025,0.9695402663778188,2.2594746537584522,1.2899343873806335
0.5,1.00375,0.9784489529358353,2.273096354411363,1.2946474014755278
0.5,1.0050000000000001,0.987349710087769,2.286703832765153,1.299354122677384
0.5,1.00625,0.9962425519366085,2.3002971191022556,1.3040545671656472
0.5,1.0075,1.0051274925477613,2.31387624360679,1.3087487510590285
0.5,1.00875,1.0140045459491656,2.3274412363649875,1.313436690415822
0.5,1.01,1.022873726131447,2.3409921273656105,1.3181184012341636
0.5,1.01125,1.0317350470480229,2.354528946500401,1.322793899452378
0.5,1.0125,1.0405885226152667,2.368051723564471,1.3274632009492042
0.5,1.01375,1.049434166712607,2.381560488256765,1.332126321544158
0.5,1.0150000000000001,1.0582719931826863,2.3950552701804444,1.3367832769977581
0.5,1.01625,1.0671020158314686,2.4085360988433187,1.34143408301185
0.5,1.0175,1.0759242484283766,2.422003003658271,1.3460787552298945
0.5,1.01875,1.0847387047064354,2.4354560139436496,1.3507173092372142
0.5,1.02,1.0935453983623695,2.4488951589236976,1.355349760561328
0.5,1.02125,1.1023443430567643,2.4623204677289436,1.3599761246721793
0.5,1.0225,1.1111355524141648,2.4757319693966258,1.364596416982461
0.5,1.02375,1.1199190400232248,2.489129692871076,1.3692106528478514
0.5,1.0250000000000001,1.128694819436817,2.5025136670041412,1.3738188475673243
0.5,1.02625,1.1374629041721596,2.5158839205555648,1.3784210163834052
0.5,1.0275,1.1462233077109603,2.52924048219339,1.3830171744824296
0.5,1.02875,1.1549760434995098,2.5425833804943707,1.387607336994861
0.5,1.03,1.1637211249488362,2.5559126439443323,1.392191518995496
0.5,1.03125,1.1724585654348025,2.5692283009385957,1.3967697355037931
0.5,1.0325,1.1811883782982526,2.582530379782334,1.4013420014840812
0.5,1.03375,1.1899105768451097,2.5958189086909913,1.4059083318458816
0.5,1.035,1.198625174346521,2.609093915790636,1.4104687414441148
0.5,1.0362500000000001,1.207332184038962,2.6223554291183726,1.4150232450794107
0.5,1.0375,1.216031619124361,2.635603476622693,1.419571857498332
0.5,1.03875,1.224723492770231,2.6488380861638765,1.4241145933936454
0.5,1.04,1.2334078181097683,2.6620592855143577,1.4286514674045894
0.5,1.04125,1.2420846082419945,2.6752671023590953,1.4331824941171007
0.5,1.0425,1.2507538762318515,2.6884615642959613,1.4377076880641098
0.5,1.04375,1.2594156351103434,2.7016426988360855,1.4422270637257422
0.5,1.045,1.26806989787463,2.714810533404252,1.4467406355296217
0.5,1.0462500000000001,1.2767166774881693,2.727965095339239,1.4512484178510696
0.5,1.0475,1.2853559868808107,2.741106411894197,1.4557504250133861
0.5,1.04875,1.2939878389489206,2.754234510237016,1.4602466712880955
0.5,1.05,1.3026122465555077,2.7673494174506694,1.4647371708951618
0.5,1.05125,1.3112292225303177,2.780451160533591,1.4692219380032734
0.5,1.0525,1.31983877966997,2.7935397664000137,1.4737009867300437
0.5,1.05375,1.3284409307380467,2.8066152618803373,1.4781743311422906
0.5,1.055,1.337035688465235,2.819677673721471,1.482641985256236
0.5,1.0562500000000001,1.3456230655494141,2.8327270285871995,1.4871039630377854
0.5,1.0575,1.3542030746557803,2.8457633530585102,1.49156027840273
0.5,1.05875,1.362775728416965,2.8587866736339547,1.4960109452169896
0.5,1.06,1.3713410394331265,2.871797016729998,1.5004559772968717
0.5,1.06125,1.3798990202720882,2.8847944086813464,1.5048953884092582
0.5,1.0625,1.3884496834694209,2.8977788757413054,1.5093291922718846
0.5,1.06375,1.3969930415285774,2.9107504440821033,1.5137574025535259
0.5,1.065,1.4055291069209814,2.923709139795248,1.5181800328742665
0.5,1.06625,1.4140578920861586,2.936654988891842,1.5225970968056834
0.5,1.0675000000000001,1.4225794094318225,2.94958801730294,1.5270086078711174
0.5,1.06875,1.4310936713339966,2.962508250879856,1.5314145795458596
0.5,1.07,1.4396006901371265,2.975415715394515,1.5358150252573886
0.5,1.07125,1.44810047815417,2.988310436539778,1.540209958385608
0.5,1.0725,1.456593047666725,3.001192439929759,1.5445993922630339
0.5,1.07375,1.465078410925112,3.0140617511001655,1.5489833401750535
0.5,1.075,1.4735565801485084,3.026918395508607,1.5533618153600985
0.5,1.07625,1.4820275675250254,3.0397623985349354,1.55773483100991
0.5,1.0775000000000001,1.4904913852118387,3.0525937854815495,1.5621024002697108
0.5,1.07875,1.4989480453352726,3.065412581573717,1.5664645362384444
0.5,1.08,1.5073975599909128,3.0782188119599048,1.570821251968992
0.5,1.08125,1.5158399412437202,3.0910125017120764,1.5751725604683562
0.5,1.0825,1.5242752011281109,3.1037936758260263,1.5795184746979154
0.5,1.08375,1.5327033516480844,3.1165623592216667,1.5838590075735823
0.5,1.085,1.541124404777305,3.1293185767433656,1.5881941719660606
0.5,1.08625,1.5495383724592222,3.1420623531602323,1.59252398070101
0.5,1.0875000000000001,1.557945266607156,3.154793713166447,1.596848446559291
0.5,1.08875,1.5663450991044046,3.167512681381546,1.6011675822771416
0.5,1.09,1.5747378818043556,3.1802192823507394,1.6054814005463838
0.5,1.09125,1.583123626530564,3.1929135405452147,1.6097899140146508
0.5,1.0925,1.5915023450768784,3.2055954803624256,1.6140931352855472
0.5,1.09375,1.5998740492075127,3.218265126126411,1.618391076918898
0.5,1.095,1.608238750657175,3.2309225020880703,1.6226837514308954
0.5,1.09625,1.6165964611311336,3.2435676324254854,1.6269711712943518
0.5,1.0975,1.6249471923053507,3.2562005412441897,1.631253348938839
0.5,1.0987500000000001,1.6332909558265472,3.2688212525774887,1.6355302967509415
0.5,1.1,1.6416277633123204,3.2814297903867256,1.6398020270744051
0.5,1.10125,1.64995762635124,3.29402617856159,1.64406855221035
0.5,1.1025,1.6582805565029317,3.3066104409204082,1.6483298844174765
0.5,1.10375,1.6665965652981927,3.319182601210414,1.6525860359122213
0.5,1.105,1.674905664239066,3.331742683108055,1.6568370188689892
0.5,1.10625,1.6832078647989572,3.3442907102192585,1.6610828454203013
0.5,1.1075,1.6915031784227101,3.3568267060797394,1.6653235276570293
0.5,1.1087500000000001,1.6997916165267188,3.3693506941552527,1.6695590776285338
0.5,1.11,1.7080731904990074,3.3818626978418926,1.6737895073428852
0.5,1.11125,1.7163479116993305,3.394362740466375,1.6780148287670444
0.5,1.1125,1.7246157914592721,3.4068508452862973,1.6822350538270252
0.5,1.11375,1.7328768410823256,3.4193270354904377,1.686450194408112
0.5,1.115,1.7411310718440018,3.431791334199001,1.690660262354999
0.5,1.11625,1.7493784949919042,3.4442437644639288,1.6948652694720245
0.5,1.1175,1.7576191217458392,3.456684349269134,1.699065227523295
0.5,1.1187500000000001,1.7658529632978934,3.4691131115308025,1.703260148232909
0.5,1.12,1.774080030812526,3.481530074097641,1.7074500432851152
0.5,1.12125,1.7823003354266764,3.4939352597511513,1.7116349243244748
0.5,1.1225,1.7905138882498262,3.506328691205913,1.7158148029560867
0.5,1.12375,1.7987207003641201,3.518710391109818,1.7199896907456977
0.5,1.125,1.8069207828244254,3.5310803820443657,1.7241595992199403
0.5,1.12625,1.8151141466584502,3.5434386865249,1.72832453986645
0.5,1.1275,1.823300802866809,3.555785327000895,1.732484524134086
0.5,1.12875,1.831480762423127,3.5681203258561878,1.7366395634330607
0.5,1.1300000000000001,1.8396540362741187,3.580443705409264,1.7407896691351454
0.5,1.13125,1.8478206353396769,3.592755487913501,1.7449348525738242
0.5,1.1325,1.8559805705129715,3.605055695557415,1.7490751250444434
0.5,1.13375,1.8641338526605171,3.617344350464946,1.753210497804429
0.5,1.135,1.8722804926222818,3.6296214746956776,1.7573409820733958
0.5,1.13625,1.8804205012117508,3.641887090245116,1.7614665890333652
0.5,1.1375,1.8885538892160356,3.6541412190449183,1.7655873298288827
0.5,1.13875,1.8966806673959369,3.6663838829631685,1.7697032155672316
0.5,1.1400000000000001,1.9048008464860544,3.6786151038046007,1.7738142573185463
0.5,1.14125,1.9129144371948479,3.6908349033108565,1.7779204661160086
0.5,1.1425,1.9210214502047345,3.703043303160744,1.7820218529560097
0.5,1.14375,1.9291218961721794,3.715240324970462,1.7861184287982828
0.5,1.145,1.9372157857277639,3.7274259902938573,1.7902102045660935
0.5,1.14625,1.9453031294762828,3.73960032062266,1.794297191146377
0.5,1.1475,1.9533839379968163,3.751763337386735,1.7983793993899186
0.5,1.14875,1.9614582218428287,3.7639150619543034,1.8024568401114747
0.5,1.1500000000000001,1.9695259915422307,3.7760555156322138,1.806529524089983
0.5,1.15125,1.9775872575974756,3.7881847196661376,1.810597462068662
0.5,1.1525,1.9856420304856457,3.8003026952408425,1.8146606647551968
0.5,1.15375,1.9936903206585141,3.8124094634804138,1.8187191428218996
0.5,1.155,2.001732138542651,3.824505045448481,1.8227729069058296
0.5,1.15625,2.009767494539483,3.8365894621484706,1.8268219676089879
0.5,1.1575,2.0177963990253884,3.848662734523813,1.8308663354984245
0.5,1.15875,2.025818862351767,3.860724883458205,1.834906021106438
0.5,1.16,2.0338348948451332,3.872775929775804,1.838941034930671
0.5,1.1612500000000001,2.0418445068071818,3.8848158942414908,1.842971387434309
0.5,1.1625,2.0498477085148714,3.896844797561072,1.8469970890462006
0.5,1.16375,2.057844510220516,3.9088626603815153,1.8510181501609995
0.5,1.165,2.0658349221518413,3.920869503291186,1.855034581139345
0.5,1.16625,2.0738189545120873,3.932865346820049,1.8590463923079619
0.5,1.1675,2.0817966174800624,3.9448502114399173,1.863053593959855
0.5,1.16875,2.089767921210247,3.9568241175646475,1.8670561963544006
0.5,1.17,2.0977328758328415,3.9687870855503893,1.8710542097175478
0.5,1.1712500000000001,2.105691491453878,3.9807391356957806,1.8750476442419028
0.5,1.1725,2.1136437781552626,3.992680288242178,1.8790365100869155
0.5,1.17375,2.121589745994875,4.004610563373883,1.8830208173790082
0.5,1.175,2.1295294050066413,4.016529981218335,1.887000576211694
0.5,1.17625,2.137462765200598,4.028438561846363,1.8909757966457645
0.5,1.1775,2.145389836562989,4.040336325272358,1.8949464887093694
0.5,1.17875,2.153310629056313,4.052223291454526,1.8989126623982129
0.5,1.18,2.161225152619431,4.064099480295069,1.9028743276756384
0.5,1.1812500000000001,2.1691334171676107,4.075964911640424,1.9068314944728137
0.5,1.1825,2.1770354325926182,4.087819605281455,1.9107841726888366
0.5,1.18375,2.1849312087627957,4.099663580953663,1.914732372190867
0.5,1.185,2.1928207555231145,4.111496858337414,1.9186761028142998
0.5,1.18625,2.2007040826952813,4.1233194570581215,1.9226153743628402
0.5,1.1875,2.208581200077772,4.135131396686476,1.9265501966087042
0.5,1.18875,2.2164521174459444,4.146932696738626,1.930480579292682
0.5,1.19,2.224316844552077,4.158723376676415,1.9344065321243376
0.5,1.19125,2.232175391125469,4.170503455907549,1.93832806478208
0.5,1.1925000000000001,2.2400277668724913,4.182272953785835,1.9422451869133441
0.5,1.19375,2.2478739814766686,4.194031889611354,1.9461579081346856
0.5,1.195,2.2557140445987565,4.205780282630675,1.9500662380319187
0.5,1.19625,2.2635479658767954,4.21751815203706,1.953970186160265
0.5,1.1975,2.271375754926205,4.229245516970649,1.957869762044444
0.5,1.19875,2.2791974213398296,4.240962396518677,1.9617649751788475
0.5,1.2,2.2870129746880323,4.252668809715648,1.9656558350276159
0.5,1.20125,2.2948224245187445,4.264364775543554,1.9695423510248098
0.5,1.2025000000000001,2.3026257803575567,4.276050312932056,1.9734245325744992
0.5,1.20375,2.310423051707769,4.2877254407586785,1.9773023890509096
0.5,1.205,2.3182142480504675,4.299390177849018,1.9811759297985505
0.5,1.20625,2.325999378844606,4.31104454297691,1.9850451641323046
0.5,1.2075,2.33377845352705,4.322688554864653,1.9889101013376034
0.5,1.20875,2.3415514815126706,4.334322232183167,1.9927707506704966
0.5,1.21,2.349318472194392,4.3459455935522096,1.9966271213578177
0.5,1.21125,2.357079434943277,4.357558657540544,2.0004792225972667
0.5,1.2125000000000001,2.3648343791085824,4.36916144266615,2.0043270635575676
0.5,1.21375,2.3725833140178287,4.380753967396385,2.008170653378556
0.5,1.215,2.3803262489768766,4.392336250148188,2.012010001171311
0.5,1.21625,2.388063193269978,4.40390830928827,2.015845116018292
0.5,1.2175,2.395794156159863,4.4154701631332784,2.0196760069734156
0.5,1.21875,2.403519146887784,4.427021829950003,2.023502683062219
0.5,1.22,2.4112381746736036,4.438563327955534,2.0273251532819305
0.5,1.22125,2.418951248715841,4.450094675317477,2.0311434266016355
0.5,1.2225,2.426658378191756,4.461615890154097,2.0349575119623413
0.5,1.2237500000000001,2.4343595722574003,4.473126990534538,2.0387674182771374
0.5,1.225,2.442054840047684,4.484627994478967,2.0425731544312833
0.5,1.22625,2.449744190676457,4.49611891995877,2.0463747292823125
0.5,1.2275,2.4574276332365477,4.507599784896736,2.0501721516601883
0.5,1.22875,2.465105176799855,4.519070607167218,2.053965430367363
0.5,1.23,2.4727768304173856,4.53053140459633,2.057754574178944
0.5,1.23125,2.4804426031193425,4.541982194962096,2.0615395918427537
0.5,1.2325,2.4881025039151656,4.5534229959946515,2.065320492079486
0.5,1.2337500000000001,2.4957565417936234,4.564853825376398,2.0690972835827743
0.5,1.235,2.503404725722845,4.5762747007421805,2.0728699750193353
0.5,1.23625,2.5110470646504024,4.587685639679476,2.0766385750290737
0.5,1.2375,2.5186835675033765,4.599086659728537,2.080403092225161
0.5,1.23875,2.5263142431884016,4.610477778382591,2.084163535194189
0.5,1.24,2.5339391005917475,4.62185901308798,2.0879199124962327
0.5,1.24125,2.5415581485793646,4.633230381244367,2.0916722326650024
0.5,1.2425,2.5491713959969617,4.6445919002048655,2.0954205042079037
0.5,1.2437500000000001,2.556778851670054,4.655943587276238,2.099164735606184
0.5,1.245,2.564380524404028,4.667285459719042,2.102904935315014
0.5,1.24625,2.571976422984215,4.678617534747809,2.1066411117635937
0.5,1.2475,2.5795665561759282,4.68993982953121,2.1103732733552816
0.5,1.24875,2.58715093272455,4.7012523611922035,2.1141014284676536
0.5,1.25,2.5947295613555674,4.712555146808229,2.1178255854526613
0.5,1.25125,2.602302450774657,4.723848203411335,2.121545752636678
0.5,1.2525,2.609869609667718,4.735131547988376,2.1252619383206586
0.5,1.25375,2.6174310467009607,4.746405197481143,2.128974150780182
0.5,1.2550000000000001,2.62498677052094,4.7576691687865535,2.1326823982656133
0.5,1.25625,2.632536789754629,4.768923478756786,2.1363866890021574
0.5,1.2575,2.6400811130094826,4.780168144199453,2.1400870311899705
0.5,1.25875,2.647619748873477,4.791403181877768,2.1437834330042906
0.5,1.26,2.6551527059151954,4.802628608510677,2.1474759025954815
0.5,1.26125,2.662679992683856,4.813844440773049,2.151164448089193
0.5,1.2625,2.6702016177093983,4.825050695295802,2.154849077586404
0.5,1.26375,2.6777175895025183,4.836247388666086,2.158529799163568
0.5,1.2650000000000001,2.685227916554748,4.847434537427416,2.1622066208726682
0.5,1.26625,2.6927326073384905,4.858612158079836,2.1658795507413457
0.5,1.2675,2.700231670307093,4.869780267080081,2.169548596772988
0.5,1.26875,2.7077251138949037,4.880938880841712,2.1732137669468083
0.5,1.27,2.7152129465173127,4.892088015735292,2.1768750692179797
0.5,1.27125,2.722695176570836,4.903227688088508,2.180532511517672
0.5,1.2725,2.7301718124331407,4.914357914186354,2.1841861017532134
0.5,1.27375,2.7376428624631286,4.925478710271256,2.1878358478081275
0.5,1.2750000000000001,2.7451083350009755,4.9365900925432395,2.191481757542264
0.5,1.27625,2.752568238368188,4.947692077160067,2.195123838791879
0.5,1.2775,2.760022580867675,4.958784680237385,2.19876209936971
0.5,1.27875,2.7674713707837792,4.969867917848894,2.2023965470651143
0.5,1.28,2.774914616382352,4.980941806026461,2.206027189644109
0.5,1.28125,2.782352325910798,4.992006360760304,2.2096540348495064
0.5,1.2825,2.7897845075981342,5.003061597999098,2.2132770904009638
0.5,1.28375,2.797211169655042,5.014107533650158,2.216896363995116
0.5,1.285,2.804632320273927,5.0251441835795525,2.2205118633056253
0.5,1.2862500000000001,2.8120479676289634,5.036171563612275,2.224123595983311
0.5,1.2875,2.8194581198761544,5.047189689532362,2.227731569656208
0.5,1.28875,2.826862785153393,5.05819857708305,2.2313357919296566
0.5,1.29,2.834261971580497,5.069198241966922,2.234936270386425
0.5,1.29125,2.8416556872592844,5.080188699846031,2.238533012586746
0.5,1.2925,2.8490439402736056,5.091169966342062,2.2421260260684566
0.5,1.29375,2.8564267386894158,5.102142057036455,2.2457153183470395
0.5,1.295,2.863804090554811,5.113104987470558,2.2493008969157464
0.5,1.2962500000000001,2.871176003900095,5.124058773145754,2.2528827692456592
0.5,1.2975,2.8785424867378184,5.1350034295236044,2.256460942785786
0.5,1.29875,2.8859035470628402,5.145938972025993,2.260035424963153
0.5,1.3,2.893259192852381,5.156865416035253,2.263606223182872
0.5,1.30125,2.9006094320660636,5.167782776894315,2.2671733448282514
0.5,1.3025,2.907954272645981,5.178691069906825,2.270736797260844
0.5,1.30375,2.9152937225167284,5.189590310337303,2.274296587820575
0.5,1.305,2.9226277895854778,5.200480513411256,2.2778527238257786
0.5,1.3062500000000001,2.929956481742005,5.211361694315332,2.2814052125733264
0.5,1.3075,2.9372798068587573,5.222233868197436,2.2849540613386785
0.5,1.30875,2.9445977727908996,5.233097050166868,2.2884992773759683
0.5,1.31,2.9519103873763606,5.243951255294474,2.292040867918113
0.5,1.31125,2.9592176584358936,5.254796498612743,2.2955788401768493
0.5,1.3125,2.9665195937731084,5.265632795115973,2.299113201342865
0.5,1.31375,2.973816201174547,5.276460159760375,2.302643958585828
0.5,1.315,2.9811074884097075,5.287278607464228,2.3061711190545204
0.5,1.31625,2.9883934632311138,5.298088153107978,2.309694689876864
0.5,1.3175000000000001,2.9956741333743513,5.308888811534402,2.3132146781600507
0.5,1.31875,3.00294950655812,5.319680597548707,2.3167310909905874
0.5,1.32,3.0102195904842937,5.330463525918673,2.3202439354343793
0.5,1.32125,3.017484392837951,5.34123761137478,2.3237532185368286
0.5,1.3225,3.0247439212874427,5.35200286861033,2.3272589473228873
0.5,1.32375,3.0319981834844207,5.362759312281578,2.3307611287971572
0.5,1.325,3.0392471870639075,5.3735069570078515,2.334259769943944
0.5,1.32625,3.0464909396443236,5.384245817371688,2.337754877727364
0.5,1.3275000000000001,3.0537294488275553,5.394975907918941,2.341246459091386
0.5,1.32875,3.060962722198987,5.405697243158918,2.344734520959931
0.5,1.33,3.068190767327552,5.416409837564507,2.348219070236955
0.5,1.33125,3.0754135917657925,5.427113705572287,2.3517001138064946
0.5,1.3325,3.0826312030498877,5.4378088615826625,2.355177658532775
0.5,1.33375,3.0898436086997196,5.448495319959972,2.358651711260252
0.5,1.335,3.0970508162189003,5.459173095032629,2.3621222788137284
0.5,1.33625,3.104252833094841,5.469842201093219,2.3655893679983784
0.5,1.3375000000000001,3.1114496667987783,5.48050265239865,2.369052985599872
0.5,1.33875,3.1186413247858327,5.491154463170239,2.3725131383844063
0.5,1.34,3.125827814495053,5.501797647593855,2.375969833098802
0.5,1.34125,3.1330091433494593,5.512432219820035,2.3794230764705753
0.5,1.3425,3.1401853187560964,5.523058193964087,2.382872875207991
0.5,1.34375,3.1473563481060625,5.533675584106239,2.386319236000176
0.5,1.345,3.154522238774582,5.544284404291712,2.3897621655171304
0.5,1.34625,3.161682998121021,5.554884668530888,2.393201670409867
0.5,1.3475,3.1688386334889587,5.565476390799381,2.396637757310422
0.5,1.3487500000000001,3.175989152206216,5.576059585038184,2.400070432831968
0.5,1.35,3.1831345615849025,5.586634265153771,2.4034997035688686
0.5,1.35125,3.190274868921475,5.597200445018206,2.4069255760967314
0.5,1.3525,3.1974100814967565,5.607758138469281,2.4103480569725244
0.5,1.35375,3.204540206576013,5.6183073593106005,2.4137671527345876
0.5,1.355,3.2116652514089665,5.628848121311724,2.4171828699027573
0.5,1.35625,3.2187852232298644,5.63938043820825,2.420595214978386
0.5,1.3575,3.2259001292575045,5.649904323701957,2.4240041944444526
0.5,1.3587500000000001,3.233009976695294,5.660419791460894,2.4274098147656002
0.5,1.36,3.2401147727312813,5.670926855119498,2.430812082388216
0.5,1.36125,3.247214524538205,5.68142552827872,2.4342110037405154
0.5,1.3625,3.2543092392735433,5.691915824506111,2.437606585232568
0.5,1.36375,3.261398924079542,5.702397757335956,2.440998833256414
0.5,1.365,3.2684835860832777,5.712871340269358,2.4443877541860806
0.5,1.36625,3.2755632323966766,5.723336586774379,2.4477733543777025
0.5,1.3675,3.2826378701165835,5.733793510286118,2.4511556401695342
0.5,1.3687500000000001,3.2897075063247843,5.7442421242068455,2.4545346178820613
0.5,1.37,3.296772148088054,5.754682441906091,2.457910293818037
0.5,1.37125,3.3038318024582085,5.765114476720763,2.4612826742625544
0.5,1.3725,3.310886476472131,5.775538241955253,2.464651765483122
0.5,1.37375,3.317936177151831,5.785953750881538,2.4680175737297074
0.5,1.375,3.324980911504467,5.796361016739302,2.4713801052348345
0.5,1.37625,3.33202068652241,5.806760052736011,2.474739366213601
0.5,1.3775,3.3390555091832637,5.817150872047056,2.478095362863792
0.5,1.37875,3.346085386449927,5.827533487815831,2.481448101365904
0.5,1.3800000000000001,3.3531103252706145,5.83790791315385,2.4847975878832353
0.5,1.38125,3.360130332578912,5.848274161140845,2.488143828561933
0.5,1.3825,3.367145415293817,5.858632244824867,2.49148682953105
0.5,1.38375,3.374155580319767,5.86898217722241,2.494826596902643
0.5,1.385,3.381160834546702,5.879323971318479,2.4981631367717774
0.5,1.38625,3.388161184850077,5.889657640066732,2.501496455216655
0.5,1.3875,3.3951566380909335,5.89998319638954,2.5048265582986065
0.5,1.38875,3.4021472011159113,5.910300653178131,2.5081534520622193
0.5,1.3900000000000001,3.4091328807573125,5.920610023292655,2.5114771425353424
0.5,1.39125,3.4161136838331227,5.930911319562304,2.514797635729181
0.5,1.3925,3.4230896171470597,5.941204554785416,2.518114937638356
0.5,1.39375,3.430060687488619,5.9514897417295565,2.5214290542409374
0.5,1.395,3.4370269016330974,5.96176689313164,2.5247399914985422
0.5,1.39625,3.443988266341653,5.972036021698005,2.5280477553563525
0.5,1.3975,3.450944788361322,5.982297140104542,2.5313523517432204
0.5,1.39875,3.457896474425082,5.992550260996756,2.534653786571674
0.5,1.4000000000000001,3.4648433312518674,6.002795396989905,2.5379520657380374
0.5,1.40125,3.471785365546624,6.013032560669062,2.541247195122438
0.5,1.4025,3.4787225840003484,6.023261764589225,2.544539180588876
0.5,1.40375,3.4856549932901113,6.033483021275431,2.5478280279853194
0.5,1.405,3.49258260007912,6.043696343222819,2.551113743143699
0.5,1.40625,3.4995054110167274,6.053901742896755,2.554396331880028
0.5,1.4075,3.5064234327385035,6.06409923273291,2.5576757999944064
0.5,1.40875,3.5133366718662407,6.0742888251373675,2.560952153271127
0.5,1.41,3.5202451350080195,6.0844705324867006,2.564225397478681
0.5,1.4112500000000001,3.527148828758228,6.094644367128096,2.5674955383698674
0.5,1.4125,3.5340477596976037,6.1048103413794115,2.570762581681808
0.5,1.41375,3.5409419343932824,6.114968467529297,2.574026533136015
0.5,1.415,3.5478313593988164,6.125118757837283,2.5772873984384668
0.5,1.41625,3.554716041254233,6.1352612245338545,2.5805451832796216
0.5,1.4175,3.56159598648605,6.145395879820576,2.5837998933345263
0.5,1.41875,3.5684712016073328,6.155522735870154,2.587051534262821
0.5,1.42,3.575341693117715,6.165641804826546,2.5903001117088307
0.5,1.4212500000000001,3.582207467503451,6.175753098805044,2.5935456313015934
0.5,1.4225,3.589068531237439,6.185856629892366,2.596788098654927
0.5,1.42375,3.5959248907792594,6.1959524101467585,2.600027519367499
0.5,1.425,3.6027765525752242,6.206040451598063,2.6032638990228385
0.5,1.42625,3.609623523058398,6.216120766247833,2.6064972431894353
0.5,1.4275,3.616465808648641,6.226193366069402,2.6097275574207606
0.5,1.42875,3.6233034157526456,6.236258263007988,2.6129548472553425
0.5,1.43,3.6301363507639723,6.246315468980766,2.616179118216794
0.5,1.4312500000000001,3.636964620063081,6.256364995876981,2.6194003758139
0.5,1.4325,3.6437882300173716,6.266406855558009,2.6226186255406376
0.5,1.43375,3.6506071869812216,6.276441059857457,2.6258338728762354
0.5,1.435,3.6574214972960117,6.286467620581263,2.629046123285251
0.5,1.43625,3.664231167290177,6.2964865495077555,2.6322553822175787
0.5,1.4375,3.671036203279222,6.306497858387768,2.6354616551085464
0.5,1.43875,3.677836611565779,6.316501558944705,2.6386649473789263
0.5,1.44,3.6846323984396174,6.326497662874645,2.6418652644350273
0.5,1.4412500000000001,3.6914235701777063,6.336486181846404,2.645062611668698
0.5,1.4425000000000001,3.6982101330442236,6.346467127501647,2.6482569944574235
0.5,1.44375,3.7049920932906044,6.356440511454953,2.6514484181643487
0.5,1.445,3.711769457155582,6.366406345293911,2.654636888138329
0.5,1.44625,3.7185422308652,6.376364640579202,2.6578224097140017
0.5,1.4475,3.7253104206328747,6.386315408844672,2.661004988211797
0.5,1.44875,3.7320740326594,6.396258661597441,2.6641846289380413
0.5,1.45,3.738833073133011,6.406194410317952,2.6673613371849414
